phase,year,boite,masque_40,masque_prop
Phase_1_debut,1981,50.937984466552734,50.937984466552734,50.937984466552734
Phase_1_debut,1982,38.729679107666016,38.729679107666016,38.729679107666016
Phase_1_debut,1983,47.56959915161133,38.41824722290039,38.41824722290039
Phase_1_debut,1984,43.633514404296875,43.633514404296875,43.633514404296875
Phase_1_debut,1985,66.36090850830078,54.402984619140625,54.402984619140625
Phase_1_debut,1986,37.958595275878906,28.579607009887695,28.579607009887695
Phase_1_debut,1987,82.7259750366211,65.99090576171875,65.99090576171875
Phase_1_debut,1988,50.552364349365234,47.850521087646484,47.850521087646484
Phase_1_debut,1989,85.5930404663086,85.5930404663086,85.5930404663086
Phase_1_debut,1990,46.006229400634766,46.006229400634766,46.006229400634766
Phase_1_debut,1991,33.496883392333984,33.496883392333984,33.496883392333984
Phase_1_debut,1992,43.807456970214844,40.142822265625,43.807456970214844
Phase_1_debut,1993,40.43468475341797,35.61017990112305,35.61017990112305
Phase_1_debut,1994,35.121604919433594,19.01807403564453,21.00568199157715
Phase_1_debut,1995,34.521705627441406,34.521705627441406,34.521705627441406
Phase_1_debut,1996,45.816890716552734,40.94035720825195,40.94035720825195
Phase_1_debut,1997,39.158931732177734,39.158931732177734,39.158931732177734
Phase_1_debut,1998,34.524776458740234,34.524776458740234,34.524776458740234
Phase_1_debut,1999,31.107275009155273,31.107275009155273,31.107275009155273
Phase_1_debut,2000,33.50483322143555,33.50483322143555,33.50483322143555
Phase_1_debut,2001,49.01310348510742,49.01310348510742,49.01310348510742
Phase_1_debut,2002,46.793704986572266,43.060211181640625,43.060211181640625
Phase_1_debut,2003,44.444374084472656,44.444374084472656,44.444374084472656
Phase_1_debut,2004,30.439847946166992,28.466089248657227,28.466089248657227
Phase_1_debut,2005,36.43072509765625,36.43072509765625,36.43072509765625
Phase_1_debut,2006,33.498233795166016,32.04097366333008,32.04097366333008
Phase_1_debut,2007,27.361255645751953,25.351318359375,25.351318359375
Phase_1_debut,2008,51.119327545166016,49.81572341918945,49.81572341918945
Phase_1_debut,2009,49.65398406982422,49.65398406982422,49.65398406982422
Phase_1_debut,2010,33.526363372802734,33.526363372802734,33.526363372802734
Phase_1_debut,2011,30.0263671875,19.410490036010742,30.0263671875
Phase_1_debut,2012,32.00873947143555,29.3908634185791,29.3908634185791
Phase_1_debut,2013,24.734233856201172,23.069591522216797,23.069591522216797
Phase_1_debut,2014,36.119659423828125,35.76954650878906,35.76954650878906
Phase_1_debut,2015,11.725854873657227,10.67510986328125,10.67510986328125
Phase_1_debut,2016,16.119182586669922,16.119182586669922,16.119182586669922
Phase_1_debut,2017,43.82313537597656,43.82313537597656,43.82313537597656
Phase_1_debut,2018,37.518516540527344,37.518516540527344,37.518516540527344
Phase_1_debut,2019,47.08907699584961,47.08907699584961,47.08907699584961
Phase_1_debut,2020,59.830291748046875,59.830291748046875,59.830291748046875
Phase_1_debut,2021,33.989017486572266,33.75028991699219,33.75028991699219
Phase_1_debut,2022,46.854888916015625,46.854888916015625,46.854888916015625
Phase_1_debut,2023,32.365509033203125,30.832178115844727,30.832178115844727
Phase_2_pleine,1981,129.42462158203125,129.42462158203125,129.42462158203125
Phase_2_pleine,1982,70.63470458984375,70.63470458984375,70.63470458984375
Phase_2_pleine,1983,55.45345687866211,55.45345687866211,55.45345687866211
Phase_2_pleine,1984,127.062255859375,79.58905792236328,127.062255859375
Phase_2_pleine,1985,231.35137939453125,171.60330200195312,171.60330200195312
Phase_2_pleine,1986,87.42090606689453,87.42090606689453,87.42090606689453
Phase_2_pleine,1987,68.318115234375,68.318115234375,68.318115234375
Phase_2_pleine,1988,108.63570404052734,73.05683135986328,74.8228530883789
Phase_2_pleine,1989,84.86627197265625,84.86627197265625,84.86627197265625
Phase_2_pleine,1990,80.98273468017578,80.98273468017578,80.98273468017578
Phase_2_pleine,1991,108.89346313476562,90.94447326660156,90.94447326660156
Phase_2_pleine,1992,120.72540283203125,120.72540283203125,120.72540283203125
Phase_2_pleine,1993,79.15388488769531,72.34339141845703,72.34339141845703
Phase_2_pleine,1994,81.3619155883789,79.19412231445312,79.19412231445312
Phase_2_pleine,1995,101.77967071533203,101.77967071533203,101.77967071533203
Phase_2_pleine,1996,114.87606811523438,106.5212173461914,106.5212173461914
Phase_2_pleine,1997,87.44339752197266,68.76456451416016,87.44339752197266
Phase_2_pleine,1998,78.78951263427734,73.68966674804688,73.68966674804688
Phase_2_pleine,1999,102.98931884765625,79.29814147949219,102.98931884765625
Phase_2_pleine,2000,54.34563064575195,54.34563064575195,54.34563064575195
Phase_2_pleine,2001,73.27954864501953,67.43378448486328,73.27954864501953
Phase_2_pleine,2002,65.00466918945312,62.412147521972656,62.412147521972656
Phase_2_pleine,2003,73.70531463623047,69.10646057128906,73.70531463623047
Phase_2_pleine,2004,101.67520141601562,94.13218688964844,94.13218688964844
Phase_2_pleine,2005,66.7884521484375,66.7884521484375,66.7884521484375
Phase_2_pleine,2006,70.505126953125,69.23300170898438,69.23300170898438
Phase_2_pleine,2007,62.30385208129883,62.262027740478516,62.262027740478516
Phase_2_pleine,2008,97.3091049194336,97.3091049194336,97.3091049194336
Phase_2_pleine,2009,132.57249450683594,132.57249450683594,132.57249450683594
Phase_2_pleine,2010,77.82579803466797,60.966278076171875,65.22904205322266
Phase_2_pleine,2011,97.63451385498047,97.63451385498047,97.63451385498047
Phase_2_pleine,2012,76.14567565917969,75.54381561279297,76.14567565917969
Phase_2_pleine,2013,101.13345336914062,101.13345336914062,101.13345336914062
Phase_2_pleine,2014,109.72108459472656,109.72108459472656,109.72108459472656
Phase_2_pleine,2015,96.33183288574219,71.50834655761719,96.33183288574219
Phase_2_pleine,2016,76.8514633178711,66.32422637939453,66.32422637939453
Phase_2_pleine,2017,96.02400207519531,88.00059509277344,88.00059509277344
Phase_2_pleine,2018,80.50111389160156,76.5616455078125,86.30750274658203
Phase_2_pleine,2019,88.360595703125,88.360595703125,88.360595703125
Phase_2_pleine,2020,83.08626556396484,82.86478424072266,82.86478424072266
Phase_2_pleine,2021,79.54053497314453,78.25206756591797,78.25206756591797
Phase_2_pleine,2022,89.7369155883789,89.7369155883789,89.7369155883789
Phase_2_pleine,2023,82.86581420898438,76.93618774414062,76.93618774414062
Phase_3_fin,1981,81.41297149658203,81.41297149658203,81.41297149658203
Phase_3_fin,1982,29.678245544433594,26.503501892089844,29.678245544433594
Phase_3_fin,1983,50.653011322021484,50.653011322021484,50.653011322021484
Phase_3_fin,1984,102.45309448242188,64.77827453613281,64.77827453613281
Phase_3_fin,1985,74.5801010131836,70.10228729248047,74.5801010131836
Phase_3_fin,1986,61.058448791503906,61.058448791503906,61.058448791503906
Phase_3_fin,1987,102.44486236572266,102.44486236572266,102.44486236572266
Phase_3_fin,1988,69.99507904052734,69.99507904052734,69.99507904052734
Phase_3_fin,1989,66.40432739257812,36.70122528076172,66.40432739257812
Phase_3_fin,1990,32.20023727416992,28.24282455444336,32.20023727416992
Phase_3_fin,1991,62.01670837402344,61.216400146484375,61.216400146484375
Phase_3_fin,1992,51.87052536010742,44.06473159790039,44.06473159790039
Phase_3_fin,1993,51.59762191772461,51.59762191772461,51.59762191772461
Phase_3_fin,1994,101.28107452392578,101.28107452392578,101.28107452392578
Phase_3_fin,1995,60.86387634277344,60.86387634277344,60.86387634277344
Phase_3_fin,1996,33.29849624633789,33.29849624633789,42.95668411254883
Phase_3_fin,1997,52.14558410644531,52.14558410644531,52.14558410644531
Phase_3_fin,1998,89.59623718261719,68.55294036865234,68.55294036865234
Phase_3_fin,1999,64.98664855957031,53.62025833129883,64.23189544677734
Phase_3_fin,2000,65.39484405517578,65.39484405517578,65.39484405517578
Phase_3_fin,2001,34.67162322998047,34.67162322998047,34.67162322998047
Phase_3_fin,2002,51.243408203125,51.243408203125,51.243408203125
Phase_3_fin,2003,60.2150764465332,60.2150764465332,60.2150764465332
Phase_3_fin,2004,56.38066482543945,56.38066482543945,56.38066482543945
Phase_3_fin,2005,76.16307067871094,76.16307067871094,76.16307067871094
Phase_3_fin,2006,73.2702865600586,73.2702865600586,73.2702865600586
Phase_3_fin,2007,56.868289947509766,56.868289947509766,56.868289947509766
Phase_3_fin,2008,45.98435592651367,37.54765701293945,38.258445739746094
Phase_3_fin,2009,63.698673248291016,57.79124450683594,63.698673248291016
Phase_3_fin,2010,73.4427719116211,67.87049865722656,67.87049865722656
Phase_3_fin,2011,45.33799743652344,45.33799743652344,45.33799743652344
Phase_3_fin,2012,79.01329803466797,79.01329803466797,79.01329803466797
Phase_3_fin,2013,58.60124969482422,58.60124969482422,58.60124969482422
Phase_3_fin,2014,48.32762145996094,48.32762145996094,48.32762145996094
Phase_3_fin,2015,73.49162292480469,73.49162292480469,73.49162292480469
Phase_3_fin,2016,76.09160614013672,76.09160614013672,76.09160614013672
Phase_3_fin,2017,44.02443313598633,44.02443313598633,48.97678756713867
Phase_3_fin,2018,86.33179473876953,86.33179473876953,86.33179473876953
Phase_3_fin,2019,78.18696594238281,78.18696594238281,78.18696594238281
Phase_3_fin,2020,83.64278411865234,71.25538635253906,71.25538635253906
Phase_3_fin,2021,84.35863494873047,67.5794906616211,67.5794906616211
Phase_3_fin,2022,68.26066589355469,64.68502044677734,64.68502044677734
Phase_3_fin,2023,47.094539642333984,47.094539642333984,47.094539642333984
