Date,   NINA34 
1981-01-01,   -0.450
1981-02-01,   -0.450
1981-03-01,   -0.020
1981-04-01,   -0.170
1981-05-01,   -0.110
1981-06-01,   -0.150
1981-07-01,   -0.430
1981-08-01,   -0.180
1981-09-01,   -0.070
1981-10-01,   -0.030
1981-11-01,   -0.270
1981-12-01,    0.070
1982-01-01,   -0.040
1982-02-01,   -0.130
1982-03-01,   -0.020
1982-04-01,    0.240
1982-05-01,    0.650
1982-06-01,    0.920
1982-07-01,    0.640
1982-08-01,    0.930
1982-09-01,    1.390
1982-10-01,    2.000
1982-11-01,    2.070
1982-12-01,    2.330
1983-01-01,    2.430
1983-02-01,    2.220
1983-03-01,    1.690
1983-04-01,    1.120
1983-05-01,    1.120
1983-06-01,    0.620
1983-07-01,   -0.110
1983-08-01,   -0.130
1983-09-01,   -0.500
1983-10-01,   -1.030
1983-11-01,   -1.130
1983-12-01,   -0.950
1984-01-01,   -0.800
1984-02-01,   -0.530
1984-03-01,   -0.480
1984-04-01,   -0.600
1984-05-01,   -0.640
1984-06-01,   -0.900
1984-07-01,   -0.400
1984-08-01,   -0.400
1984-09-01,   -0.350
1984-10-01,   -0.830
1984-11-01,   -1.180
1984-12-01,   -1.530
1985-01-01,   -0.890
1985-02-01,   -0.910
1985-03-01,   -0.960
1985-04-01,   -0.980
1985-05-01,   -0.900
1985-06-01,   -0.760
1985-07-01,   -0.610
1985-08-01,   -0.490
1985-09-01,   -0.570
1985-10-01,   -0.640
1985-11-01,   -0.430
1985-12-01,   -0.400
1986-01-01,   -0.790
1986-02-01,   -0.640
1986-03-01,   -0.510
1986-04-01,   -0.410
1986-05-01,   -0.470
1986-06-01,   -0.080
1986-07-01,    0.160
1986-08-01,    0.240
1986-09-01,    0.590
1986-10-01,    0.900
1986-11-01,    1.040
1986-12-01,    0.980
1987-01-01,    1.190
1987-02-01,    1.170
1987-03-01,    1.240
1987-04-01,    0.890
1987-05-01,    0.910
1987-06-01,    1.240
1987-07-01,    1.340
1987-08-01,    1.480
1987-09-01,    1.530
1987-10-01,    1.360
1987-11-01,    1.290
1987-12-01,    1.050
1988-01-01,    0.690
1988-02-01,    0.350
1988-03-01,    0.290
1988-04-01,   -0.490
1988-05-01,   -1.050
1988-06-01,   -1.460
1988-07-01,   -1.540
1988-08-01,   -1.440
1988-09-01,   -1.330
1988-10-01,   -2.090
1988-11-01,   -2.180
1988-12-01,   -1.980
1989-01-01,   -1.950
1989-02-01,   -1.370
1989-03-01,   -1.330
1989-04-01,   -1.110
1989-05-01,   -0.800
1989-06-01,   -0.640
1989-07-01,   -0.470
1989-08-01,   -0.580
1989-09-01,   -0.380
1989-10-01,   -0.400
1989-11-01,   -0.300
1989-12-01,   -0.130
1990-01-01,    0.020
1990-02-01,    0.360
1990-03-01,    0.200
1990-04-01,    0.260
1990-05-01,    0.320
1990-06-01,    0.000
1990-07-01,    0.150
1990-08-01,    0.170
1990-09-01,    0.120
1990-10-01,    0.130
1990-11-01,    0.080
1990-12-01,    0.320
1991-01-01,    0.510
1991-02-01,    0.320
1991-03-01,    0.100
1991-04-01,    0.210
1991-05-01,    0.440
1991-06-01,    0.650
1991-07-01,    0.620
1991-08-01,    0.430
1991-09-01,    0.220
1991-10-01,    0.910
1991-11-01,    1.140
1991-12-01,    1.620
1992-01-01,    1.610
1992-02-01,    1.620
1992-03-01,    1.500
1992-04-01,    1.410
1992-05-01,    1.270
1992-06-01,    0.530
1992-07-01,    0.270
1992-08-01,   -0.150
1992-09-01,   -0.140
1992-10-01,   -0.350
1992-11-01,   -0.140
1992-12-01,    0.040
1993-01-01,    0.280
1993-02-01,    0.420
1993-03-01,    0.470
1993-04-01,    0.920
1993-05-01,    0.930
1993-06-01,    0.640
1993-07-01,    0.330
1993-08-01,    0.160
1993-09-01,    0.260
1993-10-01,    0.360
1993-11-01,    0.280
1993-12-01,    0.190
1994-01-01,    0.030
1994-02-01,   -0.160
1994-03-01,   -0.060
1994-04-01,    0.030
1994-05-01,    0.140
1994-06-01,    0.270
1994-07-01,    0.160
1994-08-01,    0.520
1994-09-01,    0.400
1994-10-01,    0.900
1994-11-01,    1.140
1994-12-01,    1.210
1995-01-01,    1.100
1995-02-01,    0.870
1995-03-01,    0.490
1995-04-01,    0.270
1995-05-01,    0.030
1995-06-01,    0.080
1995-07-01,    0.030
1995-08-01,   -0.380
1995-09-01,   -0.570
1995-10-01,   -0.720
1995-11-01,   -0.780
1995-12-01,   -0.720
1996-01-01,   -0.650
1996-02-01,   -0.660
1996-03-01,   -0.480
1996-04-01,   -0.340
1996-05-01,   -0.400
1996-06-01,   -0.120
1996-07-01,   -0.140
1996-08-01,   -0.300
1996-09-01,   -0.340
1996-10-01,   -0.280
1996-11-01,   -0.300
1996-12-01,   -0.430
1997-01-01,   -0.430
1997-02-01,   -0.240
1997-03-01,   -0.060
1997-04-01,    0.340
1997-05-01,    0.870
1997-06-01,    1.150
1997-07-01,    1.600
1997-08-01,    1.940
1997-09-01,    2.100
1997-10-01,    2.290
1997-11-01,    2.420
1997-12-01,    2.300
1998-01-01,    2.420
1998-02-01,    2.080
1998-03-01,    1.490
1998-04-01,    0.900
1998-05-01,    0.680
1998-06-01,   -0.390
1998-07-01,   -0.730
1998-08-01,   -0.830
1998-09-01,   -0.820
1998-10-01,   -1.190
1998-11-01,   -1.230
1998-12-01,   -1.510
1999-01-01,   -1.530
1999-02-01,   -1.410
1999-03-01,   -0.920
1999-04-01,   -0.810
1999-05-01,   -0.870
1999-06-01,   -0.950
1999-07-01,   -0.840
1999-08-01,   -0.980
1999-09-01,   -0.840
1999-10-01,   -1.030
1999-11-01,   -1.410
1999-12-01,   -1.540
2000-01-01,   -1.790
2000-02-01,   -1.530
2000-03-01,   -1.260
2000-04-01,   -0.800
2000-05-01,   -0.800
2000-06-01,   -0.750
2000-07-01,   -0.570
2000-08-01,   -0.360
2000-09-01,   -0.390
2000-10-01,   -0.550
2000-11-01,   -0.750
2000-12-01,   -0.920
2001-01-01,   -0.880
2001-02-01,   -0.630
2001-03-01,   -0.480
2001-04-01,   -0.300
2001-05-01,   -0.300
2001-06-01,   -0.110
2001-07-01,    0.010
2001-08-01,   -0.070
2001-09-01,   -0.280
2001-10-01,   -0.260
2001-11-01,   -0.280
2001-12-01,   -0.460
2002-01-01,   -0.140
2002-02-01,    0.000
2002-03-01,    0.110
2002-04-01,    0.140
2002-05-01,    0.210
2002-06-01,    0.680
2002-07-01,    0.570
2002-08-01,    0.700
2002-09-01,    0.820
2002-10-01,    1.160
2002-11-01,    1.410
2002-12-01,    1.410
2003-01-01,    0.980
2003-02-01,    0.640
2003-03-01,    0.480
2003-04-01,   -0.030
2003-05-01,   -0.520
2003-06-01,   -0.190
2003-07-01,    0.140
2003-08-01,    0.050
2003-09-01,    0.150
2003-10-01,    0.460
2003-11-01,    0.390
2003-12-01,    0.320
2004-01-01,    0.260
2004-02-01,    0.170
2004-03-01,   -0.100
2004-04-01,    0.060
2004-05-01,    0.100
2004-06-01,    0.140
2004-07-01,    0.410
2004-08-01,    0.660
2004-09-01,    0.670
2004-10-01,    0.730
2004-11-01,    0.620
2004-12-01,    0.710
2005-01-01,    0.560
2005-02-01,    0.260
2005-03-01,    0.280
2005-04-01,    0.280
2005-05-01,    0.300
2005-06-01,    0.220
2005-07-01,   -0.010
2005-08-01,   -0.040
2005-09-01,   -0.080
2005-10-01,   -0.150
2005-11-01,   -0.440
2005-12-01,   -0.750
2006-01-01,   -0.980
2006-02-01,   -0.710
2006-03-01,   -0.730
2006-04-01,   -0.300
2006-05-01,   -0.110
2006-06-01,    0.090
2006-07-01,    0.030
2006-08-01,    0.370
2006-09-01,    0.630
2006-10-01,    0.760
2006-11-01,    0.980
2006-12-01,    1.100
2007-01-01,    0.590
2007-02-01,    0.120
2007-03-01,   -0.150
2007-04-01,   -0.160
2007-05-01,   -0.390
2007-06-01,   -0.160
2007-07-01,   -0.370
2007-08-01,   -0.570
2007-09-01,   -1.040
2007-10-01,   -1.400
2007-11-01,   -1.580
2007-12-01,   -1.610
2008-01-01,   -1.790
2008-02-01,   -1.700
2008-03-01,   -1.170
2008-04-01,   -0.890
2008-05-01,   -0.640
2008-06-01,   -0.440
2008-07-01,   -0.040
2008-08-01,   -0.040
2008-09-01,   -0.280
2008-10-01,   -0.300
2008-11-01,   -0.370
2008-12-01,   -0.900
2009-01-01,   -1.000
2009-02-01,   -0.710
2009-03-01,   -0.720
2009-04-01,   -0.250
2009-05-01,    0.170
2009-06-01,    0.490
2009-07-01,    0.690
2009-08-01,    0.620
2009-09-01,    0.680
2009-10-01,    0.960
2009-11-01,    1.490
2009-12-01,    1.810
2010-01-01,    1.430
2010-02-01,    1.180
2010-03-01,    1.070
2010-04-01,    0.560
2010-05-01,   -0.150
2010-06-01,   -0.620
2010-07-01,   -0.890
2010-08-01,   -1.330
2010-09-01,   -1.560
2010-10-01,   -1.650
2010-11-01,   -1.570
2010-12-01,   -1.630
2011-01-01,   -1.700
2011-02-01,   -1.260
2011-03-01,   -0.980
2011-04-01,   -0.740
2011-05-01,   -0.530
2011-06-01,   -0.250
2011-07-01,   -0.230
2011-08-01,   -0.660
2011-09-01,   -0.760
2011-10-01,   -0.930
2011-11-01,   -1.090
2011-12-01,   -1.050
2012-01-01,   -0.930
2012-02-01,   -0.610
2012-03-01,   -0.480
2012-04-01,   -0.290
2012-05-01,   -0.180
2012-06-01,    0.140
2012-07-01,    0.440
2012-08-01,    0.660
2012-09-01,    0.440
2012-10-01,    0.230
2012-11-01,    0.330
2012-12-01,   -0.130
2013-01-01,   -0.420
2013-02-01,   -0.400
2013-03-01,   -0.140
2013-04-01,   -0.080
2013-05-01,   -0.280
2013-06-01,   -0.330
2013-07-01,   -0.280
2013-08-01,   -0.290
2013-09-01,   -0.090
2013-10-01,   -0.240
2013-11-01,   -0.020
2013-12-01,   -0.090
2014-01-01,   -0.420
2014-02-01,   -0.450
2014-03-01,   -0.070
2014-04-01,    0.280
2014-05-01,    0.450
2014-06-01,    0.480
2014-07-01,    0.130
2014-08-01,    0.140
2014-09-01,    0.370
2014-10-01,    0.480
2014-11-01,    0.890
2014-12-01,    0.770
2015-01-01,    0.590
2015-02-01,    0.570
2015-03-01,    0.480
2015-04-01,    0.900
2015-05-01,    1.040
2015-06-01,    1.280
2015-07-01,    1.560
2015-08-01,    1.870
2015-09-01,    2.010
2015-10-01,    2.210
2015-11-01,    2.570
2015-12-01,    2.560
2016-01-01,    2.560
2016-02-01,    2.110
2016-03-01,    1.600
2016-04-01,    1.050
2016-05-01,    0.450
2016-06-01,    0.060
2016-07-01,   -0.250
2016-08-01,   -0.480
2016-09-01,   -0.460
2016-10-01,   -0.750
2016-11-01,   -0.630
2016-12-01,   -0.510
2017-01-01,   -0.340
2017-02-01,   -0.010
2017-03-01,   -0.090
2017-04-01,    0.220
2017-05-01,    0.300
2017-06-01,    0.220
2017-07-01,    0.220
2017-08-01,   -0.180
2017-09-01,   -0.560
2017-10-01,   -0.520
2017-11-01,   -0.840
2017-12-01,   -0.850
2018-01-01,   -0.860
2018-02-01,   -0.730
2018-03-01,   -0.730
2018-04-01,   -0.360
2018-05-01,   -0.120
2018-06-01,    0.120
2018-07-01,    0.270
2018-08-01,    0.050
2018-09-01,    0.300
2018-10-01,    0.840
2018-11-01,    1.000
2018-12-01,    0.970
2019-01-01,    0.510
2019-02-01,    0.620
2019-03-01,    0.810
2019-04-01,    0.670
2019-05-01,    0.610
2019-06-01,    0.660
2019-07-01,    0.410
2019-08-01,    0.190
2019-09-01,    0.110
2019-10-01,    0.550
2019-11-01,    0.740
2019-12-01,    0.510
2020-01-01,    0.640
2020-02-01,    0.480
2020-03-01,    0.360
2020-04-01,    0.490
2020-05-01,   -0.120
2020-06-01,   -0.210
2020-07-01,   -0.040
2020-08-01,   -0.420
2020-09-01,   -0.660
2020-10-01,   -1.190
2020-11-01,   -1.010
2020-12-01,   -0.980
2021-01-01,   -1.040
2021-02-01,   -0.940
2021-03-01,   -0.720
2021-04-01,   -0.550
2021-05-01,   -0.410
2021-06-01,   -0.060
2021-07-01,   -0.200
2021-08-01,   -0.380
2021-09-01,   -0.500
2021-10-01,   -0.780
2021-11-01,   -0.880
2021-12-01,   -1.070
2022-01-01,   -0.770
2022-02-01,   -0.680
2022-03-01,   -0.840
2022-04-01,   -0.900
2022-05-01,   -1.020
2022-06-01,   -0.770
2022-07-01,   -0.560
2022-08-01,   -0.960
2022-09-01,   -1.060
2022-10-01,   -0.990
2022-11-01,   -0.760
2022-12-01,   -0.860
2023-01-01,   -0.780
2023-02-01,   -0.620
2023-03-01,   -0.130
2023-04-01,    0.240
2023-05-01,    0.470
2023-06-01,    0.950
2023-07-01,    1.200
2023-08-01,    1.560
2023-09-01,    1.650
2023-10-01,    1.590
2023-11-01,    2.010
2023-12-01,    1.810
