Date,IOD
1981-01-01,-0.428
1981-02-01,-0.327
1981-03-01,-0.126
1981-04-01,-0.384
1981-05-01,-0.445
1981-06-01,-0.606
1981-07-01,-0.524
1981-08-01,-0.599
1981-09-01,-0.618
1981-10-01,-0.5
1981-11-01,-0.606
1981-12-01,-0.37
1982-01-01,-0.397
1982-02-01,-0.407
1982-03-01,-0.362
1982-04-01,-0.331
1982-05-01,-0.249
1982-06-01,-0.341
1982-07-01,-0.263
1982-08-01,-0.277
1982-09-01,-0.125
1982-10-01,-0.007
1982-11-01,-0.1
1982-12-01,-0.036
1983-01-01,-0.017
1983-02-01,0.091
1983-03-01,0.039
1983-04-01,0.159
1983-05-01,0.177
1983-06-01,0.519
1983-07-01,0.526
1983-08-01,0.292
1983-09-01,0.005
1983-10-01,-0.265
1983-11-01,-0.121
1983-12-01,-0.215
1984-01-01,-0.518
1984-02-01,-0.746
1984-03-01,-0.574
1984-04-01,-0.452
1984-05-01,-0.762
1984-06-01,-0.763
1984-07-01,-0.604
1984-08-01,-0.632
1984-09-01,-0.57
1984-10-01,-0.671
1984-11-01,-0.56
1984-12-01,-0.549
1985-01-01,-0.538
1985-02-01,-0.639
1985-03-01,-0.653
1985-04-01,-0.393
1985-05-01,-0.579
1985-06-01,-0.922
1985-07-01,-0.539
1985-08-01,-0.606
1985-09-01,-0.45
1985-10-01,-0.56
1985-11-01,-0.398
1985-12-01,-0.36
1986-01-01,-0.476
1986-02-01,-0.332
1986-03-01,-0.474
1986-04-01,-0.464
1986-05-01,-0.249
1986-06-01,-0.294
1986-07-01,-0.394
1986-08-01,-0.425
1986-09-01,-0.27
1986-10-01,-0.227
1986-11-01,-0.125
1986-12-01,-0.138
1987-01-01,-0.092
1987-02-01,-0.037
1987-03-01,0.034
1987-04-01,-0.014
1987-05-01,0.331
1987-06-01,0.089
1987-07-01,0.197
1987-08-01,0.298
1987-09-01,0.332
1987-10-01,0.2
1987-11-01,0.142
1987-12-01,0.14
1988-01-01,0.378
1988-02-01,0.308
1988-03-01,0.199
1988-04-01,0.034
1988-05-01,-0.282
1988-06-01,-0.219
1988-07-01,-0.052
1988-08-01,-0.004
1988-09-01,-0.116
1988-10-01,-0.225
1988-11-01,-0.251
1988-12-01,-0.116
1989-01-01,-0.452
1989-02-01,-0.387
1989-03-01,-0.569
1989-04-01,-0.657
1989-05-01,-0.596
1989-06-01,-0.68
1989-07-01,-0.346
1989-08-01,-0.303
1989-09-01,-0.146
1989-10-01,-0.21
1989-11-01,-0.121
1989-12-01,-0.159
1990-01-01,-0.09
1990-02-01,0.201
1990-03-01,0.005
1990-04-01,-0.169
1990-05-01,-0.241
1990-06-01,-0.491
1990-07-01,-0.131
1990-08-01,-0.151
1990-09-01,-0.203
1990-10-01,-0.191
1990-11-01,-0.119
1990-12-01,0.114
1991-01-01,0.09
1991-02-01,-0.052
1991-03-01,-0.019
1991-04-01,0.175
1991-05-01,0.208
1991-06-01,0.123
1991-07-01,0.004
1991-08-01,-0.295
1991-09-01,-0.124
1991-10-01,-0.191
1991-11-01,-0.223
1991-12-01,-0.123
1992-01-01,-0.156
1992-02-01,-0.178
1992-03-01,-0.326
1992-04-01,-0.306
1992-05-01,-0.178
1992-06-01,-0.195
1992-07-01,-0.009
1992-08-01,-0.349
1992-09-01,-0.398
1992-10-01,-0.469
1992-11-01,-0.349
1992-12-01,-0.288
1993-01-01,-0.177
1993-02-01,-0.125
1993-03-01,-0.369
1993-04-01,-0.314
1993-05-01,-0.084
1993-06-01,-0.141
1993-07-01,-0.204
1993-08-01,-0.261
1993-09-01,-0.245
1993-10-01,-0.379
1993-11-01,-0.176
1993-12-01,-0.277
1994-01-01,-0.11
1994-02-01,-0.289
1994-03-01,-0.31
1994-04-01,-0.195
1994-05-01,-0.074
1994-06-01,-0.333
1994-07-01,-0.241
1994-08-01,-0.222
1994-09-01,-0.394
1994-10-01,-0.022
1994-11-01,-0.138
1994-12-01,-0.064
1995-01-01,-0.121
1995-02-01,0.026
1995-03-01,-0.186
1995-04-01,-0.168
1995-05-01,-0.083
1995-06-01,-0.049
1995-07-01,0.04
1995-08-01,-0.075
1995-09-01,-0.167
1995-10-01,-0.179
1995-11-01,-0.154
1995-12-01,-0.12
1996-01-01,-0.051
1996-02-01,-0.042
1996-03-01,-0.155
1996-04-01,-0.301
1996-05-01,-0.412
1996-06-01,-0.394
1996-07-01,-0.391
1996-08-01,-0.493
1996-09-01,-0.539
1996-10-01,-0.732
1996-11-01,-0.551
1996-12-01,-0.443
1997-01-01,-0.438
1997-02-01,-0.476
1997-03-01,-0.189
1997-04-01,-0.154
1997-05-01,-0.224
1997-06-01,-0.095
1997-07-01,-0.035
1997-08-01,0.087
1997-09-01,0.183
1997-10-01,0.21
1997-11-01,0.411
1997-12-01,0.458
1998-01-01,0.661
1998-02-01,0.807
1998-03-01,0.634
1998-04-01,0.558
1998-05-01,0.538
1998-06-01,0.533
1998-07-01,0.264
1998-08-01,0.163
1998-09-01,0.032
1998-10-01,-0.123
1998-11-01,-0.251
1998-12-01,-0.251
1999-01-01,-0.249
1999-02-01,-0.249
1999-03-01,-0.066
1999-04-01,-0.207
1999-05-01,-0.435
1999-06-01,-0.278
1999-07-01,-0.119
1999-08-01,-0.185
1999-09-01,-0.12
1999-10-01,-0.373
1999-11-01,-0.242
1999-12-01,-0.288
2000-01-01,-0.304
2000-02-01,-0.364
2000-03-01,-0.248
2000-04-01,-0.224
2000-05-01,-0.255
2000-06-01,-0.467
2000-07-01,-0.3
2000-08-01,-0.116
2000-09-01,-0.098
2000-10-01,-0.137
2000-11-01,-0.188
2000-12-01,-0.304
2001-01-01,-0.487
2001-02-01,-0.318
2001-03-01,-0.099
2001-04-01,-0.08
2001-05-01,0.027
2001-06-01,0.08
2001-07-01,-0.113
2001-08-01,-0.199
2001-09-01,-0.102
2001-10-01,-0.275
2001-11-01,-0.064
2001-12-01,0.112
2002-01-01,0.117
2002-02-01,-0.131
2002-03-01,0.141
2002-04-01,-0.054
2002-05-01,-0.277
2002-06-01,-0.165
2002-07-01,-0.104
2002-08-01,-0.133
2002-09-01,0.293
2002-10-01,0.219
2002-11-01,0.013
2002-12-01,0.147
2003-01-01,-0.034
2003-02-01,0.243
2003-03-01,0.148
2003-04-01,0.091
2003-05-01,-0.058
2003-06-01,0.157
2003-07-01,0.09
2003-08-01,0.021
2003-09-01,0.055
2003-10-01,-0.064
2003-11-01,-0.11
2003-12-01,-0.025
2004-01-01,0.124
2004-02-01,0.013
2004-03-01,-0.102
2004-04-01,-0.087
2004-05-01,-0.509
2004-06-01,-0.49
2004-07-01,-0.406
2004-08-01,-0.138
2004-09-01,-0.084
2004-10-01,-0.094
2004-11-01,-0.049
2004-12-01,0.033
2005-01-01,-0.007
2005-02-01,-0.047
2005-03-01,0.041
2005-04-01,0.117
2005-05-01,0.079
2005-06-01,-0.009
2005-07-01,-0.076
2005-08-01,-0.095
2005-09-01,-0.103
2005-10-01,-0.169
2005-11-01,-0.253
2005-12-01,-0.406
2006-01-01,-0.407
2006-02-01,-0.256
2006-03-01,-0.242
2006-04-01,-0.155
2006-05-01,-0.111
2006-06-01,-0.122
2006-07-01,-0.068
2006-08-01,0.062
2006-09-01,0.006
2006-10-01,0.039
2006-11-01,0.254
2006-12-01,0.251
2007-01-01,0.25
2007-02-01,0.278
2007-03-01,0.069
2007-04-01,0.045
2007-05-01,0.176
2007-06-01,0.211
2007-07-01,-0.017
2007-08-01,0.122
2007-09-01,0.041
2007-10-01,-0.141
2007-11-01,-0.224
2007-12-01,-0.254
2008-01-01,-0.052
2008-02-01,-0.363
2008-03-01,-0.481
2008-04-01,-0.497
2008-05-01,-0.334
2008-06-01,-0.209
2008-07-01,-0.166
2008-08-01,-0.064
2008-09-01,0.144
2008-10-01,0.036
2008-11-01,-0.116
2008-12-01,-0.158
2009-01-01,-0.093
2009-02-01,-0.042
2009-03-01,0.034
2009-04-01,-0.054
2009-05-01,0.069
2009-06-01,0.225
2009-07-01,0.184
2009-08-01,0.257
2009-09-01,0.123
2009-10-01,0.293
2009-11-01,0.129
2009-12-01,0.368
2010-01-01,0.384
2010-02-01,0.498
2010-03-01,0.598
2010-04-01,0.594
2010-05-01,0.284
2010-06-01,0.18
2010-07-01,0.248
2010-08-01,0.17
2010-09-01,-0.128
2010-10-01,-0.079
2010-11-01,-0.254
2010-12-01,-0.254
2011-01-01,-0.243
2011-02-01,-0.148
2011-03-01,-0.123
2011-04-01,-0.313
2011-05-01,-0.274
2011-06-01,-0.084
2011-07-01,-0.05
2011-08-01,0.121
2011-09-01,0.014
2011-10-01,0.169
2011-11-01,0.185
2011-12-01,-0.027
2012-01-01,-0.113
2012-02-01,-0.229
2012-03-01,-0.254
2012-04-01,-0.245
2012-05-01,-0.083
2012-06-01,-0.066
2012-07-01,0.125
2012-08-01,0.294
2012-09-01,0.376
2012-10-01,0.226
2012-11-01,0.022
2012-12-01,0.213
2013-01-01,0.054
2013-02-01,0.233
2013-03-01,0.126
2013-04-01,-0.142
2013-05-01,-0.287
2013-06-01,-0.269
2013-07-01,-0.123
2013-08-01,-0.119
2013-09-01,-0.183
2013-10-01,-0.013
2013-11-01,0.225
2013-12-01,-0.011
2014-01-01,-0.077
2014-02-01,-0.088
2014-03-01,-0.099
2014-04-01,0.021
2014-05-01,0.163
2014-06-01,0.132
2014-07-01,0.03
2014-08-01,-0.075
2014-09-01,-0.005
2014-10-01,0.151
2014-11-01,0.27
2014-12-01,0.175
2015-01-01,-0.083
2015-02-01,-0.153
2015-03-01,-0.016
2015-04-01,0.129
2015-05-01,0.447
2015-06-01,0.43
2015-07-01,0.518
2015-08-01,0.59
2015-09-01,0.595
2015-10-01,0.588
2015-11-01,0.6
2015-12-01,0.767
2016-01-01,0.796
2016-02-01,0.449
2016-03-01,0.844
2016-04-01,0.707
2016-05-01,0.429
2016-06-01,0.105
2016-07-01,-0.138
2016-08-01,0.154
2016-09-01,0.064
2016-10-01,-0.007
2016-11-01,-0.001
2016-12-01,0.117
2017-01-01,0.044
2017-02-01,0.058
2017-03-01,0.03
2017-04-01,0.121
2017-05-01,0.303
2017-06-01,0.197
2017-07-01,0.426
2017-08-01,0.43
2017-09-01,0.176
2017-10-01,0.254
2017-11-01,0.095
2017-12-01,-0.18
2018-01-01,-0.388
2018-02-01,0.067
2018-03-01,-0.022
2018-04-01,0.051
2018-05-01,0.05
2018-06-01,-0.026
2018-07-01,-0.144
2018-08-01,-0.012
2018-09-01,0.329
2018-10-01,0.389
2018-11-01,0.367
2018-12-01,0.321
2019-01-01,0.393
2019-02-01,0.303
2019-03-01,0.253
2019-04-01,0.377
2019-05-01,0.471
2019-06-01,0.507
2019-07-01,0.333
2019-08-01,0.252
2019-09-01,0.257
2019-10-01,0.719
2019-11-01,0.667
2019-12-01,0.479
2020-01-01,0.676
2020-02-01,0.575
2020-03-01,0.387
2020-04-01,0.511
2020-05-01,0.434
2020-06-01,0.514
2020-07-01,0.443
2020-08-01,0.107
2020-09-01,0.004
2020-10-01,0.155
2020-11-01,0.103
2020-12-01,0.035
2021-01-01,-0.077
2021-02-01,0.061
2021-03-01,0.131
2021-04-01,0.035
2021-05-01,0.035
2021-06-01,-0.014
2021-07-01,0.092
2021-08-01,0.047
2021-09-01,0.078
2021-10-01,-0.069
2021-11-01,0.035
2021-12-01,0.124
2022-01-01,0.239
2022-02-01,0.037
2022-03-01,0.038
2022-04-01,0.157
2022-05-01,-0.057
2022-06-01,-0.09
2022-07-01,-0.231
2022-08-01,-0.075
2022-09-01,-0.095
2022-10-01,-0.349
2022-11-01,-0.135
2022-12-01,-0.001
2023-01-01,-0.084
2023-02-01,-0.057
2023-03-01,0.13
2023-04-01,0.412
2023-05-01,0.423
2023-06-01,0.602
2023-07-01,0.497
2023-08-01,0.75
2023-09-01,0.73
2023-10-01,0.784
2023-11-01,0.836
2023-12-01,1.012
