Region,Departement,COM_ARRT_VILLE,COMMUNE,population_2023,menages_2023,adm3_pcode,adm3_name,adm2_pcode,adm2_name,methode,detail,controle_chef_lieu_osm
DAKAR,DAKAR,GOREE,GOREE,1691.0,290.0,SN010104,Dakar Plateau,SN0101,Dakar,commune_gadm_dans_contour,"GADM 4.1 commune GOREE (-17.3985, 14.6671)",
DAKAR,DAKAR,VILLE DE DAKAR,BISCUITERIE,74025.0,16939.0,SN010102,Grand Dakar,SN0101,Dakar,commune_gadm_dans_contour,"GADM 4.1 commune BISCUITERIE (-17.4503, 14.7117)",
DAKAR,DAKAR,VILLE DE DAKAR,CAMBERENE,71432.0,11205.0,SN010103,Parcelles Assainies,SN0101,Dakar,commune_gadm_dans_contour,"GADM 4.1 commune CAMBERENE (-17.4308, 14.7692)",
DAKAR,DAKAR,VILLE DE DAKAR,DAKAR PLATEAU,34951.0,7479.0,SN010104,Dakar Plateau,SN0101,Dakar,commune_gadm_dans_contour,"GADM 4.1 commune PLATEAU (-17.4367, 14.6665)",
DAKAR,DAKAR,VILLE DE DAKAR,DIEUPPEUL DERKLE,38725.0,7652.0,SN010102,Grand Dakar,SN0101,Dakar,commune_gadm_dans_contour,"GADM 4.1 commune DIEUPPEULDERKLE (-17.4522, 14.7227)",
DAKAR,DAKAR,VILLE DE DAKAR,FANN POINT E AMITIE,20115.0,3501.0,SN010104,Dakar Plateau,SN0101,Dakar,commune_gadm_dans_contour,"GADM 4.1 commune FANNPOINTEAMITIE (-17.4668, 14.6905)",
DAKAR,DAKAR,VILLE DE DAKAR,GRAND DAKAR,47334.0,10569.0,SN010102,Grand Dakar,SN0101,Dakar,commune_gadm_dans_contour,"GADM 4.1 commune GRANDDAKAR (-17.4551, 14.7052)",
DAKAR,DAKAR,VILLE DE DAKAR,GRAND YOFF,186775.0,34894.0,SN010103,Parcelles Assainies,SN0101,Dakar,commune_gadm_dans_contour,"GADM 4.1 commune GRANDYOFF (-17.4563, 14.7368)",
DAKAR,DAKAR,VILLE DE DAKAR,GUEULE TAPEE FASS COLOBANE,59227.0,13072.0,SN010104,Dakar Plateau,SN0101,Dakar,commune_gadm_dans_contour,"GADM 4.1 commune GUEULETAPEECOLOBANEFASS (-17.4558, 14.6879)",
DAKAR,DAKAR,VILLE DE DAKAR,HANN BEL AIR,86908.0,16345.0,SN010102,Grand Dakar,SN0101,Dakar,commune_gadm_dans_contour,"GADM 4.1 commune HANNBELAIR (-17.4359, 14.7118)",
DAKAR,DAKAR,VILLE DE DAKAR,HLM,42975.0,7500.0,SN010102,Grand Dakar,SN0101,Dakar,commune_gadm_dans_contour,"GADM 4.1 commune HLM (-17.4439, 14.7122)",
DAKAR,DAKAR,VILLE DE DAKAR,MEDINA,82544.0,18235.0,SN010104,Dakar Plateau,SN0101,Dakar,commune_gadm_dans_contour,"GADM 4.1 commune MEDINA (-17.4472, 14.6824)",
DAKAR,DAKAR,VILLE DE DAKAR,MERMOZ SACRE COEUR,38598.0,8075.0,SN010101,Almadies,SN0101,Dakar,commune_gadm_dans_contour,"GADM 4.1 commune MERMOZSACRECOEUR (-17.4717, 14.7105)",
DAKAR,DAKAR,VILLE DE DAKAR,NGOR,17706.0,3386.0,SN010101,Almadies,SN0101,Dakar,commune_gadm_dans_contour,"GADM 4.1 commune NGOR (-17.5181, 14.7428)",
DAKAR,DAKAR,VILLE DE DAKAR,OUAKAM,100541.0,19811.0,SN010101,Almadies,SN0101,Dakar,commune_gadm_dans_contour,"GADM 4.1 commune OUAKAM (-17.4876, 14.7247)",
DAKAR,DAKAR,VILLE DE DAKAR,PARCELLES ASSAINIES,167671.0,27556.0,SN010103,Parcelles Assainies,SN0101,Dakar,commune_gadm_dans_contour,"GADM 4.1 commune PARCELLESASSAINIES (-17.4405, 14.7585)",
DAKAR,DAKAR,VILLE DE DAKAR,PATTE D'OIE,46821.0,7980.0,SN010103,Parcelles Assainies,SN0101,Dakar,commune_gadm_dans_contour,"GADM 4.1 commune PATTEDOIE (-17.4439, 14.7487)",
DAKAR,DAKAR,VILLE DE DAKAR,SICAP LIBERTE,41079.0,8112.0,SN010101,Almadies,SN0101,Dakar,commune_gadm_dans_contour,"GADM 4.1 commune SICAPLIBERTE (-17.4681, 14.7197)",
DAKAR,DAKAR,VILLE DE DAKAR,YOFF,119351.0,21028.0,SN010101,Almadies,SN0101,Dakar,commune_gadm_dans_contour,"GADM 4.1 commune YOFF (-17.4867, 14.7461)",
DAKAR,GUEDIAWAYE,VILLE DE GUEDIAWAYE,GOLF SUD,114069.0,19411.0,SN010201,Guédiawaye,SN0102,Guédiawaye,departement_un_seul_arrondissement,,
DAKAR,GUEDIAWAYE,VILLE DE GUEDIAWAYE,MEDINA GOUNASS,36588.0,4750.0,SN010201,Guédiawaye,SN0102,Guédiawaye,departement_un_seul_arrondissement,,
DAKAR,GUEDIAWAYE,VILLE DE GUEDIAWAYE,NDIAREME LIMAMOULAYE,36024.0,5014.0,SN010201,Guédiawaye,SN0102,Guédiawaye,departement_un_seul_arrondissement,,
DAKAR,GUEDIAWAYE,VILLE DE GUEDIAWAYE,SAM NOTAIRE,80566.0,11382.0,SN010201,Guédiawaye,SN0102,Guédiawaye,departement_un_seul_arrondissement,,
DAKAR,GUEDIAWAYE,VILLE DE GUEDIAWAYE,WAKHINANE NIMZATT,105461.0,14532.0,SN010201,Guédiawaye,SN0102,Guédiawaye,departement_un_seul_arrondissement,,
DAKAR,KEUR MASSAR,JAXAAY,JAXAAY PARCELLES,71036.0,11067.0,SN010501,Jaxaay,SN0105,Keur Massar,nom_arrondissement,nom identique,
DAKAR,KEUR MASSAR,JAXAAY,KEUR MASSAR SUD,105362.0,17374.0,SN010501,Jaxaay,SN0105,Keur Massar,nom_arrondissement,nom identique,
DAKAR,KEUR MASSAR,MALIKA,KEUR MASSAR NORD,224765.0,31764.0,SN010502,Malika,SN0105,Keur Massar,nom_arrondissement,nom identique,
DAKAR,KEUR MASSAR,MALIKA,MALIKA,56707.0,8472.0,SN010502,Malika,SN0105,Keur Massar,nom_arrondissement,nom identique,
DAKAR,KEUR MASSAR,YEUMBEUL,YEUMBEUL NORD,204375.0,27902.0,SN010503,Yeumbeul,SN0105,Keur Massar,nom_arrondissement,nom identique,
DAKAR,KEUR MASSAR,YEUMBEUL,YEUMBEUL SUD,108069.0,14488.0,SN010503,Yeumbeul,SN0105,Keur Massar,nom_arrondissement,nom identique,
DAKAR,PIKINE,VILLE DE PIKINE,DALIFORT,39096.0,7078.0,SN010303,Pikine Dagoudane,SN0103,Pikine,commune_gadm_dans_contour,"GADM 4.1 commune DALIFORD (-17.4108, 14.7400)",
DAKAR,PIKINE,VILLE DE PIKINE,DIAMAGUENE SICAP MBAO,139376.0,20277.0,SN010302,Thiaroye,SN0103,Pikine,commune_gadm_dans_contour,"GADM 4.1 commune DIAMAGUENESICAPMBAO (-17.3539, 14.7558)",
DAKAR,PIKINE,VILLE DE PIKINE,DJIDAH THIAROYE KAO,100128.0,13747.0,SN010303,Pikine Dagoudane,SN0103,Pikine,commune_gadm_dans_contour,"GADM 4.1 commune DJIDAHTHIAROYEKAO (-17.3764, 14.7681)",
DAKAR,PIKINE,VILLE DE PIKINE,GUINAW RAIL NORD,29083.0,4482.0,SN010303,Pikine Dagoudane,SN0103,Pikine,commune_gadm_dans_contour,"GADM 4.1 commune GUINAWRAILNORD (-17.3836, 14.7532)",
DAKAR,PIKINE,VILLE DE PIKINE,GUINAW RAIL SUD,40185.0,5981.0,SN010303,Pikine Dagoudane,SN0103,Pikine,commune_gadm_dans_contour,"GADM 4.1 commune GUINAWRAILSUD (-17.3856, 14.7478)",
DAKAR,PIKINE,VILLE DE PIKINE,MBAO,149456.0,23323.0,SN010302,Thiaroye,SN0103,Pikine,commune_gadm_dans_contour,"GADM 4.1 commune MBAO (-17.3237, 14.7454)",
DAKAR,PIKINE,VILLE DE PIKINE,PIKINE EST,32717.0,5434.0,SN010303,Pikine Dagoudane,SN0103,Pikine,commune_gadm_dans_contour,"GADM 4.1 commune PIKINEEST (-17.3878, 14.7570)",
DAKAR,PIKINE,VILLE DE PIKINE,PIKINE NORD,49088.0,7988.0,SN010303,Pikine Dagoudane,SN0103,Pikine,commune_gadm_dans_contour,"GADM 4.1 commune PIKINESUD (-17.3993, 14.7508)",
DAKAR,PIKINE,VILLE DE PIKINE,PIKINE OUEST,57240.0,9210.0,SN010303,Pikine Dagoudane,SN0103,Pikine,commune_gadm_dans_contour,"GADM 4.1 commune PIKINEOUEST (-17.3933, 14.7611)",
DAKAR,PIKINE,VILLE DE PIKINE,THIAROYE GARE,25037.0,3823.0,SN010302,Thiaroye,SN0103,Pikine,commune_gadm_dans_contour,"GADM 4.1 commune THIAROYEGARE (-17.3740, 14.7570)",
DAKAR,PIKINE,VILLE DE PIKINE,THIAROYE SUR MER,61079.0,8955.0,SN010302,Thiaroye,SN0103,Pikine,commune_gadm_dans_contour,"GADM 4.1 commune THIAROYEMER (-17.3744, 14.7424)",
DAKAR,PIKINE,VILLE DE PIKINE,TIVAOUANE DIACKSAO,40892.0,6184.0,SN010302,Thiaroye,SN0103,Pikine,commune_gadm_dans_contour,"GADM 4.1 commune DIACKSAO (-17.3681, 14.7509)",
DAKAR,RUFISQUE,BARGNY,BARGNY,69242.0,8380.0,SN010404,Sans nom HDX (N/A),SN0104,Rufisque,point_osm,"OSM (-17.2297, 14.6938)",
DAKAR,RUFISQUE,DIAMNIADIO,DIAMNIADIO,47759.0,6440.0,SN010403,Diamniadio,SN0104,Rufisque,nom_arrondissement,nom identique,
DAKAR,RUFISQUE,DIAMNIADIO,SEBIKOTANE,42839.0,5462.0,SN010403,Diamniadio,SN0104,Rufisque,nom_arrondissement,nom identique,
DAKAR,RUFISQUE,DIAMNIADIO,YENE,34892.0,3607.0,SN010403,Diamniadio,SN0104,Rufisque,nom_arrondissement,nom identique,
DAKAR,RUFISQUE,SANGALKAM,BAMBILOR,61100.0,8093.0,SN010401,Sangalkam,SN0104,Rufisque,nom_arrondissement,nom identique,
DAKAR,RUFISQUE,SANGALKAM,SANGALKAM,110958.0,15491.0,SN010401,Sangalkam,SN0104,Rufisque,nom_arrondissement,nom identique,
DAKAR,RUFISQUE,SANGALKAM,TIVAOUANE PEULH NIAGHA,152043.0,20400.0,SN010401,Sangalkam,SN0104,Rufisque,nom_arrondissement,nom identique,
DAKAR,RUFISQUE,SENDOU,SENDOU,4045.0,446.0,SN010404,Sans nom HDX (N/A),SN0104,Rufisque,point_osm,"OSM (-17.2046, 14.6707)",
DAKAR,RUFISQUE,VILLE DE RUFISQUE,RUFISQUE EST,84754.0,10582.0,SN010402,Rufisque-Est,SN0104,Rufisque,commune_gadm_dans_contour,"GADM 4.1 commune RUFISQUEEST (-17.2525, 14.7211)",
DAKAR,RUFISQUE,VILLE DE RUFISQUE,RUFISQUE NORD,126253.0,17005.0,SN010402,Rufisque-Est,SN0104,Rufisque,commune_gadm_dans_contour,"GADM 4.1 commune RUFISQUECENTRENORD (-17.2693, 14.7307)",
DAKAR,RUFISQUE,VILLE DE RUFISQUE,RUFISQUE OUEST,84452.0,12826.0,SN010402,Rufisque-Est,SN0104,Rufisque,commune_gadm_dans_contour,"GADM 4.1 commune RUFISQUEOUEST (-17.2914, 14.7347)",
DIOURBEL,BAMBEY,BABA GARAGE,BABA GARAGE,18305.0,1682.0,SN020103,Baba Garage,SN0201,Bambey,nom_arrondissement,nom identique,
DIOURBEL,BAMBEY,BABA GARAGE,DINGUIRAYE,11881.0,1043.0,SN020103,Baba Garage,SN0201,Bambey,nom_arrondissement,nom identique,
DIOURBEL,BAMBEY,BABA GARAGE,KEUR SAMBA KANE,21036.0,1928.0,SN020103,Baba Garage,SN0201,Bambey,nom_arrondissement,nom identique,
DIOURBEL,BAMBEY,BAMBEY,BAMBEY,37374.0,4507.0,SN020102,Ngoye,SN0201,Bambey,chef_lieu_hdx,"sen_admincapitals (-16.4554, 14.6956)",accord
DIOURBEL,BAMBEY,LAMBAYE,GAWANE,19907.0,1524.0,SN020101,Lambaye,SN0201,Bambey,nom_arrondissement,nom identique,
DIOURBEL,BAMBEY,LAMBAYE,LAMBAYE,30486.0,2713.0,SN020101,Lambaye,SN0201,Bambey,nom_arrondissement,nom identique,
DIOURBEL,BAMBEY,LAMBAYE,NGOGOM,40948.0,3168.0,SN020101,Lambaye,SN0201,Bambey,nom_arrondissement,nom identique,
DIOURBEL,BAMBEY,LAMBAYE,REFANE,39955.0,3230.0,SN020101,Lambaye,SN0201,Bambey,nom_arrondissement,nom identique,
DIOURBEL,BAMBEY,NGOYE,NDANGALMA,44398.0,3463.0,SN020102,Ngoye,SN0201,Bambey,nom_arrondissement,nom identique,
DIOURBEL,BAMBEY,NGOYE,NDONDOL,25843.0,2192.0,SN020102,Ngoye,SN0201,Bambey,nom_arrondissement,nom identique,
DIOURBEL,BAMBEY,NGOYE,NGOYE,54238.0,4306.0,SN020102,Ngoye,SN0201,Bambey,nom_arrondissement,nom identique,
DIOURBEL,BAMBEY,NGOYE,THIAKHAR,32096.0,2251.0,SN020102,Ngoye,SN0201,Bambey,nom_arrondissement,nom identique,
DIOURBEL,DIOURBEL,DIOURBEL,DIOURBEL,157554.0,15974.0,SN020201,Ndoulo,SN0202,Diourbel,chef_lieu_hdx,"sen_admincapitals (-16.2321, 14.6543)",accord
DIOURBEL,DIOURBEL,NDINDY,GADE ESCALE,4521.0,320.0,SN020202,Ndindy,SN0202,Diourbel,nom_arrondissement,nom identique,
DIOURBEL,DIOURBEL,NDINDY,KEUR NGALGOU,9760.0,704.0,SN020202,Ndindy,SN0202,Diourbel,nom_arrondissement,nom identique,
DIOURBEL,DIOURBEL,NDINDY,NDANKH SENE,12410.0,1018.0,SN020202,Ndindy,SN0202,Diourbel,nom_arrondissement,nom identique,
DIOURBEL,DIOURBEL,NDINDY,NDINDY,17326.0,1507.0,SN020202,Ndindy,SN0202,Diourbel,nom_arrondissement,nom identique,
DIOURBEL,DIOURBEL,NDINDY,TAIBA MOUTOUPHA,13890.0,1031.0,SN020202,Ndindy,SN0202,Diourbel,nom_arrondissement,nom identique,
DIOURBEL,DIOURBEL,NDINDY,TOUBA LAPPE,5127.0,393.0,SN020202,Ndindy,SN0202,Diourbel,nom_arrondissement,nom identique,
DIOURBEL,DIOURBEL,NDOULO,NDOULO,14820.0,1278.0,SN020201,Ndoulo,SN0202,Diourbel,nom_arrondissement,nom identique,
DIOURBEL,DIOURBEL,NDOULO,NGOHE,40758.0,3272.0,SN020201,Ndoulo,SN0202,Diourbel,nom_arrondissement,nom identique,
DIOURBEL,DIOURBEL,NDOULO,PATTAR,26656.0,2062.0,SN020201,Ndoulo,SN0202,Diourbel,nom_arrondissement,nom identique,
DIOURBEL,DIOURBEL,NDOULO,TOCKY GARE,24821.0,1983.0,SN020201,Ndoulo,SN0202,Diourbel,nom_arrondissement,nom identique,
DIOURBEL,DIOURBEL,NDOULO,TOURE MBONDE,16466.0,1260.0,SN020201,Ndoulo,SN0202,Diourbel,nom_arrondissement,nom identique,
DIOURBEL,M’BACKE,KAEL,DAROU NAHIM,2942.0,268.0,SN020303,Kaèl,SN0203,Mbacké,nom_arrondissement,nom identique,
DIOURBEL,M’BACKE,KAEL,DAROU SALAM TYP,7245.0,591.0,SN020303,Kaèl,SN0203,Mbacké,nom_arrondissement,nom identique,
DIOURBEL,M’BACKE,KAEL,DENDEYE GOUY GUI,7061.0,604.0,SN020303,Kaèl,SN0203,Mbacké,nom_arrondissement,nom identique,
DIOURBEL,M’BACKE,KAEL,KAEL,7144.0,591.0,SN020303,Kaèl,SN0203,Mbacké,nom_arrondissement,nom identique,
DIOURBEL,M’BACKE,KAEL,MADINA,8763.0,729.0,SN020303,Kaèl,SN0203,Mbacké,nom_arrondissement,nom identique,
DIOURBEL,M’BACKE,KAEL,NDIOUMANE,6651.0,497.0,SN020303,Kaèl,SN0203,Mbacké,nom_arrondissement,nom identique,
DIOURBEL,M’BACKE,KAEL,TAIBA THIEKENE,2465.0,198.0,SN020303,Kaèl,SN0203,Mbacké,nom_arrondissement,nom identique,
DIOURBEL,M’BACKE,KAEL,TOUBA MBOUL,13231.0,1051.0,SN020303,Kaèl,SN0203,Mbacké,nom_arrondissement,nom identique,
DIOURBEL,M’BACKE,MBACKE,MBACKE,101451.0,10588.0,SN020301,Ndame,SN0203,Mbacké,chef_lieu_hdx,"sen_admincapitals (-15.9104, 14.7985)",accord
DIOURBEL,M’BACKE,NDAME,DALLA NGABOU,12609.0,1069.0,SN020301,Ndame,SN0203,Mbacké,nom_arrondissement,nom identique,
DIOURBEL,M’BACKE,NDAME,MISSIRAH,8416.0,708.0,SN020301,Ndame,SN0203,Mbacké,nom_arrondissement,nom identique,
DIOURBEL,M’BACKE,NDAME,NGHAYE,6777.0,572.0,SN020301,Ndame,SN0203,Mbacké,nom_arrondissement,nom identique,
DIOURBEL,M’BACKE,NDAME,TOUBA FALL,11500.0,1144.0,SN020301,Ndame,SN0203,Mbacké,nom_arrondissement,nom identique,
DIOURBEL,M’BACKE,NDAME,TOUBA MOSQUEE,1120824.0,112108.0,SN020301,Ndame,SN0203,Mbacké,nom_arrondissement,nom identique,
DIOURBEL,M’BACKE,TAIF,SADIO,24444.0,2017.0,SN020302,Taïf,SN0203,Mbacké,nom_arrondissement,nom identique,
DIOURBEL,M’BACKE,TAIF,TAIF,18233.0,1586.0,SN020302,Taïf,SN0203,Mbacké,nom_arrondissement,nom identique,
FATICK,FATICK,DIOFFIOR,DIOFFIOR,12795.0,1491.0,SN030102,Fimla,SN0301,Fatick,point_osm,"OSM (-16.6612, 14.1893)",
FATICK,FATICK,FATICK,FATICK,39361.0,5125.0,SN030103,Tataguine,SN0301,Fatick,chef_lieu_hdx,"sen_admincapitals (-16.4204, 14.3352)",accord
FATICK,FATICK,FIMELA,DJILASSE,11106.0,1109.0,SN030102,Fimla,SN0301,Fatick,nom_arrondissement,alias FIMELA -> FIMLA,
FATICK,FATICK,FIMELA,FIMELA,30886.0,3789.0,SN030102,Fimla,SN0301,Fatick,nom_arrondissement,alias FIMELA -> FIMLA,
FATICK,FATICK,FIMELA,LOUL SESSENE,22528.0,2334.0,SN030102,Fimla,SN0301,Fatick,nom_arrondissement,alias FIMELA -> FIMLA,
FATICK,FATICK,FIMELA,PALMARIN FACAO,10927.0,1833.0,SN030102,Fimla,SN0301,Fatick,nom_arrondissement,alias FIMELA -> FIMLA,
FATICK,FATICK,NDIOP,DIAKHAO,5590.0,698.0,SN030101,Ndiob,SN0301,Fatick,nom_arrondissement,alias NDIOP -> NDIOB,
FATICK,FATICK,NDIOP,DIAOULE,15313.0,1471.0,SN030101,Ndiob,SN0301,Fatick,nom_arrondissement,alias NDIOP -> NDIOB,
FATICK,FATICK,NDIOP,MBELLACADIAO,18119.0,1768.0,SN030101,Ndiob,SN0301,Fatick,nom_arrondissement,alias NDIOP -> NDIOB,
FATICK,FATICK,NDIOP,NDIOP,23407.0,2251.0,SN030101,Ndiob,SN0301,Fatick,nom_arrondissement,alias NDIOP -> NDIOB,
FATICK,FATICK,NDIOP,THIARE NDIALGUI,26127.0,2403.0,SN030101,Ndiob,SN0301,Fatick,nom_arrondissement,alias NDIOP -> NDIOB,
FATICK,FATICK,NIAKHAR,NGAYOKHEME,29808.0,2546.0,SN030104,Niakhar,SN0301,Fatick,nom_arrondissement,nom identique,
FATICK,FATICK,NIAKHAR,NIAKHAR,33696.0,3524.0,SN030104,Niakhar,SN0301,Fatick,nom_arrondissement,nom identique,
FATICK,FATICK,NIAKHAR,PATAR,30583.0,2813.0,SN030104,Niakhar,SN0301,Fatick,nom_arrondissement,nom identique,
FATICK,FATICK,TATTAGUINE,DIARRERE,35775.0,3413.0,SN030103,Tataguine,SN0301,Fatick,nom_arrondissement,alias TATTAGUINE -> TATAGUINE,
FATICK,FATICK,TATTAGUINE,DIOUROUP,26348.0,3105.0,SN030103,Tataguine,SN0301,Fatick,nom_arrondissement,alias TATTAGUINE -> TATAGUINE,
FATICK,FATICK,TATTAGUINE,TATTAGUINE,36197.0,3507.0,SN030103,Tataguine,SN0301,Fatick,nom_arrondissement,alias TATTAGUINE -> TATAGUINE,
FATICK,FOUNDIOUGNE,DJILOR,DIAGANE BARKA,12987.0,882.0,SN030201,Djilor,SN0302,Foundiougne,nom_arrondissement,nom identique,
FATICK,FOUNDIOUGNE,DJILOR,DIOSSONG,26984.0,2260.0,SN030201,Djilor,SN0302,Foundiougne,nom_arrondissement,nom identique,
FATICK,FOUNDIOUGNE,DJILOR,DJILOR,22876.0,2205.0,SN030201,Djilor,SN0302,Foundiougne,nom_arrondissement,nom identique,
FATICK,FOUNDIOUGNE,DJILOR,MBAM,11713.0,1349.0,SN030201,Djilor,SN0302,Foundiougne,nom_arrondissement,nom identique,
FATICK,FOUNDIOUGNE,DJILOR,NIASSENE,20905.0,1585.0,SN030201,Djilor,SN0302,Foundiougne,nom_arrondissement,nom identique,
FATICK,FOUNDIOUGNE,DJILOR,PASSY,18322.0,1931.0,SN030201,Djilor,SN0302,Foundiougne,nom_arrondissement,nom identique,
FATICK,FOUNDIOUGNE,DJILOR,SOUM,6159.0,719.0,SN030201,Djilor,SN0302,Foundiougne,nom_arrondissement,nom identique,
FATICK,FOUNDIOUGNE,FOUNDIOUGNE,FOUNDIOUGNE,8924.0,1283.0,SN030201,Djilor,SN0302,Foundiougne,chef_lieu_hdx,"sen_admincapitals (-16.4697, 14.1241)",accord
FATICK,FOUNDIOUGNE,NIODIOR,BASSOUL,11946.0,994.0,SN030203,Niodior,SN0302,Foundiougne,nom_arrondissement,nom identique,
FATICK,FOUNDIOUGNE,NIODIOR,DIONEWAR,12589.0,1176.0,SN030203,Niodior,SN0302,Foundiougne,nom_arrondissement,nom identique,
FATICK,FOUNDIOUGNE,NIODIOR,DJIRNDA,10418.0,967.0,SN030203,Niodior,SN0302,Foundiougne,nom_arrondissement,nom identique,
FATICK,FOUNDIOUGNE,SOKONE,SOKONE,20424.0,2722.0,SN030202,Toubakouta,SN0302,Foundiougne,point_osm,"OSM (-16.3725, 13.8785)",
FATICK,FOUNDIOUGNE,TOUBACOUTA,KARANG POSTE,26972.0,3102.0,SN030202,Toubakouta,SN0302,Foundiougne,nom_arrondissement,alias TOUBACOUTA -> TOUBAKOUTA,
FATICK,FOUNDIOUGNE,TOUBACOUTA,KEUR SALOUM DIANE,37793.0,2751.0,SN030202,Toubakouta,SN0302,Foundiougne,nom_arrondissement,alias TOUBACOUTA -> TOUBAKOUTA,
FATICK,FOUNDIOUGNE,TOUBACOUTA,KEUR SAMBA GUEYE,36418.0,2760.0,SN030202,Toubakouta,SN0302,Foundiougne,nom_arrondissement,alias TOUBACOUTA -> TOUBAKOUTA,
FATICK,FOUNDIOUGNE,TOUBACOUTA,NIORO ALASSANE TALL,46366.0,3259.0,SN030202,Toubakouta,SN0302,Foundiougne,nom_arrondissement,alias TOUBACOUTA -> TOUBAKOUTA,
FATICK,FOUNDIOUGNE,TOUBACOUTA,TOUBACOUTA,43592.0,4097.0,SN030202,Toubakouta,SN0302,Foundiougne,nom_arrondissement,alias TOUBACOUTA -> TOUBAKOUTA,
FATICK,GOSSAS,COLOBANE,COLOBANE,21341.0,1995.0,SN030301,Colobane,SN0303,Gossas,nom_arrondissement,nom identique,
FATICK,GOSSAS,COLOBANE,MBAR,36318.0,3131.0,SN030301,Colobane,SN0303,Gossas,nom_arrondissement,nom identique,
FATICK,GOSSAS,GOSSAS,GOSSAS,15630.0,1705.0,SN030302,Ouadiour,SN0303,Gossas,chef_lieu_hdx,"sen_admincapitals (-16.0680, 14.4967)",accord
FATICK,GOSSAS,OUADIOUR,NDIENE LAGANE,15326.0,1204.0,SN030302,Ouadiour,SN0303,Gossas,nom_arrondissement,nom identique,
FATICK,GOSSAS,OUADIOUR,OUADIOUR,15609.0,1399.0,SN030302,Ouadiour,SN0303,Gossas,nom_arrondissement,nom identique,
FATICK,GOSSAS,OUADIOUR,PATAR LIA,18744.0,1798.0,SN030302,Ouadiour,SN0303,Gossas,nom_arrondissement,nom identique,
KAFFRINE,BIRKELANE,BIRKELANE,BIRKELANE,10891.0,1218.0,SN040102,Keur Mboucki,SN0401,Birkelane,chef_lieu_hdx,"sen_admincapitals (-15.7453, 14.1303)",accord
KAFFRINE,BIRKELANE,KEUR MBOUCKI,DIAMAL,15776.0,1295.0,SN040102,Keur Mboucki,SN0401,Birkelane,nom_arrondissement,nom identique,
KAFFRINE,BIRKELANE,KEUR MBOUCKI,KEUR MBOUCKI,14229.0,1287.0,SN040102,Keur Mboucki,SN0401,Birkelane,nom_arrondissement,nom identique,
KAFFRINE,BIRKELANE,KEUR MBOUCKI,TOUBA MBELLA,14414.0,1425.0,SN040102,Keur Mboucki,SN0401,Birkelane,nom_arrondissement,nom identique,
KAFFRINE,BIRKELANE,MABO,MABO,36514.0,2832.0,SN040101,Mabo,SN0401,Birkelane,nom_arrondissement,nom identique,
KAFFRINE,BIRKELANE,MABO,MBEULEUP,7484.0,689.0,SN040101,Mabo,SN0401,Birkelane,nom_arrondissement,nom identique,
KAFFRINE,BIRKELANE,MABO,NDIOGNICK,44449.0,3618.0,SN040101,Mabo,SN0401,Birkelane,nom_arrondissement,nom identique,
KAFFRINE,BIRKELANE,MABO,SEGRE GATTA,7307.0,629.0,SN040101,Mabo,SN0401,Birkelane,nom_arrondissement,nom identique,
KAFFRINE,KAFFRINE,GNIBY,BOULEL,30083.0,2878.0,SN040201,Gnibi,SN0402,Kaffrine,nom_arrondissement,alias GNIBY -> GNIBI,
KAFFRINE,KAFFRINE,GNIBY,GNIBY,19778.0,1803.0,SN040201,Gnibi,SN0402,Kaffrine,nom_arrondissement,alias GNIBY -> GNIBI,
KAFFRINE,KAFFRINE,GNIBY,KAHI,29215.0,2694.0,SN040201,Gnibi,SN0402,Kaffrine,nom_arrondissement,alias GNIBY -> GNIBI,
KAFFRINE,KAFFRINE,KAFFRINE,KAFFRINE,57307.0,6038.0,SN040201,Gnibi,SN0402,Kaffrine,chef_lieu_hdx,"sen_admincapitals (-15.5435, 14.1013)",accord
KAFFRINE,KAFFRINE,KATAKEL,DIAMAGADIO,24420.0,2068.0,SN040202,Katakel,SN0402,Kaffrine,nom_arrondissement,nom identique,
KAFFRINE,KAFFRINE,KATAKEL,DIOKOUL BELBOUCK,33591.0,2556.0,SN040202,Katakel,SN0402,Kaffrine,nom_arrondissement,nom identique,
KAFFRINE,KAFFRINE,KATAKEL,KATHIOTTE,44396.0,3851.0,SN040202,Katakel,SN0402,Kaffrine,nom_arrondissement,nom identique,
KAFFRINE,KAFFRINE,KATAKEL,MEDINATOUL SALAM 2,27628.0,2050.0,SN040202,Katakel,SN0402,Kaffrine,nom_arrondissement,nom identique,
KAFFRINE,KAFFRINE,KATAKEL,NGANDA,14369.0,1148.0,SN040202,Katakel,SN0402,Kaffrine,nom_arrondissement,nom identique,
KAFFRINE,KOUNGHEUL,IDA MOURIDE,FASS THIEKENE,23547.0,1843.0,SN040302,Ida Mouride,SN0403,Koungheul,nom_arrondissement,nom identique,
KAFFRINE,KOUNGHEUL,IDA MOURIDE,IDA MOURIDE,31535.0,2527.0,SN040302,Ida Mouride,SN0403,Koungheul,nom_arrondissement,nom identique,
KAFFRINE,KOUNGHEUL,IDA MOURIDE,SALY ESCALE,34134.0,2859.0,SN040302,Ida Mouride,SN0403,Koungheul,nom_arrondissement,nom identique,
KAFFRINE,KOUNGHEUL,KOUNGHEUL,KOUNGHEUL,31149.0,3651.0,SN040302,Ida Mouride,SN0403,Koungheul,chef_lieu_hdx,"sen_admincapitals (-14.8014, 13.9766)",accord
KAFFRINE,KOUNGHEUL,LOUR ESCALE,LOUR ESCALE,34905.0,3413.0,SN040303,Lour Escale,SN0403,Koungheul,nom_arrondissement,nom identique,
KAFFRINE,KOUNGHEUL,LOUR ESCALE,RIBOT ESCALE,23010.0,2265.0,SN040303,Lour Escale,SN0403,Koungheul,nom_arrondissement,nom identique,
KAFFRINE,KOUNGHEUL,MISSIRAH WADENE,MAKA YOP,19428.0,1663.0,SN040301,Missira Wadène,SN0403,Koungheul,nom_arrondissement,alias MISSIRAHWADENE -> MISSIRAWADENE,
KAFFRINE,KOUNGHEUL,MISSIRAH WADENE,MISSIRAH WADENE,29827.0,2554.0,SN040301,Missira Wadène,SN0403,Koungheul,nom_arrondissement,alias MISSIRAHWADENE -> MISSIRAWADENE,
KAFFRINE,KOUNGHEUL,MISSIRAH WADENE,NGAINTHE PATHE,25769.0,2451.0,SN040301,Missira Wadène,SN0403,Koungheul,nom_arrondissement,alias MISSIRAHWADENE -> MISSIRAWADENE,
KAFFRINE,MALEM HODDAR,DAROU MINAM 2,DAROU MINAM,21301.0,1996.0,SN040401,Darou Minam 2,SN0404,Malem-Hodar,nom_arrondissement,nom identique,
KAFFRINE,MALEM HODDAR,DAROU MINAM 2,KHELCOM,1834.0,9.0,SN040401,Darou Minam 2,SN0404,Malem-Hodar,nom_arrondissement,nom identique,
KAFFRINE,MALEM HODDAR,DAROU MINAM 2,NDIOBENE SAMBA LAMO,8581.0,846.0,SN040401,Darou Minam 2,SN0404,Malem-Hodar,nom_arrondissement,nom identique,
KAFFRINE,MALEM HODDAR,DAROU MINAM 2,NDIOUM NGAINTH,12613.0,1208.0,SN040401,Darou Minam 2,SN0404,Malem-Hodar,nom_arrondissement,nom identique,
KAFFRINE,MALEM HODDAR,MALEM HODDAR,MALEM HODDAR,12188.0,993.0,SN040402,Sagna,SN0404,Malem-Hodar,chef_lieu_hdx,"sen_admincapitals (-15.2926, 14.0871)",accord
KAFFRINE,MALEM HODDAR,SAGNA,DIANKE SOUF,25357.0,2256.0,SN040402,Sagna,SN0404,Malem-Hodar,nom_arrondissement,nom identique,
KAFFRINE,MALEM HODDAR,SAGNA,SAGNA,53375.0,4041.0,SN040402,Sagna,SN0404,Malem-Hodar,nom_arrondissement,nom identique,
KAOLACK,GUINGUINEO,GUINGUINEO,GUINGUINEO,20340.0,2253.0,SN050101,Mbadakhoune,SN0501,Guinguinéo,chef_lieu_hdx,"sen_admincapitals (-15.9464, 14.2696)",accord
KAOLACK,GUINGUINEO,MBADAKHOUNE,FASS,6453.0,699.0,SN050101,Mbadakhoune,SN0501,Guinguinéo,nom_arrondissement,nom identique,
KAOLACK,GUINGUINEO,MBADAKHOUNE,KHELCOM BIRANE,16865.0,1474.0,SN050101,Mbadakhoune,SN0501,Guinguinéo,nom_arrondissement,nom identique,
KAOLACK,GUINGUINEO,MBADAKHOUNE,MBADAKHOUNE,25409.0,2514.0,SN050101,Mbadakhoune,SN0501,Guinguinéo,nom_arrondissement,nom identique,
KAOLACK,GUINGUINEO,MBADAKHOUNE,NDIAGO,13079.0,1206.0,SN050101,Mbadakhoune,SN0501,Guinguinéo,nom_arrondissement,nom identique,
KAOLACK,GUINGUINEO,MBADAKHOUNE,NGATHIE NAOUDE,18937.0,1651.0,SN050101,Mbadakhoune,SN0501,Guinguinéo,nom_arrondissement,nom identique,
KAOLACK,GUINGUINEO,NGUELOU,DARA MBOSS,6857.0,578.0,SN050102,Nguélou,SN0501,Guinguinéo,nom_arrondissement,nom identique,
KAOLACK,GUINGUINEO,NGUELOU,GAGNICK,10272.0,938.0,SN050102,Nguélou,SN0501,Guinguinéo,nom_arrondissement,nom identique,
KAOLACK,GUINGUINEO,NGUELOU,MBOSS,6094.0,545.0,SN050102,Nguélou,SN0501,Guinguinéo,nom_arrondissement,nom identique,
KAOLACK,GUINGUINEO,NGUELOU,NGUELOU,11324.0,1029.0,SN050102,Nguélou,SN0501,Guinguinéo,nom_arrondissement,nom identique,
KAOLACK,GUINGUINEO,NGUELOU,OUROUR,15267.0,1233.0,SN050102,Nguélou,SN0501,Guinguinéo,nom_arrondissement,nom identique,
KAOLACK,GUINGUINEO,NGUELOU,PANAL OUOLOF,9160.0,789.0,SN050102,Nguélou,SN0501,Guinguinéo,nom_arrondissement,nom identique,
KAOLACK,KAOLACK,KAHONE,KAHONE,26376.0,3018.0,SN050202,Koumbal,SN0502,Kaolack,point_osm,"OSM (-16.0369, 14.1588), hors contour : arrondissement le plus proche a 1.7 km",
KAOLACK,KAOLACK,KAOLACK,KAOLACK,298904.0,34873.0,SN050202,Koumbal,SN0502,Kaolack,chef_lieu_hdx,"sen_admincapitals (-16.0767, 14.1428)",accord
KAOLACK,KAOLACK,KOUMBAL,KEUR BAKA,29309.0,2478.0,SN050202,Koumbal,SN0502,Kaolack,nom_arrondissement,nom identique,
KAOLACK,KAOLACK,KOUMBAL,LATMINGUE,41156.0,3518.0,SN050202,Koumbal,SN0502,Kaolack,nom_arrondissement,nom identique,
KAOLACK,KAOLACK,KOUMBAL,NDOFFANE,18974.0,2118.0,SN050202,Koumbal,SN0502,Kaolack,nom_arrondissement,nom identique,
KAOLACK,KAOLACK,KOUMBAL,THIARE,35776.0,2807.0,SN050202,Koumbal,SN0502,Kaolack,nom_arrondissement,nom identique,
KAOLACK,KAOLACK,NDIEDIENG,KEUR SOCE,37567.0,3016.0,SN050203,Ndiédiéng,SN0502,Kaolack,nom_arrondissement,nom identique,
KAOLACK,KAOLACK,NDIEDIENG,NDIAFFATE,49493.0,4320.0,SN050203,Ndiédiéng,SN0502,Kaolack,nom_arrondissement,nom identique,
KAOLACK,KAOLACK,NDIEDIENG,NDIEDIENG,41021.0,3192.0,SN050203,Ndiédiéng,SN0502,Kaolack,nom_arrondissement,nom identique,
KAOLACK,KAOLACK,NGOTHIE,DYA,19866.0,1723.0,SN050201,Ngothie,SN0502,Kaolack,nom_arrondissement,nom identique,
KAOLACK,KAOLACK,NGOTHIE,GANDIAYE,18239.0,1911.0,SN050201,Ngothie,SN0502,Kaolack,nom_arrondissement,nom identique,
KAOLACK,KAOLACK,NGOTHIE,NDIEBEL,16636.0,1374.0,SN050201,Ngothie,SN0502,Kaolack,nom_arrondissement,nom identique,
KAOLACK,KAOLACK,NGOTHIE,SIBASSOR,11508.0,1272.0,SN050201,Ngothie,SN0502,Kaolack,nom_arrondissement,nom identique,
KAOLACK,KAOLACK,NGOTHIE,THIOMBY,19228.0,1653.0,SN050201,Ngothie,SN0502,Kaolack,nom_arrondissement,nom identique,
KAOLACK,NIORO,MEDINA SABAKH,KAYEMOR,34206.0,3006.0,SN050303,Médina Sabakh,SN0503,Nioro du Rip,nom_arrondissement,nom identique,
KAOLACK,NIORO,MEDINA SABAKH,MEDINA SABAKH,66096.0,5667.0,SN050303,Médina Sabakh,SN0503,Nioro du Rip,nom_arrondissement,nom identique,
KAOLACK,NIORO,MEDINA SABAKH,NGAYENE,35730.0,2821.0,SN050303,Médina Sabakh,SN0503,Nioro du Rip,nom_arrondissement,nom identique,
KAOLACK,NIORO,NIORO,NIORO,28491.0,3030.0,SN050301,Paoscoto,SN0503,Nioro du Rip,chef_lieu_hdx,"sen_admincapitals (-15.7731, 13.7433)",
KAOLACK,NIORO,PAOSKOTO,DABALY,15254.0,1068.0,SN050301,Paoscoto,SN0503,Nioro du Rip,nom_arrondissement,alias PAOSKOTO -> PAOSCOTO,
KAOLACK,NIORO,PAOSKOTO,DAROU SALAM,36161.0,2838.0,SN050301,Paoscoto,SN0503,Nioro du Rip,nom_arrondissement,alias PAOSKOTO -> PAOSCOTO,
KAOLACK,NIORO,PAOSKOTO,GAINTHE KAYE,41022.0,3161.0,SN050301,Paoscoto,SN0503,Nioro du Rip,nom_arrondissement,alias PAOSKOTO -> PAOSCOTO,
KAOLACK,NIORO,PAOSKOTO,PAOS KOTO,24988.0,1965.0,SN050301,Paoscoto,SN0503,Nioro du Rip,nom_arrondissement,alias PAOSKOTO -> PAOSCOTO,
KAOLACK,NIORO,PAOSKOTO,POROKHANE,46806.0,3679.0,SN050301,Paoscoto,SN0503,Nioro du Rip,nom_arrondissement,alias PAOSKOTO -> PAOSCOTO,
KAOLACK,NIORO,PAOSKOTO,TAIBA NIASSENE,38034.0,3051.0,SN050301,Paoscoto,SN0503,Nioro du Rip,nom_arrondissement,alias PAOSKOTO -> PAOSCOTO,
KAOLACK,NIORO,WACK NGOUNA,KEUR MABA DIAKHOU,36782.0,3024.0,SN050302,Wak Ngouna,SN0503,Nioro du Rip,nom_arrondissement,alias WACKNGOUNA -> WAKNGOUNA,
KAOLACK,NIORO,WACK NGOUNA,KEUR MADIABEL,16551.0,1617.0,SN050302,Wak Ngouna,SN0503,Nioro du Rip,nom_arrondissement,alias WACKNGOUNA -> WAKNGOUNA,
KAOLACK,NIORO,WACK NGOUNA,KEUR MANDONGO,13488.0,968.0,SN050302,Wak Ngouna,SN0503,Nioro du Rip,nom_arrondissement,alias WACKNGOUNA -> WAKNGOUNA,
KAOLACK,NIORO,WACK NGOUNA,NDRAME ESCALE,30098.0,2397.0,SN050302,Wak Ngouna,SN0503,Nioro du Rip,nom_arrondissement,alias WACKNGOUNA -> WAKNGOUNA,
KAOLACK,NIORO,WACK NGOUNA,WACK NGOUNA,48901.0,3824.0,SN050302,Wak Ngouna,SN0503,Nioro du Rip,nom_arrondissement,alias WACKNGOUNA -> WAKNGOUNA,
KEDOUGOU,KEDOUGOU,BANDAFASSI,BANDAFASSI,15840.0,1806.0,SN060101,Bandafassi,SN0601,Kédougou,nom_arrondissement,nom identique,
KEDOUGOU,KEDOUGOU,BANDAFASSI,DINDEFELO,7590.0,933.0,SN060101,Bandafassi,SN0601,Kédougou,nom_arrondissement,nom identique,
KEDOUGOU,KEDOUGOU,BANDAFASSI,NINEFECHA,8715.0,892.0,SN060101,Bandafassi,SN0601,Kédougou,nom_arrondissement,nom identique,
KEDOUGOU,KEDOUGOU,BANDAFASSI,TOMBORONCOTO,18360.0,2259.0,SN060101,Bandafassi,SN0601,Kédougou,nom_arrondissement,nom identique,
KEDOUGOU,KEDOUGOU,FONGOLIMBI,DIMBOLI,9023.0,1324.0,SN060102,Fongolembi,SN0601,Kédougou,nom_arrondissement,alias FONGOLIMBI -> FONGOLEMBI,
KEDOUGOU,KEDOUGOU,FONGOLIMBI,FONGOLIMBI,5507.0,780.0,SN060102,Fongolembi,SN0601,Kédougou,nom_arrondissement,alias FONGOLIMBI -> FONGOLEMBI,
KEDOUGOU,KEDOUGOU,KEDOUGOU,KEDOUGOU,59231.0,8116.0,SN060101,Bandafassi,SN0601,Kédougou,chef_lieu_hdx,"sen_admincapitals (-12.1914, 12.5608)",accord
KEDOUGOU,SALEMATA,DAKATELY,DAKATELY,4767.0,594.0,SN060202,Dakatéli,SN0602,Salémata,nom_arrondissement,alias DAKATELY -> DAKATELI,
KEDOUGOU,SALEMATA,DAKATELY,KEVOYE,5559.0,748.0,SN060202,Dakatéli,SN0602,Salémata,nom_arrondissement,alias DAKATELY -> DAKATELI,
KEDOUGOU,SALEMATA,DAR SALAM,DAR SALAM,4165.0,625.0,SN060201,Dar Salam,SN0602,Salémata,nom_arrondissement,nom identique,
KEDOUGOU,SALEMATA,DAR SALAM,ETHIOLO,4310.0,613.0,SN060201,Dar Salam,SN0602,Salémata,nom_arrondissement,nom identique,
KEDOUGOU,SALEMATA,DAR SALAM,OUBADJI,2513.0,413.0,SN060201,Dar Salam,SN0602,Salémata,nom_arrondissement,nom identique,
KEDOUGOU,SALEMATA,SALEMATA,SALEMATA,6712.0,1066.0,SN060201,Dar Salam,SN0602,Salémata,chef_lieu_hdx,"sen_admincapitals (-12.8208, 12.6316)",accord
KEDOUGOU,SARAYA,BEMBOU,BEMBOU,26820.0,3376.0,SN060302,Bembou,SN0603,Saraya,nom_arrondissement,nom identique,
KEDOUGOU,SARAYA,BEMBOU,MEDINA BAFFE,10743.0,1224.0,SN060302,Bembou,SN0603,Saraya,nom_arrondissement,nom identique,
KEDOUGOU,SARAYA,SABODALA,KHOSSANTO,11176.0,1172.0,SN060301,Sabodala,SN0603,Saraya,nom_arrondissement,nom identique,
KEDOUGOU,SARAYA,SABODALA,MISSIRAH SIRIMANA,21715.0,2640.0,SN060301,Sabodala,SN0603,Saraya,nom_arrondissement,nom identique,
KEDOUGOU,SARAYA,SABODALA,SABODALA,18016.0,2348.0,SN060301,Sabodala,SN0603,Saraya,nom_arrondissement,nom identique,
KEDOUGOU,SARAYA,SARAYA,SARAYA,4385.0,629.0,SN060302,Bembou,SN0603,Saraya,chef_lieu_hdx,"sen_admincapitals (-11.7560, 12.8341)",accord
KOLDA,KOLDA,DIOULACOLON,DIOULACOLON,32090.0,3361.0,SN070103,Dioulacolon,SN0701,Kolda,nom_arrondissement,nom identique,
KOLDA,KOLDA,DIOULACOLON,GUIRO YERO BOCAR,18900.0,1453.0,SN070103,Dioulacolon,SN0701,Kolda,nom_arrondissement,nom identique,
KOLDA,KOLDA,DIOULACOLON,MEDINA EL HADJ,15204.0,1111.0,SN070103,Dioulacolon,SN0701,Kolda,nom_arrondissement,nom identique,
KOLDA,KOLDA,DIOULACOLON,SALIKEGNE,4641.0,406.0,SN070103,Dioulacolon,SN0701,Kolda,nom_arrondissement,nom identique,
KOLDA,KOLDA,DIOULACOLON,SARE YOBA DIEGA,4199.0,418.0,SN070103,Dioulacolon,SN0701,Kolda,nom_arrondissement,nom identique,
KOLDA,KOLDA,DIOULACOLON,TANKANTO ESCALE,18348.0,1463.0,SN070103,Dioulacolon,SN0701,Kolda,nom_arrondissement,nom identique,
KOLDA,KOLDA,KOLDA,KOLDA,103574.0,12539.0,SN070102,Saré Bidji,SN0701,Kolda,chef_lieu_hdx,"sen_admincapitals (-14.9396, 12.8920)",accord
KOLDA,KOLDA,MAMPATIM,BAGADADJI,20086.0,1863.0,SN070101,Mampatim,SN0701,Kolda,nom_arrondissement,nom identique,
KOLDA,KOLDA,MAMPATIM,COUMBACARA,15025.0,1282.0,SN070101,Mampatim,SN0701,Kolda,nom_arrondissement,nom identique,
KOLDA,KOLDA,MAMPATIM,DABO,9611.0,1010.0,SN070101,Mampatim,SN0701,Kolda,nom_arrondissement,nom identique,
KOLDA,KOLDA,MAMPATIM,DIALAMBERE,16959.0,1459.0,SN070101,Mampatim,SN0701,Kolda,nom_arrondissement,nom identique,
KOLDA,KOLDA,MAMPATIM,MAMPATIM,21955.0,1956.0,SN070101,Mampatim,SN0701,Kolda,nom_arrondissement,nom identique,
KOLDA,KOLDA,MAMPATIM,MEDINA CHERIF,15918.0,1482.0,SN070101,Mampatim,SN0701,Kolda,nom_arrondissement,nom identique,
KOLDA,KOLDA,SARE BIDJI,SARE BIDJI,22371.0,2012.0,SN070102,Saré Bidji,SN0701,Kolda,nom_arrondissement,nom identique,
KOLDA,KOLDA,SARE BIDJI,THIETTY,5311.0,493.0,SN070102,Saré Bidji,SN0701,Kolda,nom_arrondissement,nom identique,
KOLDA,MEDINA YORO FOULAH,FAFACOUROU,BADION,17878.0,1202.0,SN070203,Fafacourou,SN0702,Médina-Yorofoula,nom_arrondissement,nom identique,
KOLDA,MEDINA YORO FOULAH,FAFACOUROU,FAFACOUROU,10911.0,787.0,SN070203,Fafacourou,SN0702,Médina-Yorofoula,nom_arrondissement,nom identique,
KOLDA,MEDINA YORO FOULAH,MEDINA YORO FOULAH,MEDINA YORO FOULAH,4936.0,618.0,SN070202,Niaming,SN0702,Médina-Yorofoula,chef_lieu_hdx,"sen_admincapitals (-14.7150, 13.2933)",accord
KOLDA,MEDINA YORO FOULAH,NDORNA,BIGNARABE,7766.0,725.0,SN070201,Ndorna,SN0702,Médina-Yorofoula,nom_arrondissement,nom identique,
KOLDA,MEDINA YORO FOULAH,NDORNA,BOUROUCO,35461.0,2937.0,SN070201,Ndorna,SN0702,Médina-Yorofoula,nom_arrondissement,nom identique,
KOLDA,MEDINA YORO FOULAH,NDORNA,KOULINTO,8675.0,651.0,SN070201,Ndorna,SN0702,Médina-Yorofoula,nom_arrondissement,nom identique,
KOLDA,MEDINA YORO FOULAH,NDORNA,NDORNA,16168.0,1877.0,SN070201,Ndorna,SN0702,Médina-Yorofoula,nom_arrondissement,nom identique,
KOLDA,MEDINA YORO FOULAH,NIAMING,DINGUIRAYE,18514.0,1564.0,SN070202,Niaming,SN0702,Médina-Yorofoula,nom_arrondissement,nom identique,
KOLDA,MEDINA YORO FOULAH,NIAMING,KEREWANE,41030.0,2956.0,SN070202,Niaming,SN0702,Médina-Yorofoula,nom_arrondissement,nom identique,
KOLDA,MEDINA YORO FOULAH,NIAMING,NIAMING,19852.0,1519.0,SN070202,Niaming,SN0702,Médina-Yorofoula,nom_arrondissement,nom identique,
KOLDA,MEDINA YORO FOULAH,NIAMING,PATA,4265.0,346.0,SN070202,Niaming,SN0702,Médina-Yorofoula,nom_arrondissement,nom identique,
KOLDA,VELINGARA,BONCONTO,BONCONTO,13455.0,1444.0,SN070301,Bonconto,SN0703,Vélingara,nom_arrondissement,nom identique,
KOLDA,VELINGARA,BONCONTO,LINKERING,22486.0,2477.0,SN070301,Bonconto,SN0703,Vélingara,nom_arrondissement,nom identique,
KOLDA,VELINGARA,BONCONTO,MEDINA GOUNASS,91085.0,6878.0,SN070301,Bonconto,SN0703,Vélingara,nom_arrondissement,nom identique,
KOLDA,VELINGARA,BONCONTO,SINTHIANG KOUNDARA,38288.0,3747.0,SN070301,Bonconto,SN0703,Vélingara,nom_arrondissement,nom identique,
KOLDA,VELINGARA,PAKOUR,OUASSADOU,20849.0,1934.0,SN070302,Pakour,SN0703,Vélingara,nom_arrondissement,nom identique,
KOLDA,VELINGARA,PAKOUR,PAKOUR,16237.0,1521.0,SN070302,Pakour,SN0703,Vélingara,nom_arrondissement,nom identique,
KOLDA,VELINGARA,PAKOUR,PAROUMBA,19220.0,2071.0,SN070302,Pakour,SN0703,Vélingara,nom_arrondissement,nom identique,
KOLDA,VELINGARA,SARE COLY SALLE,DIAOBE KABENDOU,41411.0,4913.0,SN070303,Saré Coly Sallé,SN0703,Vélingara,nom_arrondissement,nom identique,
KOLDA,VELINGARA,SARE COLY SALLE,KANDIA,28768.0,1768.0,SN070303,Saré Coly Sallé,SN0703,Vélingara,nom_arrondissement,nom identique,
KOLDA,VELINGARA,SARE COLY SALLE,KANDIAYE,15351.0,1461.0,SN070303,Saré Coly Sallé,SN0703,Vélingara,nom_arrondissement,nom identique,
KOLDA,VELINGARA,SARE COLY SALLE,KOUNKANE,16216.0,1726.0,SN070303,Saré Coly Sallé,SN0703,Vélingara,nom_arrondissement,nom identique,
KOLDA,VELINGARA,SARE COLY SALLE,NEMATABA,11883.0,1126.0,SN070303,Saré Coly Sallé,SN0703,Vélingara,nom_arrondissement,nom identique,
KOLDA,VELINGARA,SARE COLY SALLE,SARE COLY SALLE,24469.0,2291.0,SN070303,Saré Coly Sallé,SN0703,Vélingara,nom_arrondissement,nom identique,
KOLDA,VELINGARA,VELINGARA,VELINGARA,45431.0,5694.0,SN070303,Saré Coly Sallé,SN0703,Vélingara,chef_lieu_hdx,"sen_admincapitals (-14.1107, 13.1500)",accord
LOUGA,KEBEMER,DAROU MOUHTY,DAROU MARNANE,14074.0,1364.0,SN080102,Darou Mousty,SN0801,Kébémer,nom_arrondissement,alias DAROUMOUHTY -> DAROUMOUSTY,
LOUGA,KEBEMER,DAROU MOUHTY,DAROU MOUHTY,52524.0,5274.0,SN080102,Darou Mousty,SN0801,Kébémer,nom_arrondissement,alias DAROUMOUHTY -> DAROUMOUSTY,
LOUGA,KEBEMER,DAROU MOUHTY,MBACKE CAJOR,6234.0,697.0,SN080102,Darou Mousty,SN0801,Kébémer,nom_arrondissement,alias DAROUMOUHTY -> DAROUMOUSTY,
LOUGA,KEBEMER,DAROU MOUHTY,MBADIANE,10240.0,981.0,SN080102,Darou Mousty,SN0801,Kébémer,nom_arrondissement,alias DAROUMOUHTY -> DAROUMOUSTY,
LOUGA,KEBEMER,DAROU MOUHTY,NDOYENE,6517.0,641.0,SN080102,Darou Mousty,SN0801,Kébémer,nom_arrondissement,alias DAROUMOUHTY -> DAROUMOUSTY,
LOUGA,KEBEMER,DAROU MOUHTY,SAM YABAL,12210.0,1887.0,SN080102,Darou Mousty,SN0801,Kébémer,nom_arrondissement,alias DAROUMOUHTY -> DAROUMOUSTY,
LOUGA,KEBEMER,DAROU MOUHTY,TOUBA MERINA,9556.0,1393.0,SN080102,Darou Mousty,SN0801,Kébémer,nom_arrondissement,alias DAROUMOUHTY -> DAROUMOUSTY,
LOUGA,KEBEMER,KEBEMER,KEBEMER,27305.0,3351.0,SN080101,Ndande,SN0801,Kébémer,chef_lieu_hdx,"sen_admincapitals (-16.4485, 15.3723)",accord
LOUGA,KEBEMER,NDANDE,BADEGNE OUOLOF,19038.0,1898.0,SN080101,Ndande,SN0801,Kébémer,nom_arrondissement,nom identique,
LOUGA,KEBEMER,NDANDE,DIOKOUL DIAWRIGNE,21044.0,1966.0,SN080101,Ndande,SN0801,Kébémer,nom_arrondissement,nom identique,
LOUGA,KEBEMER,NDANDE,GUEOUL,10547.0,1081.0,SN080101,Ndande,SN0801,Kébémer,nom_arrondissement,nom identique,
LOUGA,KEBEMER,NDANDE,KAB GAYE,14560.0,1255.0,SN080101,Ndande,SN0801,Kébémer,nom_arrondissement,nom identique,
LOUGA,KEBEMER,NDANDE,NDANDE,32065.0,2731.0,SN080101,Ndande,SN0801,Kébémer,nom_arrondissement,nom identique,
LOUGA,KEBEMER,NDANDE,THIEPPE,23419.0,2394.0,SN080101,Ndande,SN0801,Kébémer,nom_arrondissement,nom identique,
LOUGA,KEBEMER,SAGATTA,KANENE NDIOB,11358.0,1007.0,SN080103,Sagata Geth,SN0801,Kébémer,nom_arrondissement,alias SAGATTA -> SAGATAGETH,
LOUGA,KEBEMER,SAGATTA,LORO,9708.0,934.0,SN080103,Sagata Geth,SN0801,Kébémer,nom_arrondissement,alias SAGATTA -> SAGATAGETH,
LOUGA,KEBEMER,SAGATTA,NGOURANE OUOLOF,12366.0,1182.0,SN080103,Sagata Geth,SN0801,Kébémer,nom_arrondissement,alias SAGATTA -> SAGATAGETH,
LOUGA,KEBEMER,SAGATTA,SAGATTA GUETH,18114.0,1709.0,SN080103,Sagata Geth,SN0801,Kébémer,nom_arrondissement,alias SAGATTA -> SAGATAGETH,
LOUGA,KEBEMER,SAGATTA,THIOLOM FALL,24994.0,2343.0,SN080103,Sagata Geth,SN0801,Kébémer,nom_arrondissement,alias SAGATTA -> SAGATAGETH,
LOUGA,LINGUERE,BARKEDJI,BARKEDJI,25122.0,3030.0,SN080203,Barkédji,SN0802,Linguère,nom_arrondissement,nom identique,
LOUGA,LINGUERE,BARKEDJI,GASSANE,24141.0,2349.0,SN080203,Barkédji,SN0802,Linguère,nom_arrondissement,nom identique,
LOUGA,LINGUERE,BARKEDJI,THIARNY,10893.0,1411.0,SN080203,Barkédji,SN0802,Linguère,nom_arrondissement,nom identique,
LOUGA,LINGUERE,BARKEDJI,THIEL,16934.0,2084.0,SN080203,Barkédji,SN0802,Linguère,nom_arrondissement,nom identique,
LOUGA,LINGUERE,DAHRA,DAHRA,45530.0,4879.0,SN080202,Sagata Diolof,SN0802,Linguère,point_osm,"OSM (-15.4810, 15.3495)",
LOUGA,LINGUERE,DODJI,DODJI,19091.0,2590.0,SN080204,Dodji,SN0802,Linguère,nom_arrondissement,nom identique,
LOUGA,LINGUERE,DODJI,LABGAR,10547.0,1493.0,SN080204,Dodji,SN0802,Linguère,nom_arrondissement,nom identique,
LOUGA,LINGUERE,DODJI,OUARKHOKH,20861.0,2662.0,SN080204,Dodji,SN0802,Linguère,nom_arrondissement,nom identique,
LOUGA,LINGUERE,LINGUERE,LINGUERE,19191.0,2156.0,SN080204,Dodji,SN0802,Linguère,chef_lieu_hdx,"sen_admincapitals (-15.1202, 15.3966)",accord
LOUGA,LINGUERE,SAGATTA DJOLOF,AFFE DJOLOF,6796.0,671.0,SN080202,Sagata Diolof,SN0802,Linguère,nom_arrondissement,alias SAGATTADJOLOF -> SAGATADIOLOF,
LOUGA,LINGUERE,SAGATTA DJOLOF,BOULAL,12430.0,1640.0,SN080202,Sagata Diolof,SN0802,Linguère,nom_arrondissement,alias SAGATTADJOLOF -> SAGATADIOLOF,
LOUGA,LINGUERE,SAGATTA DJOLOF,DEALY,26745.0,2626.0,SN080202,Sagata Diolof,SN0802,Linguère,nom_arrondissement,alias SAGATTADJOLOF -> SAGATADIOLOF,
LOUGA,LINGUERE,SAGATTA DJOLOF,SAGATTA DJOLOF,13971.0,1354.0,SN080202,Sagata Diolof,SN0802,Linguère,nom_arrondissement,alias SAGATTADJOLOF -> SAGATADIOLOF,
LOUGA,LINGUERE,SAGATTA DJOLOF,THIAMENE PASSE,20136.0,2116.0,SN080202,Sagata Diolof,SN0802,Linguère,nom_arrondissement,alias SAGATTADJOLOF -> SAGATADIOLOF,
LOUGA,LINGUERE,YANG YANG,KAMB,10962.0,1564.0,SN080201,Yang-Yang,SN0802,Linguère,nom_arrondissement,nom identique,
LOUGA,LINGUERE,YANG YANG,MBEULEUKHE,1968.0,191.0,SN080201,Yang-Yang,SN0802,Linguère,nom_arrondissement,nom identique,
LOUGA,LINGUERE,YANG YANG,MBOULA,9420.0,1200.0,SN080201,Yang-Yang,SN0802,Linguère,nom_arrondissement,nom identique,
LOUGA,LINGUERE,YANG YANG,TESSEKERE FORAGE,11691.0,1745.0,SN080201,Yang-Yang,SN0802,Linguère,nom_arrondissement,nom identique,
LOUGA,LINGUERE,YANG YANG,YANG YANG,5795.0,775.0,SN080201,Yang-Yang,SN0802,Linguère,nom_arrondissement,nom identique,
LOUGA,LOUGA,COKI,COKI,29317.0,2513.0,SN080302,Koki,SN0803,Louga,nom_arrondissement,alias COKI -> KOKI,
LOUGA,LOUGA,COKI,GUET ARDO,11257.0,1024.0,SN080302,Koki,SN0803,Louga,nom_arrondissement,alias COKI -> KOKI,
LOUGA,LOUGA,COKI,NDIAGNE,10046.0,854.0,SN080302,Koki,SN0803,Louga,nom_arrondissement,alias COKI -> KOKI,
LOUGA,LOUGA,COKI,PETE OUARACK,6187.0,575.0,SN080302,Koki,SN0803,Louga,nom_arrondissement,alias COKI -> KOKI,
LOUGA,LOUGA,COKI,THIAMENE,19808.0,2031.0,SN080302,Koki,SN0803,Louga,nom_arrondissement,alias COKI -> KOKI,
LOUGA,LOUGA,KEUR MOMAR SARR,GANDE,17197.0,2159.0,SN080301,Keur Momar Sarr,SN0803,Louga,nom_arrondissement,nom identique,
LOUGA,LOUGA,KEUR MOMAR SARR,KEUR MOMAR SARR,40451.0,4734.0,SN080301,Keur Momar Sarr,SN0803,Louga,nom_arrondissement,nom identique,
LOUGA,LOUGA,KEUR MOMAR SARR,NGUER MALAL,34247.0,3480.0,SN080301,Keur Momar Sarr,SN0803,Louga,nom_arrondissement,nom identique,
LOUGA,LOUGA,KEUR MOMAR SARR,SYER,13843.0,2230.0,SN080301,Keur Momar Sarr,SN0803,Louga,nom_arrondissement,nom identique,
LOUGA,LOUGA,LOUGA,LOUGA,113365.0,12931.0,SN080303,Mbédiène,SN0803,Louga,chef_lieu_hdx,"sen_admincapitals (-16.2265, 15.6209)",accord
LOUGA,LOUGA,MBEDIENE,KELE GUEYE,13749.0,1171.0,SN080303,Mbédiène,SN0803,Louga,nom_arrondissement,nom identique,
LOUGA,LOUGA,MBEDIENE,MBEDIENE,14438.0,1420.0,SN080303,Mbédiène,SN0803,Louga,nom_arrondissement,nom identique,
LOUGA,LOUGA,MBEDIENE,NGUIDILE,32327.0,2965.0,SN080303,Mbédiène,SN0803,Louga,nom_arrondissement,nom identique,
LOUGA,LOUGA,MBEDIENE,NIOMRE,21136.0,2021.0,SN080303,Mbédiène,SN0803,Louga,nom_arrondissement,nom identique,
LOUGA,LOUGA,SAKAL,LEONA,46268.0,5303.0,SN080304,Sakal,SN0803,Louga,nom_arrondissement,nom identique,
LOUGA,LOUGA,SAKAL,NGUEUNE SARR,21660.0,1909.0,SN080304,Sakal,SN0803,Louga,nom_arrondissement,nom identique,
LOUGA,LOUGA,SAKAL,SAKAL,32469.0,3238.0,SN080304,Sakal,SN0803,Louga,nom_arrondissement,nom identique,
MATAM,KANEL,KANEL,KANEL,15244.0,1249.0,SN090101,Ouro Sidi,SN0901,Kanel,chef_lieu_hdx,"sen_admincapitals (-13.1759, 15.4908)",accord
MATAM,KANEL,ORKADIERE,AOURE,55799.0,3933.0,SN090102,Orkadiéré,SN0901,Kanel,nom_arrondissement,nom identique,
MATAM,KANEL,ORKADIERE,BOKILADJI,46164.0,2770.0,SN090102,Orkadiéré,SN0901,Kanel,nom_arrondissement,nom identique,
MATAM,KANEL,ORKADIERE,DEMBANCANE,5781.0,349.0,SN090102,Orkadiéré,SN0901,Kanel,nom_arrondissement,nom identique,
MATAM,KANEL,ORKADIERE,ODOBERE,7384.0,508.0,SN090102,Orkadiéré,SN0901,Kanel,nom_arrondissement,nom identique,
MATAM,KANEL,ORKADIERE,ORKADIERE,56051.0,3656.0,SN090102,Orkadiéré,SN0901,Kanel,nom_arrondissement,nom identique,
MATAM,KANEL,ORKADIERE,OUAOUNDE,9376.0,748.0,SN090102,Orkadiéré,SN0901,Kanel,nom_arrondissement,nom identique,
MATAM,KANEL,ORKADIERE,SEMME,9213.0,653.0,SN090102,Orkadiéré,SN0901,Kanel,nom_arrondissement,nom identique,
MATAM,KANEL,WOURO SIDY,HAMADY HOUNARE,12646.0,862.0,SN090101,Ouro Sidi,SN0901,Kanel,nom_arrondissement,alias WOUROSIDY -> OUROSIDI,
MATAM,KANEL,WOURO SIDY,NDENDORY,50965.0,3607.0,SN090101,Ouro Sidi,SN0901,Kanel,nom_arrondissement,alias WOUROSIDY -> OUROSIDI,
MATAM,KANEL,WOURO SIDY,SINTHIOU BAMAMBE BANADJI,20048.0,1277.0,SN090101,Ouro Sidi,SN0901,Kanel,nom_arrondissement,alias WOUROSIDY -> OUROSIDI,
MATAM,KANEL,WOURO SIDY,WOURO SIDY,52849.0,4660.0,SN090101,Ouro Sidi,SN0901,Kanel,nom_arrondissement,alias WOUROSIDY -> OUROSIDI,
MATAM,MATAM,AGNAM CIVOL,AGNAM CIVOL,33358.0,3114.0,SN090202,Agnam Civol,SN0902,Matam,nom_arrondissement,nom identique,
MATAM,MATAM,AGNAM CIVOL,DABIA,29197.0,2742.0,SN090202,Agnam Civol,SN0902,Matam,nom_arrondissement,nom identique,
MATAM,MATAM,AGNAM CIVOL,NGUIDJILONE,14423.0,1181.0,SN090202,Agnam Civol,SN0902,Matam,nom_arrondissement,nom identique,
MATAM,MATAM,AGNAM CIVOL,OREFONDE,25799.0,2597.0,SN090202,Agnam Civol,SN0902,Matam,nom_arrondissement,nom identique,
MATAM,MATAM,AGNAM CIVOL,THILOGNE,15044.0,1453.0,SN090202,Agnam Civol,SN0902,Matam,nom_arrondissement,nom identique,
MATAM,MATAM,MATAM,MATAM,27695.0,2757.0,SN090201,Ogo,SN0902,Matam,chef_lieu_hdx,"sen_admincapitals (-13.2635, 15.6537)",accord
MATAM,MATAM,OGO,BOKIDIAWE,73400.0,6062.0,SN090201,Ogo,SN0902,Matam,nom_arrondissement,nom identique,
MATAM,MATAM,OGO,NABADJI CIVOL,75055.0,6293.0,SN090201,Ogo,SN0902,Matam,nom_arrondissement,nom identique,
MATAM,MATAM,OGO,OGO,65694.0,5389.0,SN090201,Ogo,SN0902,Matam,nom_arrondissement,nom identique,
MATAM,MATAM,OUROSSOGUI,OUROSSOGUI,27222.0,3024.0,SN090201,Ogo,SN0902,Matam,point_osm,"OSM (-13.3211, 15.6065)",
MATAM,RANEROU FERLO,RANEROU,RANEROU,4648.0,673.0,SN090301,Vélingara,SN0903,Ranérou,departement_un_seul_arrondissement,,accord
MATAM,RANEROU FERLO,VELINGARA,LOUGRE THIOLY,11070.0,1681.0,SN090301,Vélingara,SN0903,Ranérou,nom_arrondissement,nom identique,
MATAM,RANEROU FERLO,VELINGARA,OUDALAYE,52301.0,6219.0,SN090301,Vélingara,SN0903,Ranérou,nom_arrondissement,nom identique,
MATAM,RANEROU FERLO,VELINGARA,VELINGARA,35206.0,4514.0,SN090301,Vélingara,SN0903,Ranérou,nom_arrondissement,nom identique,
SAINT-LOUIS,DAGANA,DAGANA,DAGANA,26568.0,3189.0,SN100102,Mbane,SN1001,Dagana,chef_lieu_hdx,"sen_admincapitals (-15.5000, 16.5179)",accord
SAINT-LOUIS,DAGANA,MBANE,BOKHOL,22651.0,2577.0,SN100102,Mbane,SN1001,Dagana,nom_arrondissement,nom identique,
SAINT-LOUIS,DAGANA,MBANE,GAE,12296.0,1129.0,SN100102,Mbane,SN1001,Dagana,nom_arrondissement,nom identique,
SAINT-LOUIS,DAGANA,MBANE,MBANE,40754.0,5258.0,SN100102,Mbane,SN1001,Dagana,nom_arrondissement,nom identique,
SAINT-LOUIS,DAGANA,MBANE,NDOMBO SANDJIRY,6180.0,637.0,SN100102,Mbane,SN1001,Dagana,nom_arrondissement,nom identique,
SAINT-LOUIS,DAGANA,NDIAYE,DIAMA,48498.0,5888.0,SN100101,Ndiaye Ngènt,SN1001,Dagana,nom_arrondissement,alias NDIAYE -> NDIAYENGENT,
SAINT-LOUIS,DAGANA,NDIAYE,NGNITH,32709.0,3677.0,SN100101,Ndiaye Ngènt,SN1001,Dagana,nom_arrondissement,alias NDIAYE -> NDIAYENGENT,
SAINT-LOUIS,DAGANA,NDIAYE,RONKH,27736.0,3542.0,SN100101,Ndiaye Ngènt,SN1001,Dagana,nom_arrondissement,alias NDIAYE -> NDIAYENGENT,
SAINT-LOUIS,DAGANA,NDIAYE,ROSS BETHIO,16225.0,1859.0,SN100101,Ndiaye Ngènt,SN1001,Dagana,nom_arrondissement,alias NDIAYE -> NDIAYENGENT,
SAINT-LOUIS,DAGANA,NDIAYE,ROSSO,22299.0,2523.0,SN100101,Ndiaye Ngènt,SN1001,Dagana,nom_arrondissement,alias NDIAYE -> NDIAYENGENT,
SAINT-LOUIS,DAGANA,RICHARD TOLL,RICHARD TOLL,73147.0,9173.0,SN100102,Mbane,SN1001,Dagana,point_osm,"OSM (-15.6884, 16.4663)",
SAINT-LOUIS,PODOR,CAS CAS,AERE LAO,14384.0,1516.0,SN100204,Cas Cas,SN1002,Podor,nom_arrondissement,nom identique,
SAINT-LOUIS,PODOR,CAS CAS,DOUMGA LAO,43611.0,5050.0,SN100204,Cas Cas,SN1002,Podor,nom_arrondissement,nom identique,
SAINT-LOUIS,PODOR,CAS CAS,GOLLERE,7124.0,679.0,SN100204,Cas Cas,SN1002,Podor,nom_arrondissement,nom identique,
SAINT-LOUIS,PODOR,CAS CAS,MADINA NDIATHBE,41491.0,4681.0,SN100204,Cas Cas,SN1002,Podor,nom_arrondissement,nom identique,
SAINT-LOUIS,PODOR,CAS CAS,MBOUMBA,5457.0,617.0,SN100204,Cas Cas,SN1002,Podor,nom_arrondissement,nom identique,
SAINT-LOUIS,PODOR,CAS CAS,MERY,22731.0,2387.0,SN100204,Cas Cas,SN1002,Podor,nom_arrondissement,nom identique,
SAINT-LOUIS,PODOR,CAS CAS,WALALDE,4387.0,416.0,SN100204,Cas Cas,SN1002,Podor,nom_arrondissement,nom identique,
SAINT-LOUIS,PODOR,GAMADJI SARE,BODE LAO,3760.0,326.0,SN100201,Gamadji Sarré,SN1002,Podor,nom_arrondissement,alias GAMADJISARE -> GAMADJISARRE,
SAINT-LOUIS,PODOR,GAMADJI SARE,DEMETTE,3414.0,354.0,SN100201,Gamadji Sarré,SN1002,Podor,nom_arrondissement,alias GAMADJISARE -> GAMADJISARRE,
SAINT-LOUIS,PODOR,GAMADJI SARE,DODEL,46316.0,5139.0,SN100201,Gamadji Sarré,SN1002,Podor,nom_arrondissement,alias GAMADJISARE -> GAMADJISARRE,
SAINT-LOUIS,PODOR,GAMADJI SARE,GAMADJI SARE,29971.0,3540.0,SN100201,Gamadji Sarré,SN1002,Podor,nom_arrondissement,alias GAMADJISARE -> GAMADJISARRE,
SAINT-LOUIS,PODOR,GAMADJI SARE,GUEDE CHANTIER,7002.0,574.0,SN100201,Gamadji Sarré,SN1002,Podor,nom_arrondissement,alias GAMADJISARE -> GAMADJISARRE,
SAINT-LOUIS,PODOR,GAMADJI SARE,GUEDE VILLAGE,52678.0,5413.0,SN100201,Gamadji Sarré,SN1002,Podor,nom_arrondissement,alias GAMADJISARE -> GAMADJISARRE,
SAINT-LOUIS,PODOR,NDIOUM,NDIOUM,20270.0,2033.0,SN100201,Gamadji Sarré,SN1002,Podor,point_osm,"OSM (-14.6475, 16.5100)",
SAINT-LOUIS,PODOR,PODOR,PODOR,12512.0,1544.0,SN100201,Gamadji Sarré,SN1002,Podor,chef_lieu_hdx,"sen_admincapitals (-14.9604, 16.6530)",accord
SAINT-LOUIS,PODOR,SALDE,BOKE DIALLOUBE,39506.0,4556.0,SN100203,Saldé,SN1002,Podor,nom_arrondissement,nom identique,
SAINT-LOUIS,PODOR,SALDE,GALOYA TOUCOULEUR,6501.0,690.0,SN100203,Saldé,SN1002,Podor,nom_arrondissement,nom identique,
SAINT-LOUIS,PODOR,SALDE,MBOLO BIRANE,31102.0,3577.0,SN100203,Saldé,SN1002,Podor,nom_arrondissement,nom identique,
SAINT-LOUIS,PODOR,SALDE,PETE,4835.0,526.0,SN100203,Saldé,SN1002,Podor,nom_arrondissement,nom identique,
SAINT-LOUIS,PODOR,THILE BOUBACAR,FANAYE,48174.0,5873.0,SN100202,Thillé Boubakar,SN1002,Podor,nom_arrondissement,alias THILEBOUBACAR -> THILLEBOUBAKAR,
SAINT-LOUIS,PODOR,THILE BOUBACAR,NDIAYENE PEINDAO,34012.0,4223.0,SN100202,Thillé Boubakar,SN1002,Podor,nom_arrondissement,alias THILEBOUBACAR -> THILLEBOUBAKAR,
SAINT-LOUIS,PODOR,THILE BOUBACAR,NIANDANE,6769.0,668.0,SN100202,Thillé Boubakar,SN1002,Podor,nom_arrondissement,alias THILEBOUBACAR -> THILLEBOUBAKAR,
SAINT-LOUIS,SAINT LOUIS,RAO,FASS NGOM,23154.0,2550.0,SN100301,Rao,SN1003,Saint Louis,nom_arrondissement,nom identique,
SAINT-LOUIS,SAINT LOUIS,RAO,GANDON,71080.0,8072.0,SN100301,Rao,SN1003,Saint Louis,nom_arrondissement,nom identique,
SAINT-LOUIS,SAINT LOUIS,RAO,MPAL,11025.0,1263.0,SN100301,Rao,SN1003,Saint Louis,nom_arrondissement,nom identique,
SAINT-LOUIS,SAINT LOUIS,RAO,NDIEBENE GANDIOLE,27938.0,2966.0,SN100301,Rao,SN1003,Saint Louis,nom_arrondissement,nom identique,
SAINT-LOUIS,SAINT LOUIS,SAINT LOUIS,SAINT LOUIS,254171.0,30865.0,SN100301,Rao,SN1003,Saint Louis,departement_un_seul_arrondissement,,accord
SEDHIOU,BOUNKILING,BOGHAL,BOGHAL,19561.0,1746.0,SN110102,Bogal,SN1101,Bounkiling,nom_arrondissement,alias BOGHAL -> BOGAL,
SEDHIOU,BOUNKILING,BOGHAL,DJINANY,4808.0,479.0,SN110102,Bogal,SN1101,Bounkiling,nom_arrondissement,alias BOGHAL -> BOGAL,
SEDHIOU,BOUNKILING,BOGHAL,NDIAMACOUTA,11543.0,912.0,SN110102,Bogal,SN1101,Bounkiling,nom_arrondissement,alias BOGHAL -> BOGAL,
SEDHIOU,BOUNKILING,BOGHAL,NDIAMALATHIEL,20305.0,1914.0,SN110102,Bogal,SN1101,Bounkiling,nom_arrondissement,alias BOGHAL -> BOGAL,
SEDHIOU,BOUNKILING,BOGHAL,TANKON,34349.0,2622.0,SN110102,Bogal,SN1101,Bounkiling,nom_arrondissement,alias BOGHAL -> BOGAL,
SEDHIOU,BOUNKILING,BONA,BONA,8880.0,874.0,SN110101,Bona,SN1101,Bounkiling,nom_arrondissement,nom identique,
SEDHIOU,BOUNKILING,BONA,DIACOUNDA,8458.0,723.0,SN110101,Bona,SN1101,Bounkiling,nom_arrondissement,nom identique,
SEDHIOU,BOUNKILING,BONA,INOR,12255.0,954.0,SN110101,Bona,SN1101,Bounkiling,nom_arrondissement,nom identique,
SEDHIOU,BOUNKILING,BONA,KANDION MANGANA,2381.0,216.0,SN110101,Bona,SN1101,Bounkiling,nom_arrondissement,nom identique,
SEDHIOU,BOUNKILING,BOUNKILING,BOUNKILING,9969.0,923.0,SN110101,Bona,SN1101,Bounkiling,chef_lieu_hdx,"sen_admincapitals (-15.6986, 13.0390)",accord
SEDHIOU,BOUNKILING,DIAROUME,DIAMBATI,14520.0,1074.0,SN110103,Diaroumé,SN1101,Bounkiling,nom_arrondissement,nom identique,
SEDHIOU,BOUNKILING,DIAROUME,DIAROUME,23718.0,1615.0,SN110103,Diaroumé,SN1101,Bounkiling,nom_arrondissement,nom identique,
SEDHIOU,BOUNKILING,DIAROUME,FAOUNE,18594.0,1564.0,SN110103,Diaroumé,SN1101,Bounkiling,nom_arrondissement,nom identique,
SEDHIOU,BOUNKILING,DIAROUME,MADINA WANDIFA,18531.0,1718.0,SN110103,Diaroumé,SN1101,Bounkiling,nom_arrondissement,nom identique,
SEDHIOU,GOUDOMP,DJIBANAR,DIATTACOUNDA,4949.0,581.0,SN110202,Djibanar,SN1102,Goudomp,nom_arrondissement,nom identique,
SEDHIOU,GOUDOMP,DJIBANAR,DJIBANAR,12165.0,1128.0,SN110202,Djibanar,SN1102,Goudomp,nom_arrondissement,nom identique,
SEDHIOU,GOUDOMP,DJIBANAR,KAOUR,5701.0,549.0,SN110202,Djibanar,SN1102,Goudomp,nom_arrondissement,nom identique,
SEDHIOU,GOUDOMP,DJIBANAR,MANGAROUNGOU SANTO,13689.0,1105.0,SN110202,Djibanar,SN1102,Goudomp,nom_arrondissement,nom identique,
SEDHIOU,GOUDOMP,DJIBANAR,SAMINE,6532.0,585.0,SN110202,Djibanar,SN1102,Goudomp,nom_arrondissement,nom identique,
SEDHIOU,GOUDOMP,DJIBANAR,SIMBANDI BALANTE,23237.0,2080.0,SN110202,Djibanar,SN1102,Goudomp,nom_arrondissement,nom identique,
SEDHIOU,GOUDOMP,DJIBANAR,YARANG BALANTE,15880.0,1321.0,SN110202,Djibanar,SN1102,Goudomp,nom_arrondissement,nom identique,
SEDHIOU,GOUDOMP,GOUDOMP,GOUDOMP,15993.0,1582.0,SN110202,Djibanar,SN1102,Goudomp,chef_lieu_hdx,"sen_admincapitals (-15.8750, 12.5725)",accord
SEDHIOU,GOUDOMP,KARANTABA,KARANTABA,18915.0,1119.0,SN110203,Karantaba,SN1102,Goudomp,nom_arrondissement,nom identique,
SEDHIOU,GOUDOMP,KARANTABA,KOLIBANTANG,12870.0,843.0,SN110203,Karantaba,SN1102,Goudomp,nom_arrondissement,nom identique,
SEDHIOU,GOUDOMP,SIMBANDI BRASSOU,BAGHERE,13492.0,936.0,SN110201,Simbandi Brassou,SN1102,Goudomp,nom_arrondissement,nom identique,
SEDHIOU,GOUDOMP,SIMBANDI BRASSOU,DIOUBOUDOU,6959.0,433.0,SN110201,Simbandi Brassou,SN1102,Goudomp,nom_arrondissement,nom identique,
SEDHIOU,GOUDOMP,SIMBANDI BRASSOU,NIAGHA,14730.0,1054.0,SN110201,Simbandi Brassou,SN1102,Goudomp,nom_arrondissement,nom identique,
SEDHIOU,GOUDOMP,SIMBANDI BRASSOU,SIMBANDI BRASSOU,16302.0,1267.0,SN110201,Simbandi Brassou,SN1102,Goudomp,nom_arrondissement,nom identique,
SEDHIOU,GOUDOMP,SIMBANDI BRASSOU,TANAFF,6683.0,643.0,SN110201,Simbandi Brassou,SN1102,Goudomp,nom_arrondissement,nom identique,
SEDHIOU,SEDHIOU,DIENDE,DIANNAH BA,9245.0,771.0,SN110301,Diendé,SN1103,Sédhiou,nom_arrondissement,nom identique,
SEDHIOU,SEDHIOU,DIENDE,DIANNAH MALARY,3272.0,333.0,SN110301,Diendé,SN1103,Sédhiou,nom_arrondissement,nom identique,
SEDHIOU,SEDHIOU,DIENDE,DIENDE,16703.0,1337.0,SN110301,Diendé,SN1103,Sédhiou,nom_arrondissement,nom identique,
SEDHIOU,SEDHIOU,DIENDE,KOUSSY,12759.0,1171.0,SN110301,Diendé,SN1103,Sédhiou,nom_arrondissement,nom identique,
SEDHIOU,SEDHIOU,DIENDE,OUDOUCAR,11972.0,891.0,SN110301,Diendé,SN1103,Sédhiou,nom_arrondissement,nom identique,
SEDHIOU,SEDHIOU,DIENDE,SAKAR,11535.0,874.0,SN110301,Diendé,SN1103,Sédhiou,nom_arrondissement,nom identique,
SEDHIOU,SEDHIOU,DIENDE,SAMA KANTA PEULH,4357.0,403.0,SN110301,Diendé,SN1103,Sédhiou,nom_arrondissement,nom identique,
SEDHIOU,SEDHIOU,DJIBABOUYA,BEMET BIDJINI,13816.0,963.0,SN110302,Djibabouya,SN1103,Sédhiou,nom_arrondissement,nom identique,
SEDHIOU,SEDHIOU,DJIBABOUYA,DJIBABOUYA,6845.0,455.0,SN110302,Djibabouya,SN1103,Sédhiou,nom_arrondissement,nom identique,
SEDHIOU,SEDHIOU,DJIBABOUYA,SAN SAMBA,18095.0,1363.0,SN110302,Djibabouya,SN1103,Sédhiou,nom_arrondissement,nom identique,
SEDHIOU,SEDHIOU,DJIREDJI,BAMBALY,20424.0,1481.0,SN110303,Djirédji,SN1103,Sédhiou,nom_arrondissement,nom identique,
SEDHIOU,SEDHIOU,DJIREDJI,DJIREDJI,22946.0,1612.0,SN110303,Djirédji,SN1103,Sédhiou,nom_arrondissement,nom identique,
SEDHIOU,SEDHIOU,MARSASSOUM,MARSASSOUM,9815.0,825.0,SN110302,Djibabouya,SN1103,Sédhiou,point_osm,"OSM (-15.9785, 12.8343)",
SEDHIOU,SEDHIOU,SEDHIOU,SEDHIOU,31511.0,3674.0,SN110301,Diendé,SN1103,Sédhiou,chef_lieu_hdx,"sen_admincapitals (-15.5573, 12.7056)",accord
TAMBACOUNDA,BAKEL,BAKEL,BAKEL,18939.0,2127.0,SN120102,Moudéri,SN1201,Bakel,chef_lieu_hdx,"sen_admincapitals (-12.4582, 14.9022)",accord
TAMBACOUNDA,BAKEL,BELE,BELE,25861.0,1670.0,SN120103,Bellé,SN1201,Bakel,nom_arrondissement,alias BELE -> BELLE,
TAMBACOUNDA,BAKEL,BELE,KIDIRA,13551.0,1404.0,SN120103,Bellé,SN1201,Bakel,nom_arrondissement,alias BELE -> BELLE,
TAMBACOUNDA,BAKEL,BELE,SINTHIOU FISSA,12900.0,768.0,SN120103,Bellé,SN1201,Bakel,nom_arrondissement,alias BELE -> BELLE,
TAMBACOUNDA,BAKEL,KENIEBA,GATHIARY,3973.0,169.0,SN120101,Kéniéba,SN1201,Bakel,nom_arrondissement,nom identique,
TAMBACOUNDA,BAKEL,KENIEBA,MADINA FOULBE,3803.0,413.0,SN120101,Kéniéba,SN1201,Bakel,nom_arrondissement,nom identique,
TAMBACOUNDA,BAKEL,KENIEBA,SADATOU,17259.0,1854.0,SN120101,Kéniéba,SN1201,Bakel,nom_arrondissement,nom identique,
TAMBACOUNDA,BAKEL,KENIEBA,TOUMBOURA,5028.0,315.0,SN120101,Kéniéba,SN1201,Bakel,nom_arrondissement,nom identique,
TAMBACOUNDA,BAKEL,MOUDERY,BALLOU,23958.0,1240.0,SN120102,Moudéri,SN1201,Bakel,nom_arrondissement,alias MOUDERY -> MOUDERI,
TAMBACOUNDA,BAKEL,MOUDERY,DIAWARA,12147.0,879.0,SN120102,Moudéri,SN1201,Bakel,nom_arrondissement,alias MOUDERY -> MOUDERI,
TAMBACOUNDA,BAKEL,MOUDERY,GABOU,28612.0,1781.0,SN120102,Moudéri,SN1201,Bakel,nom_arrondissement,alias MOUDERY -> MOUDERI,
TAMBACOUNDA,BAKEL,MOUDERY,MOUDERY,23906.0,1547.0,SN120102,Moudéri,SN1201,Bakel,nom_arrondissement,alias MOUDERY -> MOUDERI,
TAMBACOUNDA,GOUDIRY,BALA,BALA,9799.0,936.0,SN120203,Bala,SN1202,Goudiry,nom_arrondissement,nom identique,
TAMBACOUNDA,GOUDIRY,BALA,GOUMBAYEL,9125.0,697.0,SN120203,Bala,SN1202,Goudiry,nom_arrondissement,nom identique,
TAMBACOUNDA,GOUDIRY,BALA,KOAR,12165.0,760.0,SN120203,Bala,SN1202,Goudiry,nom_arrondissement,nom identique,
TAMBACOUNDA,GOUDIRY,BOYNGUEL BAMBA,BOYNGUEL BAMBA,16616.0,953.0,SN120204,Bouinguel Bamba,SN1202,Goudiry,nom_arrondissement,alias BOYNGUELBAMBA -> BOUINGUELBAMBA,
TAMBACOUNDA,GOUDIRY,BOYNGUEL BAMBA,DOUGUE,9275.0,547.0,SN120204,Bouinguel Bamba,SN1202,Goudiry,nom_arrondissement,alias BOYNGUELBAMBA -> BOUINGUELBAMBA,
TAMBACOUNDA,GOUDIRY,BOYNGUEL BAMBA,KOUSSAN,11022.0,609.0,SN120204,Bouinguel Bamba,SN1202,Goudiry,nom_arrondissement,alias BOYNGUELBAMBA -> BOUINGUELBAMBA,
TAMBACOUNDA,GOUDIRY,BOYNGUEL BAMBA,SINTHIOU MAMADOU BOUBOU,21666.0,1346.0,SN120204,Bouinguel Bamba,SN1202,Goudiry,nom_arrondissement,alias BOYNGUELBAMBA -> BOUINGUELBAMBA,
TAMBACOUNDA,GOUDIRY,DIANKE MAKHA,BANI ISRAEL,8681.0,523.0,SN120201,Dianké Makan,SN1202,Goudiry,nom_arrondissement,alias DIANKEMAKHA -> DIANKEMAKAN,
TAMBACOUNDA,GOUDIRY,DIANKE MAKHA,BOUTOUCOUFARA,8454.0,570.0,SN120201,Dianké Makan,SN1202,Goudiry,nom_arrondissement,alias DIANKEMAKHA -> DIANKEMAKAN,
TAMBACOUNDA,GOUDIRY,DIANKE MAKHA,DIANKE MAKHA,10949.0,740.0,SN120201,Dianké Makan,SN1202,Goudiry,nom_arrondissement,alias DIANKEMAKHA -> DIANKEMAKAN,
TAMBACOUNDA,GOUDIRY,DIANKE MAKHA,KOMOTI,12179.0,877.0,SN120201,Dianké Makan,SN1202,Goudiry,nom_arrondissement,alias DIANKEMAKHA -> DIANKEMAKAN,
TAMBACOUNDA,GOUDIRY,GOUDIRY,GOUDIRY,10540.0,1167.0,SN120202,Koular,SN1202,Goudiry,chef_lieu_hdx,"sen_admincapitals (-12.7168, 14.1863)",accord
TAMBACOUNDA,GOUDIRY,KOULOR,KOTHIARY,6157.0,566.0,SN120202,Koular,SN1202,Goudiry,nom_arrondissement,alias KOULOR -> KOULAR,
TAMBACOUNDA,GOUDIRY,KOULOR,KOULOR,15027.0,1235.0,SN120202,Koular,SN1202,Goudiry,nom_arrondissement,alias KOULOR -> KOULAR,
TAMBACOUNDA,GOUDIRY,KOULOR,SINTHIOU BOCAR ALY,8946.0,785.0,SN120202,Koular,SN1202,Goudiry,nom_arrondissement,alias KOULOR -> KOULAR,
TAMBACOUNDA,KOUPENTOUM,BAMBA THIALENE,BAMBA THIALENE,21543.0,1803.0,SN120302,Bamba Tialène,SN1203,Koumpentoum,nom_arrondissement,alias BAMBATHIALENE -> BAMBATIALENE,
TAMBACOUNDA,KOUPENTOUM,BAMBA THIALENE,KAHENE,22566.0,1787.0,SN120302,Bamba Tialène,SN1203,Koumpentoum,nom_arrondissement,alias BAMBATHIALENE -> BAMBATIALENE,
TAMBACOUNDA,KOUPENTOUM,BAMBA THIALENE,MERETO,17546.0,1673.0,SN120302,Bamba Tialène,SN1203,Koumpentoum,nom_arrondissement,alias BAMBATHIALENE -> BAMBATIALENE,
TAMBACOUNDA,KOUPENTOUM,BAMBA THIALENE,NDAME,14295.0,1341.0,SN120302,Bamba Tialène,SN1203,Koumpentoum,nom_arrondissement,alias BAMBATHIALENE -> BAMBATIALENE,
TAMBACOUNDA,KOUPENTOUM,KOUMPENTOUM,KOUMPENTOUM,15723.0,1695.0,SN120302,Bamba Tialène,SN1203,Koumpentoum,chef_lieu_hdx,"sen_admincapitals (-14.5632, 13.9804)",accord
TAMBACOUNDA,KOUPENTOUM,KOUTHIABA WOLOF,KOUTHIA GUAYDI,17471.0,2109.0,SN120301,Koutiaba Wolof,SN1203,Koumpentoum,nom_arrondissement,alias KOUTHIABAWOLOF -> KOUTIABAWOLOF,
TAMBACOUNDA,KOUPENTOUM,KOUTHIABA WOLOF,KOUTHIABA WOLOF,29785.0,3117.0,SN120301,Koutiaba Wolof,SN1203,Koumpentoum,nom_arrondissement,alias KOUTHIABAWOLOF -> KOUTIABAWOLOF,
TAMBACOUNDA,KOUPENTOUM,KOUTHIABA WOLOF,MALEM NIANI,4455.0,388.0,SN120301,Koutiaba Wolof,SN1203,Koumpentoum,nom_arrondissement,alias KOUTHIABAWOLOF -> KOUTIABAWOLOF,
TAMBACOUNDA,KOUPENTOUM,KOUTHIABA WOLOF,PASS KOTO,19112.0,1727.0,SN120301,Koutiaba Wolof,SN1203,Koumpentoum,nom_arrondissement,alias KOUTHIABAWOLOF -> KOUTIABAWOLOF,
TAMBACOUNDA,KOUPENTOUM,KOUTHIABA WOLOF,PAYAR,36701.0,4055.0,SN120301,Koutiaba Wolof,SN1203,Koumpentoum,nom_arrondissement,alias KOUTHIABAWOLOF -> KOUTIABAWOLOF,
TAMBACOUNDA,TAMBACOUNDA,KOUSSANAR,KOUSSANAR,41104.0,3915.0,SN120403,Koussanar,SN1204,Tambacounda,nom_arrondissement,nom identique,
TAMBACOUNDA,TAMBACOUNDA,KOUSSANAR,SINTHIOU MALEME,29532.0,2761.0,SN120403,Koussanar,SN1204,Tambacounda,nom_arrondissement,nom identique,
TAMBACOUNDA,TAMBACOUNDA,MAKACOLIBANTANG,MAKACOLIBANTANG,52984.0,3486.0,SN120402,Makacoutibantang,SN1204,Tambacounda,nom_arrondissement,alias MAKACOLIBANTANG -> MAKACOUTIBANTANG,
TAMBACOUNDA,TAMBACOUNDA,MAKACOLIBANTANG,NDOGA BABACAR,28568.0,2089.0,SN120402,Makacoutibantang,SN1204,Tambacounda,nom_arrondissement,alias MAKACOLIBANTANG -> MAKACOUTIBANTANG,
TAMBACOUNDA,TAMBACOUNDA,MAKACOLIBANTANG,NIANI TOUCOULEUR,18069.0,1359.0,SN120402,Makacoutibantang,SN1204,Tambacounda,nom_arrondissement,alias MAKACOLIBANTANG -> MAKACOUTIBANTANG,
TAMBACOUNDA,TAMBACOUNDA,MISSIRAH,DIALACOTO,24519.0,2328.0,SN120401,Missira,SN1204,Tambacounda,nom_arrondissement,alias MISSIRAH -> MISSIRA,
TAMBACOUNDA,TAMBACOUNDA,MISSIRAH,MISSIRAH,57580.0,4779.0,SN120401,Missira,SN1204,Tambacounda,nom_arrondissement,alias MISSIRAH -> MISSIRA,
TAMBACOUNDA,TAMBACOUNDA,MISSIRAH,NETTEBOULOU,25992.0,1671.0,SN120401,Missira,SN1204,Tambacounda,nom_arrondissement,alias MISSIRAH -> MISSIRA,
TAMBACOUNDA,TAMBACOUNDA,TAMBACOUNDA,TAMBACOUNDA,149071.0,18631.0,SN120403,Koussanar,SN1204,Tambacounda,chef_lieu_hdx,"sen_admincapitals (-13.6743, 13.7737)",accord
THIES,M’BOUR,FISSEL,FISSEL,48981.0,4637.0,SN130103,Fissel,SN1301,Mbour,nom_arrondissement,nom identique,
THIES,M’BOUR,FISSEL,NDIAGANIAO,60654.0,5138.0,SN130103,Fissel,SN1301,Mbour,nom_arrondissement,nom identique,
THIES,M’BOUR,JOAL FADHIOUTH,JOAL FADHIOUTH,61582.0,8197.0,SN130101,Séssène,SN1301,Mbour,point_osm,"OSM (-16.8327, 14.1546)",
THIES,M’BOUR,MBOUR,MBOUR,284189.0,35479.0,SN130102,Sindia,SN1301,Mbour,chef_lieu_hdx,"sen_admincapitals (-16.9618, 14.4219)",accord
THIES,M’BOUR,SESSENE,NGUENIENE,48977.0,4767.0,SN130101,Séssène,SN1301,Mbour,nom_arrondissement,nom identique,
THIES,M’BOUR,SESSENE,SANDIARA,38333.0,3494.0,SN130101,Séssène,SN1301,Mbour,nom_arrondissement,nom identique,
THIES,M’BOUR,SESSENE,SESSENE,31317.0,2823.0,SN130101,Séssène,SN1301,Mbour,nom_arrondissement,nom identique,
THIES,M’BOUR,SESSENE,THIADIAYE,20168.0,2422.0,SN130101,Séssène,SN1301,Mbour,nom_arrondissement,nom identique,
THIES,M’BOUR,SINDIA,DIASS,41433.0,4663.0,SN130102,Sindia,SN1301,Mbour,nom_arrondissement,nom identique,
THIES,M’BOUR,SINDIA,MALICOUNDA,117590.0,15236.0,SN130102,Sindia,SN1301,Mbour,nom_arrondissement,nom identique,
THIES,M’BOUR,SINDIA,NGAPAROU,13744.0,2329.0,SN130102,Sindia,SN1301,Mbour,nom_arrondissement,nom identique,
THIES,M’BOUR,SINDIA,NGUEKHOKH,47964.0,5817.0,SN130102,Sindia,SN1301,Mbour,nom_arrondissement,nom identique,
THIES,M’BOUR,SINDIA,POPENGUINE,12743.0,1426.0,SN130102,Sindia,SN1301,Mbour,nom_arrondissement,nom identique,
THIES,M’BOUR,SINDIA,SALY PORTUDAL,41811.0,7505.0,SN130102,Sindia,SN1301,Mbour,nom_arrondissement,nom identique,
THIES,M’BOUR,SINDIA,SINDIA,57056.0,6645.0,SN130102,Sindia,SN1301,Mbour,nom_arrondissement,nom identique,
THIES,M’BOUR,SINDIA,SOMONE,8762.0,1501.0,SN130102,Sindia,SN1301,Mbour,nom_arrondissement,nom identique,
THIES,THIES,KEUR MOUSSA,DIENDER,44358.0,4240.0,SN130201,Keur Moussa,SN1302,Thiès,nom_arrondissement,nom identique,
THIES,THIES,KEUR MOUSSA,FANDENE,47139.0,6593.0,SN130201,Keur Moussa,SN1302,Thiès,nom_arrondissement,nom identique,
THIES,THIES,KEUR MOUSSA,KAYAR,33273.0,3326.0,SN130201,Keur Moussa,SN1302,Thiès,nom_arrondissement,nom identique,
THIES,THIES,KEUR MOUSSA,KEUR MOUSSA,61707.0,6392.0,SN130201,Keur Moussa,SN1302,Thiès,nom_arrondissement,nom identique,
THIES,THIES,KHOMBOLE,KHOMBOLE,20321.0,2402.0,SN130202,Thiénaba,SN1302,Thiès,point_osm,"OSM (-16.6918, 14.7605)",
THIES,THIES,NOTTO,NOTTO,55967.0,4964.0,SN130203,Noto,SN1302,Thiès,nom_arrondissement,alias NOTTO -> NOTO,
THIES,THIES,NOTTO,TASSETE,26894.0,2346.0,SN130203,Noto,SN1302,Thiès,nom_arrondissement,alias NOTTO -> NOTO,
THIES,THIES,POUT,POUT,29874.0,3636.0,SN130201,Keur Moussa,SN1302,Thiès,point_osm,"OSM (-17.0611, 14.7702)",
THIES,THIES,THIENABA,NDIEYENE SIRAKH,37295.0,2881.0,SN130202,Thiénaba,SN1302,Thiès,nom_arrondissement,nom identique,
THIES,THIES,THIENABA,NGOUDIANE,33350.0,2403.0,SN130202,Thiénaba,SN1302,Thiès,nom_arrondissement,nom identique,
THIES,THIES,THIENABA,THIENABA,33918.0,2772.0,SN130202,Thiénaba,SN1302,Thiès,nom_arrondissement,nom identique,
THIES,THIES,THIENABA,TOUBA TOUL,63837.0,5474.0,SN130202,Thiénaba,SN1302,Thiès,nom_arrondissement,nom identique,
THIES,THIES,VILLE DE THIES,THIES EST,166256.0,19601.0,SN130201,Keur Moussa,SN1302,Thiès,commune_gadm_dans_contour,"GADM 4.1 commune THIESEST (-16.9143, 14.7768)",
THIES,THIES,VILLE DE THIES,THIES NORD,136138.0,15733.0,SN130201,Keur Moussa,SN1302,Thiès,commune_gadm_dans_contour,"GADM 4.1 commune THIESNORD (-16.9417, 14.8169)",
THIES,THIES,VILLE DE THIES,THIES OUEST,88859.0,12247.0,SN130201,Keur Moussa,SN1302,Thiès,commune_gadm_dans_contour,"GADM 4.1 commune THIESOUEST (-16.9530, 14.7772)",
THIES,TIVAOUANE,MEKHE,MEKHE,27566.0,2689.0,SN130304,Mérina Dakhar,SN1303,Tivaouane,point_osm,"OSM (-16.6311, 15.1130)",
THIES,TIVAOUANE,MEOUANE,DAROU KHOUDOSS,104346.0,10251.0,SN130303,Méouane,SN1303,Tivaouane,nom_arrondissement,nom identique,
THIES,TIVAOUANE,MEOUANE,MBORO,40811.0,4599.0,SN130303,Méouane,SN1303,Tivaouane,nom_arrondissement,nom identique,
THIES,TIVAOUANE,MEOUANE,MEOUANE,46289.0,3739.0,SN130303,Méouane,SN1303,Tivaouane,nom_arrondissement,nom identique,
THIES,TIVAOUANE,MEOUANE,TAIBA NDIAYE,36721.0,2899.0,SN130303,Méouane,SN1303,Tivaouane,nom_arrondissement,nom identique,
THIES,TIVAOUANE,MERINA DAKHAR,KOUL,32003.0,2572.0,SN130304,Mérina Dakhar,SN1303,Tivaouane,nom_arrondissement,nom identique,
THIES,TIVAOUANE,MERINA DAKHAR,MERINA DAKHAR,39103.0,3305.0,SN130304,Mérina Dakhar,SN1303,Tivaouane,nom_arrondissement,nom identique,
THIES,TIVAOUANE,MERINA DAKHAR,PEKESSE,26294.0,2268.0,SN130304,Mérina Dakhar,SN1303,Tivaouane,nom_arrondissement,nom identique,
THIES,TIVAOUANE,NIAKHENE,MBAYENE,10447.0,962.0,SN130301,Niakhène,SN1303,Tivaouane,nom_arrondissement,nom identique,
THIES,TIVAOUANE,NIAKHENE,NGANDIOUF,33255.0,2716.0,SN130301,Niakhène,SN1303,Tivaouane,nom_arrondissement,nom identique,
THIES,TIVAOUANE,NIAKHENE,NIAKHENE,11295.0,895.0,SN130301,Niakhène,SN1303,Tivaouane,nom_arrondissement,nom identique,
THIES,TIVAOUANE,NIAKHENE,THILMAKHA,14629.0,1246.0,SN130301,Niakhène,SN1303,Tivaouane,nom_arrondissement,nom identique,
THIES,TIVAOUANE,PAMBAL,CHERIF LO,28759.0,2690.0,SN130302,Pambal,SN1303,Tivaouane,nom_arrondissement,nom identique,
THIES,TIVAOUANE,PAMBAL,MONT ROLLAND,17439.0,1927.0,SN130302,Pambal,SN1303,Tivaouane,nom_arrondissement,nom identique,
THIES,TIVAOUANE,PAMBAL,NOTTO GOUYE DIAMA,34036.0,3157.0,SN130302,Pambal,SN1303,Tivaouane,nom_arrondissement,nom identique,
THIES,TIVAOUANE,PAMBAL,PAMBAL,10853.0,1020.0,SN130302,Pambal,SN1303,Tivaouane,nom_arrondissement,nom identique,
THIES,TIVAOUANE,PAMBAL,PIRE GOUREYE,32685.0,2755.0,SN130302,Pambal,SN1303,Tivaouane,nom_arrondissement,nom identique,
THIES,TIVAOUANE,TIVAOUANE,TIVAOUANE,102658.0,10869.0,SN130302,Pambal,SN1303,Tivaouane,chef_lieu_hdx,"sen_admincapitals (-16.8162, 14.9536)",accord
ZIGUINCHOR,BIGNONA,BIGNONA,BIGNONA,28642.0,4096.0,SN140102,Tanghori,SN1401,Bignona,chef_lieu_hdx,"sen_admincapitals (-16.2326, 12.8047)",accord
ZIGUINCHOR,BIGNONA,KATABA 1,DIOULOULOU,8109.0,1229.0,SN140101,Kataba 1,SN1401,Bignona,nom_arrondissement,nom identique,
ZIGUINCHOR,BIGNONA,KATABA 1,DJINAKY,19580.0,2265.0,SN140101,Kataba 1,SN1401,Bignona,nom_arrondissement,nom identique,
ZIGUINCHOR,BIGNONA,KATABA 1,KAFOUNTINE,41590.0,6967.0,SN140101,Kataba 1,SN1401,Bignona,nom_arrondissement,nom identique,
ZIGUINCHOR,BIGNONA,KATABA 1,KATABA 1,31996.0,3589.0,SN140101,Kataba 1,SN1401,Bignona,nom_arrondissement,nom identique,
ZIGUINCHOR,BIGNONA,SINDIAN,DJIBIDIONE,8859.0,1021.0,SN140104,Sindian,SN1401,Bignona,nom_arrondissement,nom identique,
ZIGUINCHOR,BIGNONA,SINDIAN,OULAMPANE,14909.0,1432.0,SN140104,Sindian,SN1401,Bignona,nom_arrondissement,nom identique,
ZIGUINCHOR,BIGNONA,SINDIAN,SINDIAN,11676.0,1208.0,SN140104,Sindian,SN1401,Bignona,nom_arrondissement,nom identique,
ZIGUINCHOR,BIGNONA,SINDIAN,SUELLE,9174.0,1310.0,SN140104,Sindian,SN1401,Bignona,nom_arrondissement,nom identique,
ZIGUINCHOR,BIGNONA,TENDOUCK,BALINGHORE,5513.0,780.0,SN140103,Tendouck,SN1401,Bignona,nom_arrondissement,nom identique,
ZIGUINCHOR,BIGNONA,TENDOUCK,DIEGOUNE,7534.0,938.0,SN140103,Tendouck,SN1401,Bignona,nom_arrondissement,nom identique,
ZIGUINCHOR,BIGNONA,TENDOUCK,KARTIACK,7962.0,1076.0,SN140103,Tendouck,SN1401,Bignona,nom_arrondissement,nom identique,
ZIGUINCHOR,BIGNONA,TENDOUCK,MANGAGOULACK,8503.0,1370.0,SN140103,Tendouck,SN1401,Bignona,nom_arrondissement,nom identique,
ZIGUINCHOR,BIGNONA,TENDOUCK,MLOMP,3128.0,415.0,SN140103,Tendouck,SN1401,Bignona,nom_arrondissement,nom identique,
ZIGUINCHOR,BIGNONA,TENGHORI,COUBALAN,12156.0,1291.0,SN140102,Tanghori,SN1401,Bignona,nom_arrondissement,alias TENGHORI -> TANGHORI,
ZIGUINCHOR,BIGNONA,TENGHORI,NIAMONE,8785.0,1056.0,SN140102,Tanghori,SN1401,Bignona,nom_arrondissement,alias TENGHORI -> TANGHORI,
ZIGUINCHOR,BIGNONA,TENGHORI,OUONCK,10914.0,1035.0,SN140102,Tanghori,SN1401,Bignona,nom_arrondissement,alias TENGHORI -> TANGHORI,
ZIGUINCHOR,BIGNONA,TENGHORI,TENGHORI,39509.0,4952.0,SN140102,Tanghori,SN1401,Bignona,nom_arrondissement,alias TENGHORI -> TANGHORI,
ZIGUINCHOR,BIGNONA,THIONCK ESSYL,THIONCK ESSYL,8961.0,1315.0,SN140103,Tendouck,SN1401,Bignona,point_osm,"OSM (-16.5059, 12.7821)",
ZIGUINCHOR,OUSSOUYE,CABROUSSE,DIEMBERING,25902.0,5710.0,SN140202,Cabrousse,SN1402,Oussouye,nom_arrondissement,nom identique,
ZIGUINCHOR,OUSSOUYE,CABROUSSE,SANTHIABA MANJACK,3041.0,684.0,SN140202,Cabrousse,SN1402,Oussouye,nom_arrondissement,nom identique,
ZIGUINCHOR,OUSSOUYE,LOUDIA OUOLOF,MLOMP,11426.0,2435.0,SN140201,Loudia Wolof,SN1402,Oussouye,nom_arrondissement,alias LOUDIAOUOLOF -> LOUDIAWOLOF,
ZIGUINCHOR,OUSSOUYE,LOUDIA OUOLOF,OUKOUT,8493.0,1832.0,SN140201,Loudia Wolof,SN1402,Oussouye,nom_arrondissement,alias LOUDIAOUOLOF -> LOUDIAWOLOF,
ZIGUINCHOR,OUSSOUYE,OUSSOUYE,OUSSOUYE,5705.0,1195.0,SN140201,Loudia Wolof,SN1402,Oussouye,chef_lieu_hdx,"sen_admincapitals (-16.5449, 12.4860)",accord
ZIGUINCHOR,ZIGUINCHOR,NIAGUIS,ADEANE,29579.0,2912.0,SN140301,Niaguis,SN1403,Ziguinchor,nom_arrondissement,nom identique,
ZIGUINCHOR,ZIGUINCHOR,NIAGUIS,BOUTOUPA CAMARACOUNDA,17364.0,2498.0,SN140301,Niaguis,SN1403,Ziguinchor,nom_arrondissement,nom identique,
ZIGUINCHOR,ZIGUINCHOR,NIAGUIS,NIAGUIS,30811.0,3854.0,SN140301,Niaguis,SN1403,Ziguinchor,nom_arrondissement,nom identique,
ZIGUINCHOR,ZIGUINCHOR,NIASSIA,ENAMPORE,4877.0,1084.0,SN140302,Niassia,SN1403,Ziguinchor,nom_arrondissement,nom identique,
ZIGUINCHOR,ZIGUINCHOR,NIASSIA,NIASSIA,5669.0,1022.0,SN140302,Niassia,SN1403,Ziguinchor,nom_arrondissement,nom identique,
ZIGUINCHOR,ZIGUINCHOR,ZIGUINCHOR,ZIGUINCHOR,214874.0,30700.0,SN140301,Niaguis,SN1403,Ziguinchor,chef_lieu_hdx,"sen_admincapitals (-16.2749, 12.5652)",accord
