code_ansd,nom_ansd,niveau,parent_ansd,code_climatsen,nom_climatsen,methode
SN-DK,DAKAR,region,SN,SN01,Dakar,nom identique
SN-DB,DIOURBEL,region,SN,SN02,Diourbel,nom identique
SN-FK,FATICK,region,SN,SN03,Fatick,nom identique
SN-KA,KAFFRINE,region,SN,SN04,Kaffrine,nom identique
SN-KL,KAOLACK,region,SN,SN05,Kaolack,nom identique
SN-KD,KOLDA,region,SN,SN07,Kolda,nom identique
SN-KE,KEDOUGOU,region,SN,SN06,Kédougou,nom identique
SN-LG,LOUGA,region,SN,SN08,Louga,nom identique
SN-MT,MATAM,region,SN,SN09,Matam,nom identique
SN-SL,SAINT-LOUIS,region,SN,SN10,Saint-Louis,nom identique
SN-SE,SEDHIOU,region,SN,SN11,Sédhiou,nom identique
SN-TC,TAMBACOUNDA,region,SN,SN12,Tambacounda,nom identique
SN-TH,THIES,region,SN,SN13,Thiès,nom identique
SN-ZG,ZIGUINCHOR,region,SN,SN14,Ziguinchor,nom identique
SN-DK-DD,DAKAR,departement,SN-DK,SN0101,Dakar,nom identique
SN-DK-GU,GUEDIAWAYE,departement,SN-DK,SN0102,Guédiawaye,nom identique
SN-DK-PI,PIKINE,departement,SN-DK,SN0103,Pikine,nom identique
SN-DK-RU,RUFISQUE,departement,SN-DK,SN0104,Rufisque,nom identique
SN-DK-KM,KEUR MASSAR,departement,SN-DK,SN0105,Keur Massar,nom identique
SN-DB-BA,BAMBEY,departement,SN-DB,SN0201,Bambey,nom identique
SN-DB-DD,DIOURBEL,departement,SN-DB,SN0202,Diourbel,nom identique
SN-DB-MB,MBACKE,departement,SN-DB,SN0203,Mbacké,nom identique
SN-FK-FD,FATICK,departement,SN-FK,SN0301,Fatick,nom identique
SN-FK-FO,FOUNDIOUGNE,departement,SN-FK,SN0302,Foundiougne,nom identique
SN-FK-GO,GOSSAS,departement,SN-FK,SN0303,Gossas,nom identique
SN-KA-BI,BIRKELANE,departement,SN-KA,SN0401,Birkelane,nom identique
SN-KA-KA,KAFFRINE,departement,SN-KA,SN0402,Kaffrine,nom identique
SN-KA-KO,KOUNGHEUL,departement,SN-KA,SN0403,Koungheul,nom identique
SN-KA-MH,MALEM HODDAR,departement,SN-KA,SN0404,Malem-Hodar,alias
SN-KL-GU,GUINGUINEO,departement,SN-KL,SN0501,Guinguinéo,nom identique
SN-KL-KA,KAOLACK,departement,SN-KL,SN0502,Kaolack,nom identique
SN-KL-ND,NIORO,departement,SN-KL,SN0503,Nioro du Rip,alias
SN-KE-KE,KEDOUGOU,departement,SN-KE,SN0601,Kédougou,nom identique
SN-KE-SL,SALEMATA,departement,SN-KE,SN0602,Salémata,nom identique
SN-KE-SA,SARAYA,departement,SN-KE,SN0603,Saraya,nom identique
SN-KD-KD,KOLDA,departement,SN-KD,SN0701,Kolda,nom identique
SN-KD-MY,MEDINA YORO FOULAH,departement,SN-KD,SN0702,Médina-Yorofoula,alias
SN-KD-VE,VELINGARA,departement,SN-KD,SN0703,Vélingara,nom identique
SN-LG-KE,KEBEMER,departement,SN-LG,SN0801,Kébémer,nom identique
SN-LG-LI,LINGUERE,departement,SN-LG,SN0802,Linguère,nom identique
SN-LG-LD,LOUGA,departement,SN-LG,SN0803,Louga,nom identique
SN-MT-MA,MATAM,departement,SN-MT,SN0902,Matam,nom identique
SN-MT-RF,RANEROU FERLO,departement,SN-MT,SN0903,Ranérou,alias
SN-MT-KA,KANEL,departement,SN-MT,SN0901,Kanel,nom identique
SN-SL-DA,DAGANA,departement,SN-SL,SN1001,Dagana,nom identique
SN-SL-PO,PODOR,departement,SN-SL,SN1002,Podor,nom identique
SN-SL-SD,SAINT-LOUIS,departement,SN-SL,SN1003,Saint Louis,nom identique
SN-SE-BO,BOUNKILING,departement,SN-SE,SN1101,Bounkiling,nom identique
SN-SE-GO,GOUDOMP,departement,SN-SE,SN1102,Goudomp,nom identique
SN-SE-SD,SEDHIOU,departement,SN-SE,SN1103,Sédhiou,nom identique
SN-TC-BA,BAKEL,departement,SN-TC,SN1201,Bakel,nom identique
SN-TC-GO,GOUDIRY,departement,SN-TC,SN1202,Goudiry,nom identique
SN-TC-KO,KOUMPENTOUM,departement,SN-TC,SN1203,Koumpentoum,nom identique
SN-TC-TD,TAMBACOUNDA,departement,SN-TC,SN1204,Tambacounda,nom identique
SN-TH-TI,TIVAOUANE,departement,SN-TH,SN1303,Tivaouane,nom identique
SN-TH-MB,MBOUR,departement,SN-TH,SN1301,Mbour,nom identique
SN-TH-TD,THIES,departement,SN-TH,SN1302,Thiès,nom identique
SN-ZG-BI,BIGNONA,departement,SN-ZG,SN1401,Bignona,nom identique
SN-ZG-OU,OUSSOUYE,departement,SN-ZG,SN1402,Oussouye,nom identique
SN-ZG-ZD,ZIGUINCHOR,departement,SN-ZG,SN1403,Ziguinchor,nom identique
SN-DK-DD1-1,GOREE,commune,SN-DK-DD,SN0101_GOREE,GOREE,nom identique
SN-DK-DD1-2,DAKAR PLATEAU,commune,SN-DK-DD,SN0101_PLATEAU,PLATEAU,alias
SN-DK-DD1-3,MEDINA,commune,SN-DK-DD,SN0101_MEDINA,MEDINA,nom identique
SN-DK-DD1-4,GUEULE TAPEE FASS COLOBANE,commune,SN-DK-DD,SN0101_GUEULETAPEEFASSCOLOBANE,GUEULE TAPEE / FASS / COLOBANE,nom identique
SN-DK-DD1-5,FANN POINT E AMITIE,commune,SN-DK-DD,SN0101_FANNPOINTEAMITIE,FANN/POINT E/ AMITIE,nom identique
SN-DK-DD2-1,GRAND DAKAR,commune,SN-DK-DD,SN0101_GRANDDAKAR,GRAND DAKAR,nom identique
SN-DK-DD2-2,BISCUITERIE,commune,SN-DK-DD,SN0101_BISCUITERIE,BISCUITERIE,nom identique
SN-DK-DD2-3,HLM,commune,SN-DK-DD,SN0101_HLM,HLM,nom identique
SN-DK-DD2-4,HANN BEL AIR,commune,SN-DK-DD,SN0101_HANNBELAIR,HANN / BEL AIR,nom identique
SN-DK-DD2-5,SICAP LIBERTE,commune,SN-DK-DD,SN0101_SICAPLIBERTE,SICAP LIBERTE,nom identique
SN-DK-DD2-6,DIEUPPEUL DERKLE,commune,SN-DK-DD,SN0101_DIEUPEULDERKLE,DIEUPEUL DERKLE,nom approche
SN-DK-DD3-1,OUAKAM,commune,SN-DK-DD,SN0101_OUAKAM,OUAKAM,nom identique
SN-DK-DD3-2,NGOR,commune,SN-DK-DD,SN0101_NGOR,NGOR,nom identique
SN-DK-DD3-3,YOFF,commune,SN-DK-DD,SN0101_YOFF,YOFF,nom identique
SN-DK-DD3-4,MERMOZ-SACRE COEUR,commune,SN-DK-DD,SN0101_MERMOZSACRECOEUR,MERMOZ/ SACRE -COEUR,nom identique
SN-DK-DD4-1,GRAND YOFF,commune,SN-DK-DD,SN0101_GRANDYOFF,GRAND YOFF,nom identique
SN-DK-DD4-2,PATTE D'OIE,commune,SN-DK-DD,SN0101_PATTEDOIE,PATTE D'OIE,nom identique
SN-DK-DD4-3,PARCELLES ASSAINIES,commune,SN-DK-DD,SN0101_PARCELLESASSAINIES,PARCELLES ASSAINIES,nom identique
SN-DK-DD4-4,CAMBERENE,commune,SN-DK-DD,SN0101_CAMBERENE,CAMBERENE,nom identique
SN-DK-PI1-1,PIKINE OUEST,commune,SN-DK-PI,SN0103_PIKINEOUEST,PIKINE OUEST,nom identique
SN-DK-PI1-2,PIKINE EST,commune,SN-DK-PI,SN0103_PIKINEEST,PIKINE EST,nom identique
SN-DK-PI1-3,PIKINE NORD,commune,SN-DK-PI,SN0103_PIKINENORDSUD,PIKINE NORD (SUD),nom identique
SN-DK-PI1-4,DALIFORT,commune,SN-DK-PI,SN0103_DALIFORD,DALIFORD,nom approche
SN-DK-PI1-5,DJIDAH THIAROYE KAO,commune,SN-DK-PI,SN0103_DJIDAHTHIAROYEKAO,DJIDAH THIAROYE KAO,nom identique
SN-DK-PI1-6,GUINAW RAIL NORD,commune,SN-DK-PI,SN0103_GUINAWRAILNORD,GUINAW RAIL NORD,nom identique
SN-DK-PI1-7,GUINAW RAIL SUD,commune,SN-DK-PI,SN0103_GUINAWRAILSUD,GUINAW RAIL SUD,nom identique
SN-DK-PI2-1,THIAROYE SUR MER,commune,SN-DK-PI,SN0103_THIAROYESURMER,THIAROYE SUR MER,nom identique
SN-DK-PI2-2,TIVAOUANE DIACKSAO,commune,SN-DK-PI,SN0103_TIVAOUANEDIAKSAO,TIVAOUANE-DIAKSAO,nom approche
SN-DK-PI2-3,DIAMAGUENE SICAP MBAO,commune,SN-DK-PI,SN0103_DIAMAGUENESICAPMBAO,DIAMAGUENE/SICAP MBAO,nom identique
SN-DK-PI2-4,THIAROYE GARE,commune,SN-DK-PI,SN0103_THIAROYEGARE,THIAROYE GARE,nom identique
SN-DK-PI2-5,MBAO,commune,SN-DK-PI,SN0103_MBAO,MBAO,nom identique
SN-DK-RU1-1,RUFISQUE NORD,commune,SN-DK-RU,SN0104_RUFISQUECENTRENORD,RUFISQUE CENTRE (NORD),nom approche
SN-DK-RU1-2,RUFISQUE EST,commune,SN-DK-RU,SN0104_RUFISQUEEST,RUFISQUE EST,nom identique
SN-DK-RU1-3,RUFISQUE OUEST,commune,SN-DK-RU,SN0104_RUFISQUEOUEST,RUFISQUE OUEST,nom identique
SN-DK-RU2-1,BARGNY,commune,SN-DK-RU,SN0104_BARGNY,BARGNY,nom identique
SN-DK-RU3-1,SENDOU,commune,SN-DK-RU,SN0104_SENDOU,SENDOU,nom identique
SN-DK-RU4-1,YENNE,commune,SN-DK-RU,SN0104_YENE,YENE,nom approche
SN-DK-RU4-2,DIAMNIADIO,commune,SN-DK-RU,SN0104_DIAMNIADIO,DIAMNIADIO,nom identique
SN-DK-RU4-3,SEBIKOTANE,commune,SN-DK-RU,SN0104_SEBIKOTANE,SEBIKOTANE,nom identique
SN-DK-RU5-1,BAMBILOR,commune,SN-DK-RU,SN0104_BAMBILOR,BAMBILOR,nom identique
SN-DK-RU5-2,TIVAOUANE PEULH NIAGHA,commune,SN-DK-RU,SN0104_TIVAOUANEPEULHNIAGHA,TIVAOUANE PEULH-NIAGHA,nom identique
SN-DK-RU5-3,SANGALKAM,commune,SN-DK-RU,SN0104_SANGALKAM,SANGALKAM,nom identique
SN-DK-GU1-1,GOLF SUD,commune,SN-DK-GU,SN0102_GOLFSUD,GOLF SUD,nom identique
SN-DK-GU1-2,SAM NOTAIRE,commune,SN-DK-GU,SN0102_SAMNOTAIRE,SAM NOTAIRE,nom identique
SN-DK-GU2-1,NDIAREME LIMAMOULAYE,commune,SN-DK-GU,SN0102_NDIAREMELIMAMOULAYE,NDIAREME LIMAMOULAYE,nom identique
SN-DK-GU2-2,WAKHINANE NIMZATT,commune,SN-DK-GU,SN0102_WAKHINANENIMZATT,WAKHINANE NIMZATT,nom identique
SN-DK-GU2-3,MEDINA GOUNASS,commune,SN-DK-GU,SN0102_MEDINAGOUNASS,MEDINA GOUNASS,nom identique
SN-DK-KM1-1,YEUMBEUL NORD,commune,SN-DK-KM,SN0105_YEUMBEULNORD,YEUMBEUL NORD,nom identique
SN-DK-KM1-2,YEUMBEUL SUD,commune,SN-DK-KM,SN0105_YEUMBEULSUD,YEUMBEUL SUD,nom identique
SN-DK-KM2-1,MALIKA,commune,SN-DK-KM,SN0105_MALIKA,MALIKA,nom identique
SN-DK-KM2-2,KEUR MASSAR NORD,commune,SN-DK-KM,SN0105_KEURMASSAR,KEUR MASSAR,commune scindee en 2023
SN-DK-KM3-1,JAXAAY PARCELLES,commune,SN-DK-KM,SN0104_DIAXAYPARCELLENIAKOURAP,DIAXAY PARCELLE NIAKOURAP,alias
SN-DK-KM3-2,KEUR MASSAR SUD,commune,SN-DK-KM,SN0105_KEURMASSAR,KEUR MASSAR,commune scindee en 2023
SN-DB-BA1-1,BAMBEY,commune,SN-DB-BA,SN0201_BAMBEY,BAMBEY,nom identique
SN-DB-BA2-1,BABA GARAGE,commune,SN-DB-BA,SN0201_BABAGARAGE,BABA GARAGE,nom identique
SN-DB-BA2-2,DINGUIRAYE,commune,SN-DB-BA,SN0201_DINGUIRAYE,DINGUIRAYE,nom identique
SN-DB-BA2-3,KEUR SAMBA KANE,commune,SN-DB-BA,SN0201_KEURSAMBAKANE,KEUR SAMBA KANE,nom identique
SN-DB-BA3-1,GAWANE,commune,SN-DB-BA,SN0201_GAWANE,GAWANE,nom identique
SN-DB-BA3-2,LAMBAYE,commune,SN-DB-BA,SN0201_LAMBAYE,LAMBAYE,nom identique
SN-DB-BA3-3,NGOGOM,commune,SN-DB-BA,SN0201_NGOGOM,NGOGOM,nom identique
SN-DB-BA3-4,REFANE,commune,SN-DB-BA,SN0201_REFANE,REFANE,nom identique
SN-DB-BA4-1,NDANGALMA,commune,SN-DB-BA,SN0201_NDANGALMA,NDANGALMA,nom identique
SN-DB-BA4-2,NDONDOL,commune,SN-DB-BA,SN0201_NDONDOL,NDONDOL,nom identique
SN-DB-BA4-3,NGOYE,commune,SN-DB-BA,SN0201_NGOYE,NGOYE,nom identique
SN-DB-BA4-4,THIAKHAR,commune,SN-DB-BA,SN0201_THIAKHAR,THIAKHAR,nom identique
SN-DB-DD1-1,DIOURBEL,commune,SN-DB-DD,SN0202_DIOURBEL,DIOURBEL,nom identique
SN-DB-DD2-1,NDANKH SENE,commune,SN-DB-DD,SN0202_DANKHSENE,DANKH SENE,nom approche
SN-DB-DD2-2,GADE ESCALE,commune,SN-DB-DD,SN0202_GADEESCALE,GADE ESCALE,nom identique
SN-DB-DD2-3,NDINDY,commune,SN-DB-DD,SN0202_NDINDY,NDINDY,nom identique
SN-DB-DD2-4,KEUR NGALGOU,commune,SN-DB-DD,SN0202_KEURNGALGOU,KEUR NGALGOU,nom identique
SN-DB-DD2-5,TAIBA MOUTOUPHA,commune,SN-DB-DD,SN0202_TAIBAMOUTOUPHA,TAIBA MOUTOUPHA,nom identique
SN-DB-DD2-6,TOUBA LAPPE,commune,SN-DB-DD,SN0202_TOUBALAPPE,TOUBA LAPPE,nom identique
SN-DB-DD3-1,NDOULO,commune,SN-DB-DD,SN0202_NDOULO,NDOULO,nom identique
SN-DB-DD3-2,NGOHE,commune,SN-DB-DD,SN0202_NGOHE,NGOHE,nom identique
SN-DB-DD3-3,PATAR,commune,SN-DB-DD,SN0202_PATAR,PATAR,nom identique
SN-DB-DD3-4,TOCKY GARE,commune,SN-DB-DD,SN0202_TOCKYGARE,TOCKY GARE,nom identique
SN-DB-DD3-5,TOURE MBONDE,commune,SN-DB-DD,SN0202_TOUREMBONDE,TOURE MBONDE,nom identique
SN-DB-MB1-1,MBACKE,commune,SN-DB-MB,SN0203_MBACKE,MBACKE,nom identique
SN-DB-MB2-1,DENDEYE GOUY GUI,commune,SN-DB-MB,SN0203_DENDEYEGOUYEGUI,DENDEYE GOUYE GUI,nom approche
SN-DB-MB2-2,DAROU SALAM TYP,commune,SN-DB-MB,SN0203_DAROUSALAMTYP,DAROU SALAM TYP,nom identique
SN-DB-MB2-3,KAEL,commune,SN-DB-MB,SN0203_KAEL,KAEL,nom identique
SN-DB-MB2-4,MADINA,commune,SN-DB-MB,SN0203_MADINA,MADINA,nom identique
SN-DB-MB2-5,NDIOUMANE,commune,SN-DB-MB,SN0203_NDIOUMANETTHIEKENE,NDIOUMANE T. THIEKENE,debut du nom
SN-DB-MB2-6,TOUBA MBOUL,commune,SN-DB-MB,SN0203_TOUBAMBOUL,TOUBA MBOUL,nom identique
SN-DB-MB2-7,DAROU NAHIM,commune,SN-DB-MB,SN0203_DAROUNAHIM,DAROU NAHIM,nom identique
SN-DB-MB2-8,TAIBA THIEKENE,commune,SN-DB-MB,SN0203_TAIBATHIECKENE,TAIBA THIECKENE,nom approche
SN-DB-MB3-1,DALLA NGABOU,commune,SN-DB-MB,SN0203_DALLANGABOU,DALLA NGABOU,nom identique
SN-DB-MB3-2,MISSIRAH,commune,SN-DB-MB,SN0203_MISSIRAH,MISSIRAH,nom identique
SN-DB-MB3-3,NGHAYE,commune,SN-DB-MB,SN0203_NGHAYE,NGHAYE,nom identique
SN-DB-MB3-4,TOUBA FALL,commune,SN-DB-MB,SN0203_TOUBAFALL,TOUBA FALL,nom identique
SN-DB-MB3-5,TOUBA MOSQUEE,commune,SN-DB-MB,SN0203_TOUBAMOSQUEE,TOUBA MOSQUEE,nom identique
SN-DB-MB4-1,SADIO,commune,SN-DB-MB,SN0203_SADIO,SADIO,nom identique
SN-DB-MB4-2,TAIF,commune,SN-DB-MB,SN0203_TAIF,TAIF,nom identique
SN-FK-FD1-1,FATICK,commune,SN-FK-FD,SN0301_FATICK,FATICK,nom identique
SN-FK-FD2-1,DIOFFIOR,commune,SN-FK-FD,SN0301_DIOFFIOR,DIOFFIOR,nom identique
SN-FK-FD3-1,DIAOULE,commune,SN-FK-FD,SN0301_DIAOULE,DIAOULE,nom identique
SN-FK-FD3-2,MBELLACADIAO,commune,SN-FK-FD,SN0301_MBELACADIAO,MBELACADIAO,nom approche
SN-FK-FD3-3,NDIOP,commune,SN-FK-FD,SN0301_NDIOB,NDIOB,nom approche
SN-FK-FD3-4,THIARE NDIALGUI,commune,SN-FK-FD,SN0301_THIARENDIALGUI,THIARE NDIALGUI,nom identique
SN-FK-FD3-5,DIAKHAO,commune,SN-FK-FD,SN0301_DIAKHAO,DIAKHAO,nom identique
SN-FK-FD4-1,FIMELA,commune,SN-FK-FD,SN0301_FIMELA,FIMELA,nom identique
SN-FK-FD4-2,LOUL SESSENE,commune,SN-FK-FD,SN0301_LOULSESSENE,LOUL SESSENE,nom identique
SN-FK-FD4-3,PALMARIN FACAO,commune,SN-FK-FD,SN0301_PALMARINFACAO,PALMARIN FACAO,nom identique
SN-FK-FD4-4,DJILASSE,commune,SN-FK-FD,SN0301_DJILASSE,DJILASSE,nom identique
SN-FK-FD5-1,NGAYOKHEME,commune,SN-FK-FD,SN0301_NGAYOKHEME,NGAYOKHEME,nom identique
SN-FK-FD5-2,NIAKHAR,commune,SN-FK-FD,SN0301_NIAKHAR,NIAKHAR,nom identique
SN-FK-FD5-3,PATAR,commune,SN-FK-FD,SN0301_PATAR,PATAR,nom identique
SN-FK-FD6-1,DIARRERE,commune,SN-FK-FD,SN0301_DIARRERE,DIARRERE,nom identique
SN-FK-FD6-2,DIOUROUP,commune,SN-FK-FD,SN0301_DIOUROUP,DIOUROUP,nom identique
SN-FK-FD6-3,TATTAGUINE,commune,SN-FK-FD,SN0301_TATTAGUINE,TATTAGUINE,nom identique
SN-FK-FO1-1,FOUNDIOUGNE,commune,SN-FK-FO,SN0302_FOUNDIOUGNE,FOUNDIOUGNE,nom identique
SN-FK-FO2-1,SOKONE,commune,SN-FK-FO,SN0302_SOKONE,SOKONE,nom identique
SN-FK-FO3-1,DJILOR,commune,SN-FK-FO,SN0302_DJILOR,DJILOR,nom identique
SN-FK-FO3-2,DIOSSONG,commune,SN-FK-FO,SN0302_DIOSSONG,DIOSSONG,nom identique
SN-FK-FO3-3,DIAGANE BARKA,commune,SN-FK-FO,SN0302_DIAGANEBARKA,DIAGANE BARKA,nom identique
SN-FK-FO3-4,MBAM,commune,SN-FK-FO,SN0302_MBAM,MBAM,nom identique
SN-FK-FO3-5,NIASSENE,commune,SN-FK-FO,SN0302_NIASSENE,NIASSENE,nom identique
SN-FK-FO3-6,PASSY,commune,SN-FK-FO,SN0302_PASSY,PASSY,nom identique
SN-FK-FO3-7,SOUM,commune,SN-FK-FO,SN0302_SOUM,SOUM,nom identique
SN-FK-FO4-1,BASSOUL,commune,SN-FK-FO,SN0302_BASSOUL,BASSOUL,nom identique
SN-FK-FO4-2,DIONEWAR,commune,SN-FK-FO,SN0302_DIONEWAR,DIONEWAR,nom identique
SN-FK-FO4-3,DJIRNDA,commune,SN-FK-FO,SN0301_DJIRNDA,DJIRNDA,autre departement
SN-FK-FO5-1,KEUR SALOUM DIANE,commune,SN-FK-FO,SN0302_KEURSALOUMDIANE,KEUR SALOUM DIANE,nom identique
SN-FK-FO5-2,KEUR SAMBA GUEYE,commune,SN-FK-FO,SN0302_KEURSAMBAGUEYE,KEUR SAMBA GUEYE,nom identique
SN-FK-FO5-3,NIORO ALASSANE TALL,commune,SN-FK-FO,SN0302_NIOROALASSANETALL,NIORO ALASSANE TALL,nom identique
SN-FK-FO5-4,TOUBACOUTA,commune,SN-FK-FO,SN0302_TOUBACOUTA,TOUBACOUTA,nom identique
SN-FK-FO5-5,KARANG POSTE,commune,SN-FK-FO,SN0302_KARANGPOSTE,KARANG POSTE,nom identique
SN-FK-GO1-1,GOSSAS,commune,SN-FK-GO,SN0303_GOSSAS,GOSSAS,nom identique
SN-FK-GO2-1,COLOBANE,commune,SN-FK-GO,SN0303_COLOBANE,COLOBANE,nom identique
SN-FK-GO2-2,MBAR,commune,SN-FK-GO,SN0303_MBAR,MBAR,nom identique
SN-FK-GO3-1,NDIENE LAGANE,commune,SN-FK-GO,SN0303_NDIENELAGANE,NDIENE LAGANE,nom identique
SN-FK-GO3-2,OUADIOUR,commune,SN-FK-GO,SN0303_OUADIOUR,OUADIOUR,nom identique
SN-FK-GO3-3,PATAR LIA,commune,SN-FK-GO,SN0303_PATARLIA,PATAR LIA,nom identique
SN-KA-KA1-1,KAFFRINE,commune,SN-KA-KA,SN0402_KAFFRINE,KAFFRINE,nom identique
SN-KA-KA2-1,BOULEL,commune,SN-KA-KA,SN0402_BOULELGOUMACK,BOULEL GOUMACK,debut du nom
SN-KA-KA2-2,GNIBY,commune,SN-KA-KA,SN0402_GNIBY,GNIBY,nom identique
SN-KA-KA2-3,KAHI,commune,SN-KA-KA,SN0402_KAHI,KAHI,nom identique
SN-KA-KA3-1,DIOKOUL BELBOUCK,commune,SN-KA-KA,SN0402_DIOKOULMBELBOUCK,DIOKOUL MBELBOUCK,nom approche
SN-KA-KA3-2,KATHIOTTE,commune,SN-KA-KA,SN0402_KATHIOTE,KATHIOTE,nom approche
SN-KA-KA3-3,MEDINATOUL SALAM 2,commune,SN-KA-KA,SN0402_MEDINATOULSALAMII,MEDINATOUL SALAM II,nom approche
SN-KA-KA3-4,DIAMAGADIO,commune,SN-KA-KA,SN0402_DIAMAGADIO,DIAMAGADIO,nom identique
SN-KA-KA3-5,NGANDA,commune,SN-KA-KA,SN0402_NGANDA,NGANDA,nom identique
SN-KA-BI1-1,BIRKELANE,commune,SN-KA-BI,SN0401_BIRKELANE,BIRKELANE,nom identique
SN-KA-BI2-1,KEUR MBOUCKI,commune,SN-KA-BI,SN0401_KEURMBOUCKI,KEUR MBOUCKI,nom identique
SN-KA-BI2-2,TOUBA MBELLA,commune,SN-KA-BI,SN0401_TOUBAMBELLA,TOUBA MBELLA,nom identique
SN-KA-BI2-3,DIAMAL,commune,SN-KA-BI,SN0401_DIAMAL,DIAMAL,nom identique
SN-KA-BI3-1,MABO,commune,SN-KA-BI,SN0401_MABO,MABO,nom identique
SN-KA-BI3-2,NDIOGNICK,commune,SN-KA-BI,SN0401_NDIOGNICK,NDIOGNICK,nom identique
SN-KA-BI3-3,MBEULEUP,commune,SN-KA-BI,SN0401_MBEULEUP,MBEULEUP,nom identique
SN-KA-BI3-4,SEGRE GATTA,commune,SN-KA-BI,SN0401_SEGREGATTA,SEGRE GATTA,nom identique
SN-KA-KO1-1,KOUNGHEUL,commune,SN-KA-KO,SN0403_KOUNGHEUL,KOUNGHEUL,nom identique
SN-KA-KO2-1,SALY ESCALE,commune,SN-KA-KO,SN0403_SALYESCALE,SALY ESCALE,nom identique
SN-KA-KO2-2,FASS THIEKENE,commune,SN-KA-KO,SN0403_FASSTHIEKENE,FASS THIEKENE,nom identique
SN-KA-KO2-3,IDA MOURIDE,commune,SN-KA-KO,SN0403_IDAMOURIDE,IDA MOURIDE,nom identique
SN-KA-KO3-1,LOUR ESCALE,commune,SN-KA-KO,SN0403_LOURESCALE,LOUR ESCALE,nom identique
SN-KA-KO3-2,RIBOT ESCALE,commune,SN-KA-KO,SN0403_RIBOTESCALE,RIBOT ESCALE,nom identique
SN-KA-KO4-1,NGAINTHE PATHE,commune,SN-KA-KO,SN0403_GAINTHEPATHE,GAINTHE PATHE,nom approche
SN-KA-KO4-2,MAKA YOP,commune,SN-KA-KO,SN0403_MAKAYOPP,MAKA YOPP,nom approche
SN-KA-KO4-3,MISSIRAH WADENE,commune,SN-KA-KO,SN0403_MISSIRAHWADENE,MISSIRAH WADENE,nom identique
SN-KA-MH1-1,MALEM HODDAR,commune,SN-KA-MH,SN0404_MALEMHODDAR,MALEM HODDAR,nom identique
SN-KA-MH2-1,DAROU MINAM,commune,SN-KA-MH,SN0404_DAROUMINAMII,DAROU MINAM II,nom approche
SN-KA-MH2-2,NDIOUM NGAINTH,commune,SN-KA-MH,SN0404_NDIOUMNGAINTHE,NDIOUM NGAINTHE,nom approche
SN-KA-MH2-3,KHELCOM,commune,SN-KA-MH,SN0402_KHELCOM,KHELCOM,autre departement
SN-KA-MH2-4,NDIOBENE SAMBA LAMO,commune,SN-KA-MH,SN0404_NDIOBENESAMBALAMA,NDIOBENE SAMBA LAMA,nom approche
SN-KA-MH3-1,DIANKE SOUF,commune,SN-KA-MH,SN0404_DIANKESOUF,DIANKE SOUF,nom identique
SN-KA-MH3-2,SAGNA,commune,SN-KA-MH,SN0404_SAGNA,SAGNA,nom identique
SN-KL-KA1-1,KAOLACK,commune,SN-KL-KA,SN0502_KAOLACK,KAOLACK,nom identique
SN-KL-KA2-1,KAHONE,commune,SN-KL-KA,SN0501_KAHONE,KAHONE,autre departement
SN-KL-KA3-1,KEUR SOCE,commune,SN-KL-KA,SN0502_KEURSOCE,KEUR SOCE,nom identique
SN-KL-KA3-2,NDIAFFATE,commune,SN-KL-KA,SN0502_NDIAFFATE,NDIAFFATE,nom identique
SN-KL-KA3-3,NDIEDIENG,commune,SN-KL-KA,SN0502_NDIEDIENG,NDIEDIENG,nom identique
SN-KL-KA4-1,LATMINGUE,commune,SN-KL-KA,SN0502_LATMINGUE,LATMINGUE,nom identique
SN-KL-KA4-2,THIARE,commune,SN-KL-KA,SN0502_THIARE,THIARE,nom identique
SN-KL-KA4-3,KEUR BAKA,commune,SN-KL-KA,SN0502_KEURBAKA,KEUR BAKA,nom identique
SN-KL-KA4-4,NDOFFANE,commune,SN-KL-KA,SN0502_NDOFFANE,NDOFFANE,nom identique
SN-KL-KA5-1,DYA,commune,SN-KL-KA,SN0502_DYA,DYA,nom identique
SN-KL-KA5-2,NDIEBEL,commune,SN-KL-KA,SN0502_NDIEBEL,NDIEBEL,nom identique
SN-KL-KA5-3,THIOMBY,commune,SN-KL-KA,SN0502_THIOMBY,THIOMBY,nom identique
SN-KL-KA5-4,GANDIAYE,commune,SN-KL-KA,SN0502_GANDIAYE,GANDIAYE,nom identique
SN-KL-KA5-5,SIBASSOR,commune,SN-KL-KA,SN0502_SIBASSOR,SIBASSOR,nom identique
SN-KL-ND1-1,NIORO,commune,SN-KL-ND,SN0503_NIORODURIP,NIORO DU RIP,debut du nom
SN-KL-ND2-1,KAYEMOR,commune,SN-KL-ND,SN0503_KAYEMOR,KAYEMOR,nom identique
SN-KL-ND2-2,MEDINA SABAKH,commune,SN-KL-ND,SN0503_MEDINASABAKH,MEDINA SABAKH,nom identique
SN-KL-ND2-3,NGAYENE,commune,SN-KL-ND,SN0503_NGAYENE,NGAYENE,nom identique
SN-KL-ND3-1,GAINTHE KAYE,commune,SN-KL-ND,SN0503_GAINTEKAYE,GAINTE KAYE,nom approche
SN-KL-ND3-2,PAOS KOTO,commune,SN-KL-ND,SN0503_PAOSKOTO,PAOSKOTO,nom identique
SN-KL-ND3-3,POROKHANE,commune,SN-KL-ND,SN0503_POROKHANE,POROKHANE,nom identique
SN-KL-ND3-4,TAIBA NIASSENE,commune,SN-KL-ND,SN0503_TAIBANIASSENE,TAIBA NIASSENE,nom identique
SN-KL-ND3-5,DABALY,commune,SN-KL-ND,SN0503_DABALY,DABALY,nom identique
SN-KL-ND3-6,DAROU SALAM,commune,SN-KL-ND,SN0503_DAROUSALAM,DAROU SALAM,nom identique
SN-KL-ND4-1,KEUR MABA DIAKHOU,commune,SN-KL-ND,SN0503_KEURMABADIAKHOU,KEUR MABA DIAKHOU,nom identique
SN-KL-ND4-2,NDRAME ESCALE,commune,SN-KL-ND,SN0503_NDRAMEESCALE,NDRAME ESCALE,nom identique
SN-KL-ND4-3,WACK NGOUNA,commune,SN-KL-ND,SN0503_WACKNGOUNA,WACK NGOUNA,nom identique
SN-KL-ND4-4,KEUR MANDONGO,commune,SN-KL-ND,SN0503_KEURMANDONGO,KEUR MANDONGO,nom identique
SN-KL-ND4-5,KEUR MADIABEL,commune,SN-KL-ND,SN0503_KEURMADIABEL,KEUR MADIABEL,nom identique
SN-KL-GU1-1,GUINGUINEO,commune,SN-KL-GU,SN0501_GUINGUENEO,GUINGUENEO,nom approche
SN-KL-GU2-1,MBADAKHOUNE,commune,SN-KL-GU,SN0501_MBADAKHOUNE,MBADAKHOUNE,nom identique
SN-KL-GU2-2,NDIAGO,commune,SN-KL-GU,SN0501_NDIAGO,NDIAGO,nom identique
SN-KL-GU2-3,NGATHIE NAOUDE,commune,SN-KL-GU,SN0501_NGATHIENAOUDE,NGATHIE NAOUDE,nom identique
SN-KL-GU2-4,KHELCOM BIRANE,commune,SN-KL-GU,SN0501_KHELCOMBIRANE,KHELCOM BIRANE,nom identique
SN-KL-GU2-5,FASS,commune,SN-KL-GU,SN0501_FASSKANE,FASS KANE,debut du nom
SN-KL-GU3-1,GAGNICK,commune,SN-KL-GU,SN0501_GAGNICK,GAGNICK,nom identique
SN-KL-GU3-2,NGUELOU,commune,SN-KL-GU,SN0303_NGUELOU,NGUELOU,autre departement
SN-KL-GU3-3,OUROUR,commune,SN-KL-GU,SN0501_OUROUR,OUROUR,nom identique
SN-KL-GU3-4,DARA MBOSS,commune,SN-KL-GU,SN0501_DARAMBOSS,DARA MBOSS,nom identique
SN-KL-GU3-5,PANAL OUOLOF,commune,SN-KL-GU,SN0501_PANALOUOLOF,PANAL OUOLOF,nom identique
SN-KL-GU3-6,MBOSS,commune,SN-KL-GU,SN0501_MBOSS,MBOSS,nom identique
SN-KE-KE1-1,KEDOUGOU,commune,SN-KE-KE,SN0601_KEDOUGOU,KEDOUGOU,nom identique
SN-KE-KE2-1,BANDAFASSI,commune,SN-KE-KE,SN0601_BANDAFASSI,BANDAFASSI,nom identique
SN-KE-KE2-2,TOMBORONCOTO,commune,SN-KE-KE,SN0601_TOMBORONKOTO,TOMBORONKOTO,nom approche
SN-KE-KE2-3,DINDEFELO,commune,SN-KE-KE,SN0601_DINDEFELLO,DINDEFELLO,nom approche
SN-KE-KE2-4,NINEFECHA,commune,SN-KE-KE,SN0601_NINEFECHA,NINEFECHA,nom identique
SN-KE-KE3-1,DIMBOLI,commune,SN-KE-KE,SN0601_DIMBOLI,DIMBOLI,nom identique
SN-KE-KE3-2,FONGOLIMBI,commune,SN-KE-KE,SN0601_FONGOLEMBI,FONGOLEMBI,nom approche
SN-KE-SL1-1,SALEMATA,commune,SN-KE-SL,SN0602_SALEMATA,SALEMATA,nom identique
SN-KE-SL2-1,DAKATELY,commune,SN-KE-SL,SN0602_DAKATELY,DAKATELY,nom identique
SN-KE-SL2-2,KEVOYE,commune,SN-KE-SL,SN0602_KEVOYE,KEVOYE,nom identique
SN-KE-SL3-1,DAR SALAM,commune,SN-KE-SL,SN0602_DARSALAM,DAR SALAM,nom identique
SN-KE-SL3-2,ETHIOLO,commune,SN-KE-SL,SN0602_ETHIOLO,ETHIOLO,nom identique
SN-KE-SL3-3,OUBADJI,commune,SN-KE-SL,SN0602_OUBADJI,OUBADJI,nom identique
SN-KE-SA1-1,SARAYA,commune,SN-KE-SA,SN0603_SARAYA,SARAYA,nom identique
SN-KE-SA2-1,MEDINA BAFFE,commune,SN-KE-SA,SN0603_MEDINABAFFE,MEDINA BAFFE,nom identique
SN-KE-SA2-2,BEMBOU,commune,SN-KE-SA,SN0603_BEMBOU,BEMBOU,nom identique
SN-KE-SA3-1,KHOSSANTO,commune,SN-KE-SA,SN0603_KHOSSANTO,KHOSSANTO,nom identique
SN-KE-SA3-2,MISSIRAH SIRIMANA,commune,SN-KE-SA,SN0603_MISSIRAHSIRIMANA,MISSIRAH SIRIMANA,nom identique
SN-KE-SA3-3,SABODALA,commune,SN-KE-SA,SN0603_SABODALA,SABODALA,nom identique
SN-KD-KD1-1,KOLDA,commune,SN-KD-KD,SN0701_KOLDA,KOLDA,nom identique
SN-KD-KD2-1,DIOULACOLON,commune,SN-KD-KD,SN0701_DIOULACOLON,DIOULACOLON,nom identique
SN-KD-KD2-2,MEDINA EL HADJ,commune,SN-KD-KD,SN0701_MEDINAELHADJI,MEDINA EL HADJI,nom approche
SN-KD-KD2-3,TANKANTO ESCALE,commune,SN-KD-KD,SN0701_TANKANTOESCALE,TANKANTO ESCALE,nom identique
SN-KD-KD2-4,GUIRO YERO BOCAR,commune,SN-KD-KD,SN0701_GUIROYEROBOCAR,GUIRO YERO BOCAR,nom identique
SN-KD-KD2-5,SALIKEGNE,commune,SN-KD-KD,SN0701_SALIKEGNE,SALIKEGNE,nom identique
SN-KD-KD2-6,SARE YOBA DIEGA,commune,SN-KD-KD,SN0701_SAREYOBADIEGA,SARE YOBA DIEGA,nom identique
SN-KD-KD3-1,BAGADADJI,commune,SN-KD-KD,SN0701_BAGADADJI,BAGADADJI,nom identique
SN-KD-KD3-2,COUMBACARA,commune,SN-KD-KD,SN0701_COUMBACARA,COUMBACARA,nom identique
SN-KD-KD3-3,MAMPATIM,commune,SN-KD-KD,SN0701_MAMPATIM,MAMPATIM,nom identique
SN-KD-KD3-4,DIALAMBERE,commune,SN-KD-KD,SN0701_DIALAMBERE,DIALAMBERE,nom identique
SN-KD-KD3-5,MEDINA CHERIF,commune,SN-KD-KD,SN0701_MEDINACHERIF,MEDINA CHERIF,nom identique
SN-KD-KD3-6,DABO,commune,SN-KD-KD,SN0701_DABO,DABO,nom identique
SN-KD-KD4-1,SARE BIDJI,commune,SN-KD-KD,SN0701_SAREBIDJI,SARE BIDJI,nom identique
SN-KD-KD4-2,THIETTY,commune,SN-KD-KD,SN0701_THIETTY,THIETTY,nom identique
SN-KD-VE1-1,VELINGARA,commune,SN-KD-VE,SN0703_VELINGARA,VELINGARA,nom identique
SN-KD-VE2-1,BONCONTO,commune,SN-KD-VE,SN0703_BONCONTO,BONCONTO,nom identique
SN-KD-VE2-2,LINKERING,commune,SN-KD-VE,SN0703_LINKERING,LINKERING,nom identique
SN-KD-VE2-3,MEDINA GOUNASS,commune,SN-KD-VE,SN0703_MEDINAGOUNASS,MEDINA GOUNASS,nom identique
SN-KD-VE2-4,SINTHIANG KOUNDARA,commune,SN-KD-VE,SN0703_SINTHIANGKOUNDARA,SINTHIANG KOUNDARA,nom identique
SN-KD-VE3-1,OUASSADOU,commune,SN-KD-VE,SN0703_OUASSADOU,OUASSADOU,nom identique
SN-KD-VE3-2,PAROUMBA,commune,SN-KD-VE,SN0703_PAROUMBA,PAROUMBA,nom identique
SN-KD-VE3-3,PAKOUR,commune,SN-KD-VE,SN0703_PAKOUR,PAKOUR,nom identique
SN-KD-VE4-1,KANDIA,commune,SN-KD-VE,SN0703_KANDIA,KANDIA,nom identique
SN-KD-VE4-2,SARE COLY SALLE,commune,SN-KD-VE,SN0703_SARECOLYSALLE,SARE COLY SALLE,nom identique
SN-KD-VE4-3,NEMATABA,commune,SN-KD-VE,SN0703_NEMATABA,NEMATABA,nom identique
SN-KD-VE4-4,KANDIAYE,commune,SN-KD-VE,SN0703_KANDIAYE,KANDIAYE,nom identique
SN-KD-VE4-5,DIAOBE KABENDOU,commune,SN-KD-VE,SN0703_DIAOBEKABENDOU,DIAOBE KABENDOU,nom identique
SN-KD-VE4-6,KOUNKANE,commune,SN-KD-VE,SN0703_KOUNKANE,KOUNKANE,nom identique
SN-KD-MY1-1,MEDINA YORO FOULAH,commune,SN-KD-MY,SN0702_MEDINAYOROFOULAH,MEDINA YORO FOULAH,nom identique
SN-KD-MY2-1,FAFACOUROU,commune,SN-KD-MY,SN0702_FAFACOUROU,FAFACOUROU,nom identique
SN-KD-MY2-2,BADION,commune,SN-KD-MY,SN0702_BADION,BADION,nom identique
SN-KD-MY3-1,NDORNA,commune,SN-KD-MY,SN0702_NDORNA,NDORNA,nom identique
SN-KD-MY3-2,BIGNARABE,commune,SN-KD-MY,SN0702_BIGNARABE,BIGNARABE,nom identique
SN-KD-MY3-3,BOUROUCO,commune,SN-KD-MY,SN0702_BOUROUCOBIRANECISSE,BOUROUCO BIRANE CISSE,debut du nom
SN-KD-MY3-4,KOULINTO,commune,SN-KD-MY,SN0702_KOULINTO,KOULINTO,nom identique
SN-KD-MY4-1,DINGUIRAYE,commune,SN-KD-MY,SN0702_DINGUIRAYE,DINGUIRAYE,nom identique
SN-KD-MY4-2,KEREWANE,commune,SN-KD-MY,SN0702_KEREWANE,KEREWANE,nom identique
SN-KD-MY4-3,NIAMING,commune,SN-KD-MY,SN0702_NIAMING,NIAMING,nom identique
SN-KD-MY4-4,PATA,commune,SN-KD-MY,SN0702_PATA,PATA,nom identique
SN-LG-KE1-1,KEBEMER,commune,SN-LG-KE,SN0801_KEBEMER,KEBEMER,nom identique
SN-LG-KE2-1,DAROU MARNANE,commune,SN-LG-KE,SN0801_DAROUMARNANE,DAROU MARNANE,nom identique
SN-LG-KE2-2,DAROU MOUHTY,commune,SN-LG-KE,SN0801_DAROUMOUSTY,DAROU MOUSTY,nom approche
SN-LG-KE2-3,MBADIANE,commune,SN-LG-KE,SN0801_MBADIANE,MBADIANE,nom identique
SN-LG-KE2-4,NDOYENE,commune,SN-LG-KE,SN0801_NDOYENE,NDOYENE,nom identique
SN-LG-KE2-5,SAM YABAL,commune,SN-LG-KE,SN0801_SAMYABAL,SAM YABAL,nom identique
SN-LG-KE2-6,TOUBA MERINA,commune,SN-LG-KE,SN0801_TOUBAMERINA,TOUBA MERINA,nom identique
SN-LG-KE2-7,MBACKE CAJOR,commune,SN-LG-KE,SN0801_MBACKEKADIOR,MBACKE KADIOR,nom approche
SN-LG-KE3-1,BADEGNE OUOLOF,commune,SN-LG-KE,SN0801_BADEGNEOUOLOF,BADEGNE OUOLOF,nom identique
SN-LG-KE3-2,DIOKOUL DIAWRIGNE,commune,SN-LG-KE,SN0801_DIOKOULDIAWRIGNE,DIOKOUL DIAWRIGNE,nom identique
SN-LG-KE3-3,KAB GAYE,commune,SN-LG-KE,SN0801_KABGAYE,KAB GAYE,nom identique
SN-LG-KE3-4,NDANDE,commune,SN-LG-KE,SN0801_NDANDE,NDANDE,nom identique
SN-LG-KE3-5,THIEPPE,commune,SN-LG-KE,SN0801_THIEPPE,THIEPPE,nom identique
SN-LG-KE3-6,GUEOUL,commune,SN-LG-KE,SN0801_GUEOUL,GUEOUL,nom identique
SN-LG-KE4-1,KANENE NDIOB,commune,SN-LG-KE,SN0801_KANENENDIOB,KANENE NDIOB,nom identique
SN-LG-KE4-2,LORO,commune,SN-LG-KE,SN0801_LORO,LORO,nom identique
SN-LG-KE4-3,SAGATTA GUETH,commune,SN-LG-KE,SN0801_SAGATTAGUETH,SAGATTA GUETH,nom identique
SN-LG-KE4-4,THIOLOM FALL,commune,SN-LG-KE,SN0801_THIOLOMFALL,THIOLOM FALL,nom identique
SN-LG-KE4-5,NGOURANE OUOLOF,commune,SN-LG-KE,SN0801_NGOURANEOUOLOF,NGOURANE OUOLOF,nom identique
SN-LG-LI1-1,LINGUERE,commune,SN-LG-LI,SN0802_LINGUERE,LINGUERE,nom identique
SN-LG-LI2-1,DAHRA,commune,SN-LG-LI,SN0802_DAHRA,DAHRA,nom identique
SN-LG-LI3-1,BARKEDJI,commune,SN-LG-LI,SN0802_BARKEDJI,BARKEDJI,nom identique
SN-LG-LI3-2,GASSANE,commune,SN-LG-LI,SN0802_GASSANE,GASSANE,nom identique
SN-LG-LI3-3,THIARNY,commune,SN-LG-LI,SN0802_THIARGNY,THIARGNY,nom approche
SN-LG-LI3-4,THIEL,commune,SN-LG-LI,SN0802_THIEL,THIEL,nom identique
SN-LG-LI4-1,DODJI,commune,SN-LG-LI,SN0802_DODJI,DODJI,nom identique
SN-LG-LI4-2,LABGAR,commune,SN-LG-LI,SN0802_LABGAR,LABGAR,nom identique
SN-LG-LI4-3,OUARKHOKH,commune,SN-LG-LI,SN0802_OUARKHOKH,OUARKHOKH,nom identique
SN-LG-LI5-1,KAMB,commune,SN-LG-LI,SN0802_KAMB,KAMB,nom identique
SN-LG-LI5-2,MBOULA,commune,SN-LG-LI,SN0802_MBOULA,MBOULA,nom identique
SN-LG-LI5-3,TESSEKERE FORAGE,commune,SN-LG-LI,SN0802_TESSEKREFORAGE,TESSEKRE FORAGE,nom approche
SN-LG-LI5-4,YANG YANG,commune,SN-LG-LI,SN0802_YANGYANG,YANG YANG,nom identique
SN-LG-LI5-5,MBEULEUKHE,commune,SN-LG-LI,SN0802_MBEULEUKHE,MBEULEUKHE,nom identique
SN-LG-LI6-1,BOULAL,commune,SN-LG-LI,SN0802_BOULAL,BOULAL,nom identique
SN-LG-LI6-2,DEALY,commune,SN-LG-LI,SN0802_DEALI,DEALI,nom approche
SN-LG-LI6-3,SAGATTA DJOLOF,commune,SN-LG-LI,SN0802_SAGATTADJOLOF,SAGATTA DJOLOF,nom identique
SN-LG-LI6-4,THIAMENE PASSE,commune,SN-LG-LI,SN0802_THIAMENEDJOLOFTHIAMENEPASS,THIAMENE DJOLOF (THIAMENE PASS),nom approche
SN-LG-LI6-5,AFFE DJOLOF,commune,SN-LG-LI,SN0802_AFFEDJOLOF,AFFE DJOLOF,nom identique
SN-LG-LD1-1,LOUGA,commune,SN-LG-LD,SN0803_LOUGA,LOUGA,nom identique
SN-LG-LD2-1,COKI,commune,SN-LG-LD,SN0803_COKI,COKI,nom identique
SN-LG-LD2-2,PETE OUARACK,commune,SN-LG-LD,SN0803_PETEOUARACK,PETE OUARACK,nom identique
SN-LG-LD2-3,THIAMENE,commune,SN-LG-LD,SN0803_THIAMENECAYOR,THIAMENE CAYOR,debut du nom
SN-LG-LD2-4,GUET ARDO,commune,SN-LG-LD,SN0803_GUETARDO,GUET ARDO,nom identique
SN-LG-LD2-5,NDIAGNE,commune,SN-LG-LD,SN0803_NDIAGNE,NDIAGNE,nom identique
SN-LG-LD3-1,GANDE,commune,SN-LG-LD,SN0803_GANDE,GANDE,nom identique
SN-LG-LD3-2,KEUR MOMAR SARR,commune,SN-LG-LD,SN0803_KEURMOMARSARR,KEUR MOMAR SARR,nom identique
SN-LG-LD3-3,NGUER MALAL,commune,SN-LG-LD,SN0803_NGUERMALAL,NGUER MALAL,nom identique
SN-LG-LD3-4,SYER,commune,SN-LG-LD,SN0803_SYER,SYER,nom identique
SN-LG-LD4-1,KELE GUEYE,commune,SN-LG-LD,SN0803_KELLEGUEYE,KELLE GUEYE,nom approche
SN-LG-LD4-2,MBEDIENE,commune,SN-LG-LD,SN0803_MBEDIENE,MBEDIENE,nom identique
SN-LG-LD4-3,NGUIDILE,commune,SN-LG-LD,SN0803_NGUIDILE,NGUIDILE,nom identique
SN-LG-LD4-4,NIOMRE,commune,SN-LG-LD,SN0803_NIOMRE,NIOMRE,nom identique
SN-LG-LD5-1,LEONA,commune,SN-LG-LD,SN0803_LEONA,LEONA,nom identique
SN-LG-LD5-2,NGUEUNE SARR,commune,SN-LG-LD,SN0803_NGUEUNESARR,NGUEUNE SARR,nom identique
SN-LG-LD5-3,SAKAL,commune,SN-LG-LD,SN0803_SAKAL,SAKAL,nom identique
SN-MT-MA1-1,MATAM,commune,SN-MT-MA,SN0902_MATAM,MATAM,nom identique
SN-MT-MA2-1,OUROSSOGUI,commune,SN-MT-MA,SN0902_OUROSSOGUI,OUROSSOGUI,nom identique
SN-MT-MA3-1,AGNAM CIVOL,commune,SN-MT-MA,SN0902_AGNAMCIVOL,AGNAM CIVOL,nom identique
SN-MT-MA3-2,OREFONDE,commune,SN-MT-MA,SN0902_OREFONDE,OREFONDE,nom identique
SN-MT-MA3-3,DABIA,commune,SN-MT-MA,SN0902_DABIAOBEDJI,DABIA OBEDJI,debut du nom
SN-MT-MA3-4,NGUIDJILONE,commune,SN-MT-MA,SN0902_NGUIDJILOGNE,NGUIDJILOGNE,nom approche
SN-MT-MA3-5,THILOGNE,commune,SN-MT-MA,SN0902_THILOGNE,THILOGNE,nom identique
SN-MT-MA4-1,BOKIDIAWE,commune,SN-MT-MA,SN0902_BOKIDIAWE,BOKIDIAWE,nom identique
SN-MT-MA4-2,NABADJI CIVOL,commune,SN-MT-MA,SN0902_NABADJICIVOL,NABADJI CIVOL,nom identique
SN-MT-MA4-3,OGO,commune,SN-MT-MA,SN0902_OGO,OGO,nom identique
SN-MT-KA1-1,KANEL,commune,SN-MT-KA,SN0901_KANEL,KANEL,nom identique
SN-MT-KA2-1,BOKILADJI,commune,SN-MT-KA,SN0901_BOKILADJI,BOKILADJI,nom identique
SN-MT-KA2-2,ORKADIERE,commune,SN-MT-KA,SN0901_ORKADIERE,ORKADIERE,nom identique
SN-MT-KA2-3,AOURE,commune,SN-MT-KA,SN0901_AOURE,AOURE,nom identique
SN-MT-KA2-4,DEMBANCANE,commune,SN-MT-KA,SN0901_DEMBANCANE,DEMBANCANE,nom identique
SN-MT-KA2-5,ODOBERE,commune,SN-MT-KA,SN0901_ODOBERE,ODOBERE,nom identique
SN-MT-KA2-6,SEMME,commune,SN-MT-KA,SN0901_SEMME,SEMME,nom identique
SN-MT-KA2-7,OUAOUNDE,commune,SN-MT-KA,SN0901_WAOUNDE,WAOUNDE,nom approche
SN-MT-KA3-1,NDENDORY,commune,SN-MT-KA,SN0901_NDENDORY,NDENDORY,nom identique
SN-MT-KA3-2,WOURO SIDY,commune,SN-MT-KA,SN0901_OUROSIDY,OURO SIDY,nom approche
SN-MT-KA3-3,HAMADY HOUNARE,commune,SN-MT-KA,SN0901_HAMADYOUNARE,HAMADY OUNARE,nom approche
SN-MT-KA3-4,SINTHIOU BAMAMBE BANADJI,commune,SN-MT-KA,SN0901_SINTHIOUBAMAMBEBANADJI,SINTHIOU BAMAMBE BANADJI,nom identique
SN-MT-RF1-1,RANEROU,commune,SN-MT-RF,SN0903_RANEROU,RANEROU,nom identique
SN-MT-RF2-1,LOUGRE THIOLY,commune,SN-MT-RF,SN0903_LOUGUERETHIOLY,LOUGUERE THIOLY,nom approche
SN-MT-RF2-2,VELINGARA,commune,SN-MT-RF,SN0903_VELINGARA,VELINGARA,nom identique
SN-MT-RF2-3,OUDALAYE,commune,SN-MT-RF,SN0903_HOUDALAYE,HOUDALAYE,nom approche
SN-SL-DA1-1,DAGANA,commune,SN-SL-DA,SN1001_DAGANA,DAGANA,nom identique
SN-SL-DA2-1,RICHARD TOLL,commune,SN-SL-DA,SN1001_RICHARDTOLL,RICHARD-TOLL,nom identique
SN-SL-DA3-1,MBANE,commune,SN-SL-DA,SN1001_MBANE,MBANE,nom identique
SN-SL-DA3-2,BOKHOL,commune,SN-SL-DA,SN1001_BOKHOL,BOKHOL,nom identique
SN-SL-DA3-3,GAE,commune,SN-SL-DA,SN1001_GAE,GAE,nom identique
SN-SL-DA3-4,NDOMBO SANDJIRY,commune,SN-SL-DA,SN1001_NDOMBO,NDOMBO,debut du nom
SN-SL-DA4-1,DIAMA,commune,SN-SL-DA,SN1001_DIAMA,DIAMA,nom identique
SN-SL-DA4-2,NGNITH,commune,SN-SL-DA,SN1001_NGNITH,NGNITH,nom identique
SN-SL-DA4-3,RONKH,commune,SN-SL-DA,SN1001_RONKH,RONKH,nom identique
SN-SL-DA4-4,ROSS BETHIO,commune,SN-SL-DA,SN1001_ROSSBETHIO,ROSS-BETHIO,nom identique
SN-SL-DA4-5,ROSSO,commune,SN-SL-DA,SN1001_ROSSOSENEGAL,ROSSO SENEGAL,debut du nom
SN-SL-PO1-1,PODOR,commune,SN-SL-PO,SN1002_PODOR,PODOR,nom identique
SN-SL-PO2-1,NDIOUM,commune,SN-SL-PO,SN1002_NDIOUM,NDIOUM,nom identique
SN-SL-PO3-1,MADINA NDIATHBE,commune,SN-SL-PO,SN1002_MEDINANDIATHBE,MEDINA NDIATHBE,nom approche
SN-SL-PO3-2,DOUMGA LAO,commune,SN-SL-PO,SN1002_DOUMGALAO,DOUMGA LAO,nom identique
SN-SL-PO3-3,MERY,commune,SN-SL-PO,SN1002_MERY,MERY,nom identique
SN-SL-PO3-4,AERE LAO,commune,SN-SL-PO,SN1002_AERELAO,AERE LAO,nom identique
SN-SL-PO3-5,GOLLERE,commune,SN-SL-PO,SN1002_GOLLERE,GOLLERE,nom identique
SN-SL-PO3-6,MBOUMBA,commune,SN-SL-PO,SN1002_MBOUMBA,MBOUMBA,nom identique
SN-SL-PO3-7,WALALDE,commune,SN-SL-PO,SN1002_WALALDE,WALALDE,nom identique
SN-SL-PO4-1,BOKE DIALLOUBE,commune,SN-SL-PO,SN1002_BOKEDIALLOUBE,BOKE DIALLOUBE,nom identique
SN-SL-PO4-2,MBOLO BIRANE,commune,SN-SL-PO,SN1002_MBOLOBIRANE,MBOLO BIRANE,nom identique
SN-SL-PO4-3,GALOYA TOUCOULEUR,commune,SN-SL-PO,SN1002_GALOYATOUCOULEUR,GALOYA TOUCOULEUR,nom identique
SN-SL-PO4-4,PETE,commune,SN-SL-PO,SN1002_PETE,PETE,nom identique
SN-SL-PO5-1,FANAYE,commune,SN-SL-PO,SN1002_FANAYE,FANAYE,nom identique
SN-SL-PO5-2,NDIAYENE PEINDAO,commune,SN-SL-PO,SN1002_NDIAYENEPENDAO,NDIAYENE PENDAO,nom approche
SN-SL-PO5-3,NIANDANE,commune,SN-SL-PO,SN1002_NIANDANE,NIANDANE,nom identique
SN-SL-PO6-1,DODEL,commune,SN-SL-PO,SN1002_DODEL,DODEL,nom identique
SN-SL-PO6-2,GAMADJI SARE,commune,SN-SL-PO,SN1002_GAMADJISARRE,GAMADJI SARRE,nom approche
SN-SL-PO6-3,GUEDE VILLAGE,commune,SN-SL-PO,SN1002_GUEDEVILLAGE,GUEDE VILLAGE,nom identique
SN-SL-PO6-4,BODE LAO,commune,SN-SL-PO,SN1002_BODELAO,BODE LAO,nom identique
SN-SL-PO6-5,DEMETTE,commune,SN-SL-PO,SN1002_DEMETTE,DEMETTE,nom identique
SN-SL-PO6-6,GUEDE CHANTIER,commune,SN-SL-PO,SN1002_GUEDECHANTIERS,GUEDE CHANTIERS,nom approche
SN-SL-SD1-1,SAINT LOUIS,commune,SN-SL-SD,SN1003_SAINTLOUIS,SAINT LOUIS,nom identique
SN-SL-SD2-1,GANDON,commune,SN-SL-SD,SN1003_GANDON,GANDON,nom identique
SN-SL-SD2-2,FASS NGOM,commune,SN-SL-SD,SN1003_FASSNGOM,FASS NGOM,nom identique
SN-SL-SD2-3,NDIEBENE GANDIOLE,commune,SN-SL-SD,SN1003_NDIEBENEGANDIOLE,NDIEBENE GANDIOLE,nom identique
SN-SL-SD2-4,MPAL,commune,SN-SL-SD,SN1003_MPAL,MPAL,nom identique
SN-SE-SD1-1,SEDHIOU,commune,SN-SE-SD,SN1103_SEDHIOU,SEDHIOU,nom identique
SN-SE-SD2-1,MARSASSOUM,commune,SN-SE-SD,SN1103_MARSASSOUM,MARSASSOUM,nom identique
SN-SE-SD3-1,DIENDE,commune,SN-SE-SD,SN1103_DIENDE,DIENDE,nom identique
SN-SE-SD3-2,SAKAR,commune,SN-SE-SD,SN1103_SAKAR,SAKAR,nom identique
SN-SE-SD3-3,DIANNAH BA,commune,SN-SE-SD,SN1103_DIANNAHBA,DIANNAH BA,nom identique
SN-SE-SD3-4,KOUSSY,commune,SN-SE-SD,SN1103_KOUSSY,KOUSSY,nom identique
SN-SE-SD3-5,OUDOUCAR,commune,SN-SE-SD,SN1103_OUDOUCAR,OUDOUCAR,nom identique
SN-SE-SD3-6,SAMA KANTA PEULH,commune,SN-SE-SD,SN1103_SAMEKANTAPEULH,SAME KANTA PEULH,nom approche
SN-SE-SD3-7,DIANNAH MALARY,commune,SN-SE-SD,SN1103_DIANNAHMALARY,DIANNAH MALARY,nom identique
SN-SE-SD4-1,BEMET BIDJINI,commune,SN-SE-SD,SN1103_BEMETBIDJINI,BEMET BIDJINI,nom identique
SN-SE-SD4-2,SAN SAMBA,commune,SN-SE-SD,SN1103_SANSAMBA,SANSAMBA,nom identique
SN-SE-SD4-3,DJIBABOUYA,commune,SN-SE-SD,SN1103_DJIBABOUYA,DJIBABOUYA,nom identique
SN-SE-SD5-1,BAMBALY,commune,SN-SE-SD,SN1103_BAMBALI,BAMBALI,nom approche
SN-SE-SD5-2,DJIREDJI,commune,SN-SE-SD,SN1103_DJIREDJI,DJIREDJI,nom identique
SN-SE-BO1-1,BOUNKILING,commune,SN-SE-BO,SN1101_BOUNKILING,BOUNKILING,nom identique
SN-SE-BO2-1,BOGHAL,commune,SN-SE-BO,SN1101_BOGHAL,BOGHAL,nom identique
SN-SE-BO2-2,TANKON,commune,SN-SE-BO,SN1101_TANKON,TANKON,nom identique
SN-SE-BO2-3,DJINANY,commune,SN-SE-BO,SN1101_DJINANI,DJINANI,nom approche
SN-SE-BO2-4,NDIAMALATHIEL,commune,SN-SE-BO,SN1101_NDIAMALATHIEL,NDIAMALATHIEL,nom identique
SN-SE-BO2-5,NDIAMACOUTA,commune,SN-SE-BO,SN1101_NDIAMACOUTA,NDIAMACOUTA,nom identique
SN-SE-BO3-1,BONA,commune,SN-SE-BO,SN1101_BONA,BONA,nom identique
SN-SE-BO3-2,DIACOUNDA,commune,SN-SE-BO,SN1101_DIACOUNDA,DIACOUNDA,nom identique
SN-SE-BO3-3,INOR,commune,SN-SE-BO,SN1101_INOR,INOR,nom identique
SN-SE-BO3-4,KANDION MANGANA,commune,SN-SE-BO,SN1101_KANDIONMANGANA,KANDION MANGANA,nom identique
SN-SE-BO4-1,DIAROUME,commune,SN-SE-BO,SN1101_DIAROUME,DIAROUME,nom identique
SN-SE-BO4-2,DIAMBATI,commune,SN-SE-BO,SN1101_DIAMBATY,DIAMBATY,nom approche
SN-SE-BO4-3,FAOUNE,commune,SN-SE-BO,SN1101_FAOUNE,FAOUNE,nom identique
SN-SE-BO4-4,MADINA WANDIFA,commune,SN-SE-BO,SN1101_MEDINAWANDIFA,MEDINA WANDIFA,nom approche
SN-SE-GO1-1,GOUDOMP,commune,SN-SE-GO,SN1102_GOUDOMP,GOUDOMP,nom identique
SN-SE-GO2-1,DJIBANAR,commune,SN-SE-GO,SN1102_DJIBANAR,DJIBANAR,nom identique
SN-SE-GO2-2,KAOUR,commune,SN-SE-GO,SN1102_KAOUR,KAOUR,nom identique
SN-SE-GO2-3,MANGAROUNGOU SANTO,commune,SN-SE-GO,SN1102_MANGAROUNGOUSANTO,MANGAROUNGOU SANTO,nom identique
SN-SE-GO2-4,SIMBANDI BALANTE,commune,SN-SE-GO,SN1102_SIMBANDIBALANTE,SIMBANDI BALANTE,nom identique
SN-SE-GO2-5,YARANG BALANTE,commune,SN-SE-GO,SN1102_YARANGBALANTE,YARANG BALANTE,nom identique
SN-SE-GO2-6,DIATTACOUNDA,commune,SN-SE-GO,SN1102_DIATTACOUNDA,DIATTACOUNDA,nom identique
SN-SE-GO2-7,SAMINE,commune,SN-SE-GO,SN1102_SAMINEESCALE,SAMINE ESCALE,debut du nom
SN-SE-GO3-1,KARANTABA,commune,SN-SE-GO,SN1102_KARANTABA,KARANTABA,nom identique
SN-SE-GO3-2,KOLIBANTANG,commune,SN-SE-GO,SN1102_KOLIBANTANG,KOLIBANTANG,nom identique
SN-SE-GO4-1,NIAGHA,commune,SN-SE-GO,SN1102_NIAGHA,NIAGHA,nom identique
SN-SE-GO4-2,SIMBANDI BRASSOU,commune,SN-SE-GO,SN1102_SIMBANDIBRASSOU,SIMBANDI BRASSOU,nom identique
SN-SE-GO4-3,BAGHERE,commune,SN-SE-GO,SN1102_BAGHERE,BAGHERE,nom identique
SN-SE-GO4-4,DIOUBOUDOU,commune,SN-SE-GO,SN1102_DIOUBOUDOU,DIOUBOUDOU,nom identique
SN-SE-GO4-5,TANAFF,commune,SN-SE-GO,SN1102_TANAFF,TANAFF,nom identique
SN-TC-BA1-1,BAKEL,commune,SN-TC-BA,SN1201_BAKEL,BAKEL,nom identique
SN-TC-BA2-1,GATHIARY,commune,SN-TC-BA,SN1201_GATHIARY,GATHIARY,nom identique
SN-TC-BA2-2,MADINA FOULBE,commune,SN-TC-BA,SN1201_MADINAFOULBE,MADINA FOULBE,nom identique
SN-TC-BA2-3,SADATOU,commune,SN-TC-BA,SN1201_SADATOU,SADATOU,nom identique
SN-TC-BA2-4,TOUMBOURA,commune,SN-TC-BA,SN1201_TOUMBOURA,TOUMBOURA,nom identique
SN-TC-BA3-1,BELE,commune,SN-TC-BA,SN1201_BELE,BELE,nom identique
SN-TC-BA3-2,SINTHIOU FISSA,commune,SN-TC-BA,SN1201_SINTHIOUFISSA,SINTHIOU FISSA,nom identique
SN-TC-BA3-3,KIDIRA,commune,SN-TC-BA,SN1201_KIDIRA,KIDIRA,nom identique
SN-TC-BA4-1,BALLOU,commune,SN-TC-BA,SN1201_BALLOU,BALLOU,nom identique
SN-TC-BA4-2,GABOU,commune,SN-TC-BA,SN1201_GABOU,GABOU,nom identique
SN-TC-BA4-3,MOUDERY,commune,SN-TC-BA,SN1201_MOUDERY,MOUDERY,nom identique
SN-TC-BA4-4,DIAWARA,commune,SN-TC-BA,SN1201_DIAWARA,DIAWARA,nom identique
SN-TC-TD1-1,TAMBACOUNDA,commune,SN-TC-TD,SN1204_TAMBACOUNDA,TAMBACOUNDA,nom identique
SN-TC-TD2-1,KOUSSANAR,commune,SN-TC-TD,SN1204_KOUSSANAR,KOUSSANAR,nom identique
SN-TC-TD2-2,SINTHIOU MALEME,commune,SN-TC-TD,SN1204_SINTHIOUMALEME,SINTHIOU MALEME,nom identique
SN-TC-TD3-1,MAKACOLIBANTANG,commune,SN-TC-TD,SN1204_MAKACOULIBANTANG,MAKACOULIBANTANG,nom approche
SN-TC-TD3-2,NDOGA BABACAR,commune,SN-TC-TD,SN1204_NDOGABABACAR,NDOGA BABACAR,nom identique
SN-TC-TD3-3,NIANI TOUCOULEUR,commune,SN-TC-TD,SN1203_NIANITOUCOULEUR,NIANI TOUCOULEUR,autre departement
SN-TC-TD4-1,DIALACOTO,commune,SN-TC-TD,SN1204_DIALACOTO,DIALACOTO,nom identique
SN-TC-TD4-2,MISSIRAH,commune,SN-TC-TD,SN1204_MISSIRAH,MISSIRAH,nom identique
SN-TC-TD4-3,NETTEBOULOU,commune,SN-TC-TD,SN1204_NETTEBOULOU,NETTEBOULOU,nom identique
SN-TC-GO1-1,GOUDIRY,commune,SN-TC-GO,SN1202_GOUDIRY,GOUDIRY,nom identique
SN-TC-GO2-1,BALA,commune,SN-TC-GO,SN1202_BALA,BALA,nom identique
SN-TC-GO2-2,GOUMBAYEL,commune,SN-TC-GO,SN1202_GOUMBAYEL,GOUMBAYEL,nom identique
SN-TC-GO2-3,KOAR,commune,SN-TC-GO,SN1202_KOAR,KOAR,nom identique
SN-TC-GO3-1,DOUGUE,commune,SN-TC-GO,SN1202_DOUGUE,DOUGUE,nom identique
SN-TC-GO3-2,BOYNGUEL BAMBA,commune,SN-TC-GO,SN1202_BOYNGUELBAMBA,BOYNGUEL BAMBA,nom identique
SN-TC-GO3-3,KOUSSAN,commune,SN-TC-GO,SN1202_KOUSSAN,KOUSSAN,nom identique
SN-TC-GO3-4,SINTHIOU MAMADOU BOUBOU,commune,SN-TC-GO,SN1202_SINTHIOUMAMADOUBOUBOU,SINTHIOU MAMADOU BOUBOU,nom identique
SN-TC-GO4-1,BANI ISRAEL,commune,SN-TC-GO,SN1202_BANIISRAEL,BANI ISRAEL,nom identique
SN-TC-GO4-2,BOUTOUCOUFARA,commune,SN-TC-GO,SN1204_BOUTOUCOUFARA,BOUTOUCOUFARA,autre departement
SN-TC-GO4-3,DIANKE MAKHA,commune,SN-TC-GO,SN1202_DIANKEMAKHA,DIANKE MAKHA,nom identique
SN-TC-GO4-4,KOMOTI,commune,SN-TC-GO,SN1202_KOMOTI,KOMOTI,nom identique
SN-TC-GO5-1,KOULOR,commune,SN-TC-GO,SN1202_KOULOR,KOULOR,nom identique
SN-TC-GO5-2,SINTHIOU BOCAR ALY,commune,SN-TC-GO,SN1202_SINTHIOUBOCARALI,SINTHIOU BOCAR ALI,nom approche
SN-TC-GO5-3,KOTHIARY,commune,SN-TC-GO,SN1202_KOTHIARY,KOTHIARY,nom identique
SN-TC-KO1-1,KOUMPENTOUM,commune,SN-TC-KO,SN1203_KOUMPENTOUM,KOUMPENTOUM,nom identique
SN-TC-KO2-1,BAMBA THIALENE,commune,SN-TC-KO,SN1203_BAMBANDIAYENEBAMBATHIALENE,BAMBA NDIAYENE (BAMBA THIALENE),nom identique
SN-TC-KO2-2,KAHENE,commune,SN-TC-KO,SN1203_KAHENE,KAHENE,nom identique
SN-TC-KO2-3,MERETO,commune,SN-TC-KO,SN1203_MERETO,MERETO,nom identique
SN-TC-KO2-4,NDAME,commune,SN-TC-KO,SN1203_NDAME,NDAME,nom identique
SN-TC-KO3-1,KOUTHIA GUAYDI,commune,SN-TC-KO,SN1203_KOUTHIAGAYDI,KOUTHIA GAYDI,nom approche
SN-TC-KO3-2,KOUTHIABA WOLOF,commune,SN-TC-KO,SN1203_KOUTHIABAOUOLOF,KOUTHIABA OUOLOF,nom approche
SN-TC-KO3-3,PASS KOTO,commune,SN-TC-KO,SN1203_PASSKOTO,PASS KOTO,nom identique
SN-TC-KO3-4,PAYAR,commune,SN-TC-KO,SN1203_PAYAR,PAYAR,nom identique
SN-TC-KO3-5,MALEM NIANI,commune,SN-TC-KO,SN1203_MALEMENIANI,MALEME NIANI,nom approche
SN-TH-MB1-1,JOAL FADHIOUTH,commune,SN-TH-MB,SN1301_JOALFADIOUTH,JOAL FADIOUTH,nom approche
SN-TH-MB2-1,MBOUR,commune,SN-TH-MB,SN1301_MBOUR,MBOUR,nom identique
SN-TH-MB3-1,FISSEL,commune,SN-TH-MB,SN1301_FISSEL,FISSEL,nom identique
SN-TH-MB3-2,NDIAGANIAO,commune,SN-TH-MB,SN1301_NDIAGANIAO,NDIAGANIAO,nom identique
SN-TH-MB4-1,NGUENIENE,commune,SN-TH-MB,SN1301_NGUENIENE,NGUENIENE,nom identique
SN-TH-MB4-2,SANDIARA,commune,SN-TH-MB,SN1301_SANDIARA,SANDIARA,nom identique
SN-TH-MB4-3,SESSENE,commune,SN-TH-MB,SN1301_SESSENE,SESSENE,nom identique
SN-TH-MB4-4,THIADIAYE,commune,SN-TH-MB,SN1301_THIADIAYE,THIADIAYE,nom identique
SN-TH-MB5-1,MALICOUNDA,commune,SN-TH-MB,SN1301_MALICOUNDA,MALICOUNDA,nom identique
SN-TH-MB5-2,DIASS,commune,SN-TH-MB,SN1301_DIASS,DIASS,nom identique
SN-TH-MB5-3,SINDIA,commune,SN-TH-MB,SN1301_SINDIA,SINDIA,nom identique
SN-TH-MB5-4,NGUEKHOKH,commune,SN-TH-MB,SN1301_NGUEKHOKH,NGUEKHOKH,nom identique
SN-TH-MB5-5,NGAPAROU,commune,SN-TH-MB,SN1301_NGAPAROU,NGAPAROU,nom identique
SN-TH-MB5-6,POPENGUINE,commune,SN-TH-MB,SN1301_POPENGUINE,POPENGUINE,nom identique
SN-TH-MB5-7,SALY PORTUDAL,commune,SN-TH-MB,SN1301_SALYPORTUDAL,SALY PORTUDAL,nom identique
SN-TH-MB5-8,SOMONE,commune,SN-TH-MB,SN1301_SOMONE,SOMONE,nom identique
SN-TH-TD1-1,THIES NORD,commune,SN-TH-TD,SN1302_THIESNORD,THIES NORD,nom identique
SN-TH-TD2-1,THIES EST,commune,SN-TH-TD,SN1302_THIESEST,THIES EST,nom identique
SN-TH-TD2-2,THIES OUEST,commune,SN-TH-TD,SN1302_THIESOUEST,THIES OUEST,nom identique
SN-TH-TD3-1,KHOMBOLE,commune,SN-TH-TD,SN1302_KHOMBOLE,KHOMBOLE,nom identique
SN-TH-TD4-1,POUT,commune,SN-TH-TD,SN1302_POUT,POUT,nom identique
SN-TH-TD5-1,NOTTO,commune,SN-TH-TD,SN1302_NOTTO,NOTTO,nom identique
SN-TH-TD5-2,TASSETE,commune,SN-TH-TD,SN1302_TASSETTE,TASSETTE,nom approche
SN-TH-TD6-1,NDIEYENE SIRAKH,commune,SN-TH-TD,SN1302_NDIEYENESIRAKH,NDIEYENE SIRAKH,nom identique
SN-TH-TD6-2,NGOUDIANE,commune,SN-TH-TD,SN1302_NGOUDIANE,NGOUDIANE,nom identique
SN-TH-TD6-3,THIENABA,commune,SN-TH-TD,SN1302_THIENABA,THIENABA,nom identique
SN-TH-TD6-4,TOUBA TOUL,commune,SN-TH-TD,SN1302_TOUBATOUL,TOUBA TOUL,nom identique
SN-TH-TD7-1,DIENDER,commune,SN-TH-TD,SN1302_DIENDERGUEDJI,DIENDER GUEDJI,debut du nom
SN-TH-TD7-2,FANDENE,commune,SN-TH-TD,SN1302_FANDENE,FANDENE,nom identique
SN-TH-TD7-3,KEUR MOUSSA,commune,SN-TH-TD,SN1302_KEURMOUSSEUKEURMOUSSA,KEUR MOUSSEU (KEUR MOUSSA),nom identique
SN-TH-TD7-4,KAYAR,commune,SN-TH-TD,SN1302_KAYAR,KAYAR,nom identique
SN-TH-TI1-1,MEKHE,commune,SN-TH-TI,SN1303_MEKHE,MEKHE,nom identique
SN-TH-TI2-1,TIVAOUANE,commune,SN-TH-TI,SN1303_TIVAOUANE,TIVAOUANE,nom identique
SN-TH-TI3-1,MEOUANE,commune,SN-TH-TI,SN1303_MEOUANE,MEOUANE,nom identique
SN-TH-TI3-2,TAIBA NDIAYE,commune,SN-TH-TI,SN1303_TAIBANDIAYE,TAIBA NDIAYE,nom identique
SN-TH-TI3-3,DAROU KHOUDOSS,commune,SN-TH-TI,SN1303_DAROUKHOUDOSS,DAROU KHOUDOSS,nom identique
SN-TH-TI3-4,MBORO,commune,SN-TH-TI,SN1303_MBORO,MBORO,nom identique
SN-TH-TI4-1,KOUL,commune,SN-TH-TI,SN1303_KOUL,KOUL,nom identique
SN-TH-TI4-2,MERINA DAKHAR,commune,SN-TH-TI,SN1303_MERINADAKHAR,MERINA DAKHAR,nom identique
SN-TH-TI4-3,PEKESSE,commune,SN-TH-TI,SN1303_PEKESSE,PEKESSE,nom identique
SN-TH-TI5-1,MBAYENE,commune,SN-TH-TI,SN1303_MBAYENE,MBAYENE,nom identique
SN-TH-TI5-2,NGANDIOUF,commune,SN-TH-TI,SN1303_NGANDIOUF,NGANDIOUF,nom identique
SN-TH-TI5-3,NIAKHENE,commune,SN-TH-TI,SN1303_NIAKHENE,NIAKHENE,nom identique
SN-TH-TI5-4,THILMAKHA,commune,SN-TH-TI,SN1303_THILMAKHA,THILMAKHA,nom identique
SN-TH-TI6-1,CHERIF LO,commune,SN-TH-TI,SN1303_CHERIFLO,CHERIF LO,nom identique
SN-TH-TI6-2,MONT ROLLAND,commune,SN-TH-TI,SN1303_MONTROLLAND,MONT ROLLAND,nom identique
SN-TH-TI6-3,NOTTO GOUYE DIAMA,commune,SN-TH-TI,SN1303_NOTTOGOUYEDIAMA,NOTTO GOUYE DIAMA,nom identique
SN-TH-TI6-4,PIRE GOUREYE,commune,SN-TH-TI,SN1303_PIREGOUREYE,PIRE GOUREYE,nom identique
SN-TH-TI6-5,PAMBAL,commune,SN-TH-TI,SN1303_PAMBAL,PAMBAL,nom identique
SN-ZG-BI1-1,BIGNONA,commune,SN-ZG-BI,SN1401_BIGNONA,BIGNONA,nom identique
SN-ZG-BI2-1,THIONCK ESSYL,commune,SN-ZG-BI,SN1401_THIONKESSYL,THIONK ESSYL,nom approche
SN-ZG-BI3-1,DJIBIDIONE,commune,SN-ZG-BI,SN1401_DJIBIDIONE,DJIBIDIONE,nom identique
SN-ZG-BI3-2,OULAMPANE,commune,SN-ZG-BI,SN1401_OULAMPANE,OULAMPANE,nom identique
SN-ZG-BI3-3,SINDIAN,commune,SN-ZG-BI,SN1401_SINDIAN,SINDIAN,nom identique
SN-ZG-BI3-4,SUELLE,commune,SN-ZG-BI,SN1401_SUELLE,SUELLE,nom identique
SN-ZG-BI4-1,BALINGHORE,commune,SN-ZG-BI,SN1401_BALINGORE,BALINGORE,nom approche
SN-ZG-BI4-2,DIEGOUNE,commune,SN-ZG-BI,SN1401_DIEGOUNE,DIEGOUNE,nom identique
SN-ZG-BI4-3,KARTIACK,commune,SN-ZG-BI,SN1401_KARTHIACK,KARTHIACK,nom approche
SN-ZG-BI4-4,MANGAGOULACK,commune,SN-ZG-BI,SN1401_MANGAGOULACK,MANGAGOULACK,nom identique
SN-ZG-BI4-5,MLOMP,commune,SN-ZG-BI,SN1401_MLOMP,MLOMP,nom identique
SN-ZG-BI5-1,COUBALAN,commune,SN-ZG-BI,SN1401_COUBALAN,COUBALAN,nom identique
SN-ZG-BI5-2,NIAMONE,commune,SN-ZG-BI,SN1401_NIAMONE,NIAMONE,nom identique
SN-ZG-BI5-3,OUONCK,commune,SN-ZG-BI,SN1401_OUONCK,OUONCK,nom identique
SN-ZG-BI5-4,TENGHORI,commune,SN-ZG-BI,SN1401_TENGHORY,TENGHORY,nom approche
SN-ZG-BI6-1,DJINAKY,commune,SN-ZG-BI,SN1401_DJINAKY,DJINAKY,nom identique
SN-ZG-BI6-2,KAFOUNTINE,commune,SN-ZG-BI,SN1401_KAFOUNTINE,KAFOUNTINE,nom identique
SN-ZG-BI6-3,KATABA 1,commune,SN-ZG-BI,SN1401_KATABAI,KATABA I,nom approche
SN-ZG-BI6-4,DIOULOULOU,commune,SN-ZG-BI,SN1401_DIOULOULOU,DIOULOULOU,nom identique
SN-ZG-OU1-1,OUSSOUYE,commune,SN-ZG-OU,SN1402_OUSSOUYE,OUSSOUYE,nom identique
SN-ZG-OU2-1,DIEMBERING,commune,SN-ZG-OU,SN1402_DIEMBERING,DIEMBERING,nom identique
SN-ZG-OU2-2,SANTHIABA MANJACK,commune,SN-ZG-OU,SN1402_SANTHIABAMANJACQUE,SANTHIABA MANJACQUE,nom approche
SN-ZG-OU3-1,MLOMP,commune,SN-ZG-OU,SN1402_MLOMP,MLOMP,nom identique
SN-ZG-OU3-2,OUKOUT,commune,SN-ZG-OU,SN1402_OUKOUT,OUKOUT,nom identique
SN-ZG-ZD1-1,ZIGUINCHOR,commune,SN-ZG-ZD,SN1403_ZIGUINCHOR,ZIGUINCHOR,nom identique
SN-ZG-ZD2-1,ADEANE,commune,SN-ZG-ZD,SN1403_ADEANE,ADEANE,nom identique
SN-ZG-ZD2-2,BOUTOUPA CAMARACOUNDA,commune,SN-ZG-ZD,SN1403_BOUTOUPACAMARACOUNDA,BOUTOUPA CAMARA COUNDA,nom identique
SN-ZG-ZD2-3,NIAGUIS,commune,SN-ZG-ZD,SN1403_NIAGUIS,NIAGUIS,nom identique
SN-ZG-ZD3-1,ENAMPORE,commune,SN-ZG-ZD,SN1403_ENAMPORE,ENAMPORE,nom identique
SN-ZG-ZD3-2,NIASSIA,commune,SN-ZG-ZD,SN1403_NYASSIA,NYASSIA,nom approche
