Region,Departement,departement_2023,COM_ARRT_VILLE,COMMUNE,adm3_pcode,methode,localites,population_2013
DAKAR,DAKAR,DAKAR,VILLE DE DAKAR,BISCUITERIE,SN010102,commune,3,9912.0
DAKAR,DAKAR,DAKAR,VILLE DE DAKAR,BISCUITERIE,SN010102,localite,16,58634.0
DAKAR,DAKAR,DAKAR,VILLE DE DAKAR,CA.MERMOZ/ SACRE -COEUR,SN010101,localite,10,24778.0
DAKAR,DAKAR,DAKAR,VILLE DE DAKAR,CA.MERMOZ/ SACRE -COEUR,SN010101,majorite_commune_2013,2,5020.0
DAKAR,DAKAR,DAKAR,VILLE DE DAKAR,CAMBERENE,SN010103,localite,15,52422.0
DAKAR,DAKAR,DAKAR,VILLE DE DAKAR,COLOBANE/FASS/GUEULE TAPEE,SN010104,localite,12,50454.0
DAKAR,DAKAR,DAKAR,VILLE DE DAKAR,COLOBANE/FASS/GUEULE TAPEE,SN010104,majorite_commune_2013,2,1813.0
DAKAR,DAKAR,DAKAR,VILLE DE DAKAR,DIEUPPEUL DERKLE,SN010102,commune,7,12414.0
DAKAR,DAKAR,DAKAR,VILLE DE DAKAR,DIEUPPEUL DERKLE,SN010102,localite,17,24500.0
DAKAR,DAKAR,DAKAR,VILLE DE DAKAR,FANN/POINT E/ AMITIE,SN010104,localite,8,18841.0
DAKAR,DAKAR,DAKAR,VILLE DE DAKAR,GOREE,SN010104,commune,2,590.0
DAKAR,DAKAR,DAKAR,VILLE DE DAKAR,GOREE,SN010104,localite,2,1089.0
DAKAR,DAKAR,DAKAR,VILLE DE DAKAR,GRAND DAKAR,SN010102,commune,4,12278.0
DAKAR,DAKAR,DAKAR,VILLE DE DAKAR,GRAND DAKAR,SN010102,localite,10,34734.0
DAKAR,DAKAR,DAKAR,VILLE DE DAKAR,GRAND YOFF,SN010103,commune,5,42678.0
DAKAR,DAKAR,DAKAR,VILLE DE DAKAR,GRAND YOFF,SN010103,localite,61,142822.0
DAKAR,DAKAR,DAKAR,VILLE DE DAKAR,HANN/ BEL AIR,SN010102,commune,7,18128.0
DAKAR,DAKAR,DAKAR,VILLE DE DAKAR,HANN/ BEL AIR,SN010102,localite,22,49836.0
DAKAR,DAKAR,DAKAR,VILLE DE DAKAR,HLM,SN010102,commune,1,5010.0
DAKAR,DAKAR,DAKAR,VILLE DE DAKAR,HLM,SN010102,localite,13,34115.0
DAKAR,DAKAR,DAKAR,VILLE DE DAKAR,MEDINA,SN010104,commune,11,25015.0
DAKAR,DAKAR,DAKAR,VILLE DE DAKAR,MEDINA,SN010104,localite,21,56966.0
DAKAR,DAKAR,DAKAR,VILLE DE DAKAR,N’GOR,SN010101,commune,4,2953.0
DAKAR,DAKAR,DAKAR,VILLE DE DAKAR,N’GOR,SN010101,localite,7,14431.0
DAKAR,DAKAR,DAKAR,VILLE DE DAKAR,OUAKAM,SN010101,commune,3,5008.0
DAKAR,DAKAR,DAKAR,VILLE DE DAKAR,OUAKAM,SN010101,localite,27,69686.0
DAKAR,DAKAR,DAKAR,VILLE DE DAKAR,PARCELLES ASSAINIES,SN010103,commune,20,159499.0
DAKAR,DAKAR,DAKAR,VILLE DE DAKAR,PATTE D’OIE,SN010103,commune,1,15329.0
DAKAR,DAKAR,DAKAR,VILLE DE DAKAR,PATTE D’OIE,SN010103,localite,9,25777.0
DAKAR,DAKAR,DAKAR,VILLE DE DAKAR,PLATEAU,SN010104,localite,15,31342.0
DAKAR,DAKAR,DAKAR,VILLE DE DAKAR,PLATEAU,SN010104,majorite_commune_2013,3,3376.0
DAKAR,DAKAR,DAKAR,VILLE DE DAKAR,SICAP LIBERTE,SN010101,commune,1,7361.0
DAKAR,DAKAR,DAKAR,VILLE DE DAKAR,SICAP LIBERTE,SN010101,localite,8,39802.0
DAKAR,DAKAR,DAKAR,VILLE DE DAKAR,YOFF,SN010101,commune,7,13751.0
DAKAR,DAKAR,DAKAR,VILLE DE DAKAR,YOFF,SN010101,localite,49,75690.0
DAKAR,GUEDIAWAYE,GUEDIAWAYE,VILLE DE GUEDIAWAYE,GOLF SUD,SN010201,commune,5,18430.0
DAKAR,GUEDIAWAYE,GUEDIAWAYE,VILLE DE GUEDIAWAYE,GOLF SUD,SN010201,localite,24,73918.0
DAKAR,GUEDIAWAYE,GUEDIAWAYE,VILLE DE GUEDIAWAYE,MEDINA GOUNASS,SN010201,commune,1,371.0
DAKAR,GUEDIAWAYE,GUEDIAWAYE,VILLE DE GUEDIAWAYE,MEDINA GOUNASS,SN010201,localite,18,33391.0
DAKAR,GUEDIAWAYE,GUEDIAWAYE,VILLE DE GUEDIAWAYE,N’DIAREME LIMAMOULAYE,SN010201,commune,3,8668.0
DAKAR,GUEDIAWAYE,GUEDIAWAYE,VILLE DE GUEDIAWAYE,N’DIAREME LIMAMOULAYE,SN010201,localite,10,26503.0
DAKAR,GUEDIAWAYE,GUEDIAWAYE,VILLE DE GUEDIAWAYE,SAM  NOTAIRE,SN010201,commune,2,4203.0
DAKAR,GUEDIAWAYE,GUEDIAWAYE,VILLE DE GUEDIAWAYE,SAM  NOTAIRE,SN010201,localite,30,74458.0
DAKAR,GUEDIAWAYE,GUEDIAWAYE,VILLE DE GUEDIAWAYE,WAKHINANE NIMZATT,SN010201,commune,10,19850.0
DAKAR,GUEDIAWAYE,GUEDIAWAYE,VILLE DE GUEDIAWAYE,WAKHINANE NIMZATT,SN010201,localite,37,69872.0
DAKAR,PIKINE,KEURMASSAR,VILLE DE PIKINE,KEUR MASSAR,SN010501,localite,27,37976.0
DAKAR,PIKINE,KEURMASSAR,VILLE DE PIKINE,KEUR MASSAR,SN010502,localite,25,42497.0
DAKAR,PIKINE,KEURMASSAR,VILLE DE PIKINE,KEUR MASSAR,SN010502,majorite_commune_2013,62,121186.0
DAKAR,PIKINE,KEURMASSAR,VILLE DE PIKINE,MALIKA,SN010502,commune,6,11737.0
DAKAR,PIKINE,KEURMASSAR,VILLE DE PIKINE,MALIKA,SN010502,localite,8,20395.0
DAKAR,PIKINE,KEURMASSAR,VILLE DE PIKINE,YEUMBEUL NORD,SN010503,commune,22,58479.0
DAKAR,PIKINE,KEURMASSAR,VILLE DE PIKINE,YEUMBEUL NORD,SN010503,localite,45,109896.0
DAKAR,PIKINE,KEURMASSAR,VILLE DE PIKINE,YEUMBEUL SUD,SN010503,commune,19,40973.0
DAKAR,PIKINE,KEURMASSAR,VILLE DE PIKINE,YEUMBEUL SUD,SN010503,localite,26,55983.0
DAKAR,PIKINE,PIKINE,VILLE DE PIKINE,DALIFORD,SN010303,localite,7,8344.0
DAKAR,PIKINE,PIKINE,VILLE DE PIKINE,DALIFORD,SN010303,majorite_commune_2013,10,22075.0
DAKAR,PIKINE,PIKINE,VILLE DE PIKINE,DIACK SAO,SN010302,localite,5,11880.0
DAKAR,PIKINE,PIKINE,VILLE DE PIKINE,DIACK SAO,SN010302,majorite_commune_2013,9,28679.0
DAKAR,PIKINE,PIKINE,VILLE DE PIKINE,DIAMAGUENE/SICAP M’BAO,SN010302,commune,18,44030.0
DAKAR,PIKINE,PIKINE,VILLE DE PIKINE,DIAMAGUENE/SICAP M’BAO,SN010302,localite,31,84488.0
DAKAR,PIKINE,PIKINE,VILLE DE PIKINE,DJIDAH THIAROYE KAO,SN010302,localite,1,656.0
DAKAR,PIKINE,PIKINE,VILLE DE PIKINE,DJIDAH THIAROYE KAO,SN010303,commune,25,45101.0
DAKAR,PIKINE,PIKINE,VILLE DE PIKINE,DJIDAH THIAROYE KAO,SN010303,localite,17,51196.0
DAKAR,PIKINE,PIKINE,VILLE DE PIKINE,GUINAW RAIL NORD,SN010303,commune,5,14189.0
DAKAR,PIKINE,PIKINE,VILLE DE PIKINE,GUINAW RAIL NORD,SN010303,localite,7,15870.0
DAKAR,PIKINE,PIKINE,VILLE DE PIKINE,GUINAW RAIL SUD,SN010303,commune,7,12561.0
DAKAR,PIKINE,PIKINE,VILLE DE PIKINE,GUINAW RAIL SUD,SN010303,localite,15,27297.0
DAKAR,PIKINE,PIKINE,VILLE DE PIKINE,M’BAO,SN010302,commune,42,48198.0
DAKAR,PIKINE,PIKINE,VILLE DE PIKINE,M’BAO,SN010302,localite,45,48123.0
DAKAR,PIKINE,PIKINE,VILLE DE PIKINE,PIKINE EST,SN010303,commune,6,10814.0
DAKAR,PIKINE,PIKINE,VILLE DE PIKINE,PIKINE EST,SN010303,localite,11,21643.0
DAKAR,PIKINE,PIKINE,VILLE DE PIKINE,PIKINE OUEST,SN010303,commune,5,4613.0
DAKAR,PIKINE,PIKINE,VILLE DE PIKINE,PIKINE OUEST,SN010303,localite,17,47540.0
DAKAR,PIKINE,PIKINE,VILLE DE PIKINE,PIKINE SUD,SN010303,localite,14,33512.0
DAKAR,PIKINE,PIKINE,VILLE DE PIKINE,PIKINE SUD,SN010303,majorite_commune_2013,4,13268.0
DAKAR,PIKINE,PIKINE,VILLE DE PIKINE,THIAROYE /MER,SN010302,localite,10,19445.0
DAKAR,PIKINE,PIKINE,VILLE DE PIKINE,THIAROYE /MER,SN010302,majorite_commune_2013,23,33325.0
DAKAR,PIKINE,PIKINE,VILLE DE PIKINE,THIAROYE GARE,SN010302,commune,5,14982.0
DAKAR,PIKINE,PIKINE,VILLE DE PIKINE,THIAROYE GARE,SN010302,localite,6,9849.0
DAKAR,RUFISQUE,KEURMASSAR,COM. JAXAAY PARCELLE NIAKOUL RAP,COM. JAXAAY PARCELLE NIAKOUL RAP,SN010501,commune,32,41571.0
DAKAR,RUFISQUE,RUFISQUE,BAMBYLOR,BAMBYLOR,SN010401,localite,24,37988.0
DAKAR,RUFISQUE,RUFISQUE,BAMBYLOR,BAMBYLOR,SN010401,majorite_commune_2013,8,6976.0
DAKAR,RUFISQUE,RUFISQUE,BAMBYLOR,TIVAOUANE PEULH-NIAGHA,SN010401,commune,7,4915.0
DAKAR,RUFISQUE,RUFISQUE,BAMBYLOR,TIVAOUANE PEULH-NIAGHA,SN010401,localite,5,36208.0
DAKAR,RUFISQUE,RUFISQUE,BAMBYLOR,YENE,SN010403,localite,9,24796.0
DAKAR,RUFISQUE,RUFISQUE,COM. BARGNY,COM. BARGNY,SN010404,commune,3,6622.0
DAKAR,RUFISQUE,RUFISQUE,COM. BARGNY,COM. BARGNY,SN010404,localite,31,44567.0
DAKAR,RUFISQUE,RUFISQUE,COM. DIAMNIADIO,COM. DIAMNIADIO,SN010403,commune,5,11616.0
DAKAR,RUFISQUE,RUFISQUE,COM. DIAMNIADIO,COM. DIAMNIADIO,SN010403,localite,15,11929.0
DAKAR,RUFISQUE,RUFISQUE,COM. SANGALKAM,COM. SANGALKAM,SN010401,commune,4,2093.0
DAKAR,RUFISQUE,RUFISQUE,COM. SANGALKAM,COM. SANGALKAM,SN010401,localite,10,9821.0
DAKAR,RUFISQUE,RUFISQUE,COM. SEBIKOTANE,COM. SEBIKOTANE,SN010403,commune,3,4954.0
DAKAR,RUFISQUE,RUFISQUE,COM. SEBIKOTANE,COM. SEBIKOTANE,SN010403,localite,11,22450.0
DAKAR,RUFISQUE,RUFISQUE,COM. SENDOU,COM. SENDOU,SN010404,commune,3,1240.0
DAKAR,RUFISQUE,RUFISQUE,COM. SENDOU,COM. SENDOU,SN010404,localite,3,1885.0
DAKAR,RUFISQUE,RUFISQUE,VILLE DE RUFISQUE,RUFISQUE  EST,SN010402,commune,2,10436.0
DAKAR,RUFISQUE,RUFISQUE,VILLE DE RUFISQUE,RUFISQUE  EST,SN010402,localite,22,59690.0
DAKAR,RUFISQUE,RUFISQUE,VILLE DE RUFISQUE,RUFISQUE CENTRE (NORD),SN010402,localite,28,75350.0
DAKAR,RUFISQUE,RUFISQUE,VILLE DE RUFISQUE,RUFISQUE CENTRE (NORD),SN010402,majorite_commune_2013,10,16701.0
DAKAR,RUFISQUE,RUFISQUE,VILLE DE RUFISQUE,RUFISQUE OUEST,SN010402,commune,16,12621.0
DAKAR,RUFISQUE,RUFISQUE,VILLE DE RUFISQUE,RUFISQUE OUEST,SN010402,localite,50,46265.0
DIOURBEL,BAMBEY,BAMBEY,BABA GARAGE,BABA GARAGE,SN020103,commune,26,5589.0
DIOURBEL,BAMBEY,BAMBEY,BABA GARAGE,BABA GARAGE,SN020103,localite,38,10224.0
DIOURBEL,BAMBEY,BAMBEY,BABA GARAGE,DINGUIRAYE,SN020103,commune,31,3618.0
DIOURBEL,BAMBEY,BAMBEY,BABA GARAGE,DINGUIRAYE,SN020103,localite,37,5770.0
DIOURBEL,BAMBEY,BAMBEY,BABA GARAGE,K. SAMBA KANE,SN020103,localite,45,10002.0
DIOURBEL,BAMBEY,BAMBEY,BABA GARAGE,K. SAMBA KANE,SN020103,majorite_commune_2013,36,9296.0
DIOURBEL,BAMBEY,BAMBEY,COM. BAMBEY,COM. BAMBEY,SN020102,commune,2,16984.0
DIOURBEL,BAMBEY,BAMBEY,COM. BAMBEY,COM. BAMBEY,SN020102,localite,2,11926.0
DIOURBEL,BAMBEY,BAMBEY,LAMBAYE,GAWANE,SN020101,commune,30,4129.0
DIOURBEL,BAMBEY,BAMBEY,LAMBAYE,GAWANE,SN020101,localite,45,10241.0
DIOURBEL,BAMBEY,BAMBEY,LAMBAYE,LAMBAYE,SN020101,commune,30,9851.0
DIOURBEL,BAMBEY,BAMBEY,LAMBAYE,LAMBAYE,SN020101,localite,56,17991.0
DIOURBEL,BAMBEY,BAMBEY,LAMBAYE,N’GOGOM,SN020101,commune,41,16383.0
DIOURBEL,BAMBEY,BAMBEY,LAMBAYE,N’GOGOM,SN020101,localite,29,9086.0
DIOURBEL,BAMBEY,BAMBEY,LAMBAYE,REFANE,SN020101,commune,9,10116.0
DIOURBEL,BAMBEY,BAMBEY,LAMBAYE,REFANE,SN020101,localite,26,23614.0
DIOURBEL,BAMBEY,BAMBEY,N’GOYE,DANGALMA,SN020102,localite,32,16324.0
DIOURBEL,BAMBEY,BAMBEY,N’GOYE,DANGALMA,SN020102,majorite_commune_2013,29,16320.0
DIOURBEL,BAMBEY,BAMBEY,N’GOYE,N’DONDOL,SN020102,commune,33,14566.0
DIOURBEL,BAMBEY,BAMBEY,N’GOYE,N’DONDOL,SN020102,localite,14,9782.0
DIOURBEL,BAMBEY,BAMBEY,N’GOYE,N’GOYE,SN020101,localite,1,725.0
DIOURBEL,BAMBEY,BAMBEY,N’GOYE,N’GOYE,SN020102,commune,52,25887.0
DIOURBEL,BAMBEY,BAMBEY,N’GOYE,N’GOYE,SN020102,localite,37,19567.0
DIOURBEL,BAMBEY,BAMBEY,N’GOYE,THIAKAR,SN020102,localite,62,14887.0
DIOURBEL,BAMBEY,BAMBEY,N’GOYE,THIAKAR,SN020102,majorite_commune_2013,32,6606.0
DIOURBEL,DIOURBEL,DIOURBEL,COM. DIOURBEL,COM. DIOURBEL,SN020201,localite,4,133704.0
DIOURBEL,DIOURBEL,DIOURBEL,N’DINDY,DANKH  SENE,SN020202,localite,24,4766.0
DIOURBEL,DIOURBEL,DIOURBEL,N’DINDY,DANKH  SENE,SN020202,majorite_commune_2013,34,4866.0
DIOURBEL,DIOURBEL,DIOURBEL,N’DINDY,GADE ESCALE,SN020202,commune,10,2010.0
DIOURBEL,DIOURBEL,DIOURBEL,N’DINDY,GADE ESCALE,SN020202,localite,12,1229.0
DIOURBEL,DIOURBEL,DIOURBEL,N’DINDY,KEUR N’GALGOU,SN020201,localite,1,34.0
DIOURBEL,DIOURBEL,DIOURBEL,N’DINDY,KEUR N’GALGOU,SN020202,commune,28,3999.0
DIOURBEL,DIOURBEL,DIOURBEL,N’DINDY,KEUR N’GALGOU,SN020202,localite,26,3183.0
DIOURBEL,DIOURBEL,DIOURBEL,N’DINDY,N’DINDY,SN020202,commune,44,5878.0
DIOURBEL,DIOURBEL,DIOURBEL,N’DINDY,N’DINDY,SN020202,localite,53,8318.0
DIOURBEL,DIOURBEL,DIOURBEL,N’DINDY,TAIBA MOUTOUPHA,SN020202,commune,40,5059.0
DIOURBEL,DIOURBEL,DIOURBEL,N’DINDY,TAIBA MOUTOUPHA,SN020202,localite,38,5322.0
DIOURBEL,DIOURBEL,DIOURBEL,N’DINDY,TOUBA LAPPE,SN020202,commune,23,1796.0
DIOURBEL,DIOURBEL,DIOURBEL,N’DINDY,TOUBA LAPPE,SN020202,localite,19,1524.0
DIOURBEL,DIOURBEL,DIOURBEL,N’DOULO,N’DOULO,SN020201,commune,25,2463.0
DIOURBEL,DIOURBEL,DIOURBEL,N’DOULO,N’DOULO,SN020201,localite,46,9686.0
DIOURBEL,DIOURBEL,DIOURBEL,N’DOULO,N’GOHE,SN020201,commune,40,16911.0
DIOURBEL,DIOURBEL,DIOURBEL,N’DOULO,N’GOHE,SN020201,localite,34,13282.0
DIOURBEL,DIOURBEL,DIOURBEL,N’DOULO,PATAR,SN020201,localite,39,11382.0
DIOURBEL,DIOURBEL,DIOURBEL,N’DOULO,PATAR,SN020201,majorite_commune_2013,22,5696.0
DIOURBEL,DIOURBEL,DIOURBEL,N’DOULO,TOCKY GARE,SN020201,commune,31,6437.0
DIOURBEL,DIOURBEL,DIOURBEL,N’DOULO,TOCKY GARE,SN020201,localite,37,8283.0
DIOURBEL,DIOURBEL,DIOURBEL,N’DOULO,TOURE M’BONDE,SN020201,commune,31,5667.0
DIOURBEL,DIOURBEL,DIOURBEL,N’DOULO,TOURE M’BONDE,SN020201,localite,39,6692.0
DIOURBEL,DIOURBEL,DIOURBEL,N’DOULO,TOURE M’BONDE,SN020202,localite,1,31.0
DIOURBEL,M’BACKE,MBACKE,COM. M’BACKE,COM. M’BACKE,SN020301,commune,1,2724.0
DIOURBEL,M’BACKE,MBACKE,COM. M’BACKE,COM. M’BACKE,SN020301,localite,5,74532.0
DIOURBEL,M’BACKE,MBACKE,KAEL,DAROU NAHIM,SN020303,commune,9,1075.0
DIOURBEL,M’BACKE,MBACKE,KAEL,DAROU NAHIM,SN020303,localite,19,1279.0
DIOURBEL,M’BACKE,MBACKE,KAEL,DAROU SALAM  TYP,SN020303,commune,16,2333.0
DIOURBEL,M’BACKE,MBACKE,KAEL,DAROU SALAM  TYP,SN020303,localite,10,3190.0
DIOURBEL,M’BACKE,MBACKE,KAEL,DENDEYE GOUYE GUI,SN020303,localite,23,3262.0
DIOURBEL,M’BACKE,MBACKE,KAEL,DENDEYE GOUYE GUI,SN020303,majorite_commune_2013,14,2111.0
DIOURBEL,M’BACKE,MBACKE,KAEL,KAEL,SN020303,commune,28,2022.0
DIOURBEL,M’BACKE,MBACKE,KAEL,KAEL,SN020303,localite,25,3389.0
DIOURBEL,M’BACKE,MBACKE,KAEL,MADINA,SN020303,commune,19,2377.0
DIOURBEL,M’BACKE,MBACKE,KAEL,MADINA,SN020303,localite,17,3255.0
DIOURBEL,M’BACKE,MBACKE,KAEL,N’DIOUMANE  T. THIEKENE,SN020303,localite,25,2448.0
DIOURBEL,M’BACKE,MBACKE,KAEL,N’DIOUMANE  T. THIEKENE,SN020303,majorite_commune_2013,17,1775.0
DIOURBEL,M’BACKE,MBACKE,KAEL,TAIBA TIECKENE,SN020303,localite,16,1471.0
DIOURBEL,M’BACKE,MBACKE,KAEL,TAIBA TIECKENE,SN020303,majorite_commune_2013,5,265.0
DIOURBEL,M’BACKE,MBACKE,KAEL,TOUBA  M’BOUL,SN020303,commune,32,4039.0
DIOURBEL,M’BACKE,MBACKE,KAEL,TOUBA  M’BOUL,SN020303,localite,29,6118.0
DIOURBEL,M’BACKE,MBACKE,N’DAME,DALLA N’GABOU,SN020301,commune,21,4326.0
DIOURBEL,M’BACKE,MBACKE,N’DAME,DALLA N’GABOU,SN020301,localite,28,4272.0
DIOURBEL,M’BACKE,MBACKE,N’DAME,MISSIRAH,SN020301,commune,12,2147.0
DIOURBEL,M’BACKE,MBACKE,N’DAME,MISSIRAH,SN020301,localite,29,4820.0
DIOURBEL,M’BACKE,MBACKE,N’DAME,N’GHAYE,SN020301,commune,10,1165.0
DIOURBEL,M’BACKE,MBACKE,N’DAME,N’GHAYE,SN020301,localite,25,3580.0
DIOURBEL,M’BACKE,MBACKE,N’DAME,TOUBA FALL,SN020301,commune,20,3320.0
DIOURBEL,M’BACKE,MBACKE,N’DAME,TOUBA FALL,SN020301,localite,16,2796.0
DIOURBEL,M’BACKE,MBACKE,N’DAME,TOUBA MOSQUEE,SN020301,commune,39,224392.0
DIOURBEL,M’BACKE,MBACKE,N’DAME,TOUBA MOSQUEE,SN020301,localite,69,528913.0
DIOURBEL,M’BACKE,MBACKE,TAIF,SADIO,SN020302,commune,8,669.0
DIOURBEL,M’BACKE,MBACKE,TAIF,SADIO,SN020302,localite,27,16903.0
DIOURBEL,M’BACKE,MBACKE,TAIF,TAÏF,SN020302,commune,12,2152.0
DIOURBEL,M’BACKE,MBACKE,TAIF,TAÏF,SN020302,localite,25,12634.0
FATICK,FATICK,FATICK,COM. DIAKHAO,COM. DIAKHAO,SN030101,commune,2,63.0
FATICK,FATICK,FATICK,COM. DIAKHAO,COM. DIAKHAO,SN030101,localite,3,4333.0
FATICK,FATICK,FATICK,COM. DIOFIOR,COM. DIOFIOR,SN030102,localite,2,11312.0
FATICK,FATICK,FATICK,COM. FATICK,COM. FATICK,SN030103,commune,1,2453.0
FATICK,FATICK,FATICK,COM. FATICK,COM. FATICK,SN030103,localite,10,25824.0
FATICK,FATICK,FATICK,FIMELA,DJILASSE,SN030102,commune,9,2080.0
FATICK,FATICK,FATICK,FIMELA,DJILASSE,SN030102,localite,13,7620.0
FATICK,FATICK,FATICK,FIMELA,FIMELA,SN030102,commune,6,2074.0
FATICK,FATICK,FATICK,FIMELA,FIMELA,SN030102,localite,22,22957.0
FATICK,FATICK,FATICK,FIMELA,LOUL-SESSENE,SN030102,commune,7,1138.0
FATICK,FATICK,FATICK,FIMELA,LOUL-SESSENE,SN030102,localite,47,19202.0
FATICK,FATICK,FATICK,FIMELA,PALMARIN FACAO,SN030102,localite,6,9322.0
FATICK,FATICK,FATICK,NDIOB,DIAOULE,SN030101,commune,17,4641.0
FATICK,FATICK,FATICK,NDIOB,DIAOULE,SN030101,localite,48,7943.0
FATICK,FATICK,FATICK,NDIOB,MBELACADIAO,SN030101,localite,51,12495.0
FATICK,FATICK,FATICK,NDIOB,MBELACADIAO,SN030101,majorite_commune_2013,18,3680.0
FATICK,FATICK,FATICK,NDIOB,NDIOB,SN030101,localite,42,12221.0
FATICK,FATICK,FATICK,NDIOB,NDIOB,SN030101,majorite_commune_2013,25,6811.0
FATICK,FATICK,FATICK,NDIOB,THIARE  NDIALGUI,SN030101,commune,27,4828.0
FATICK,FATICK,FATICK,NDIOB,THIARE  NDIALGUI,SN030101,localite,71,16308.0
FATICK,FATICK,FATICK,NIAKHAR,NGAYOKHEME,SN030104,commune,4,1631.0
FATICK,FATICK,FATICK,NIAKHAR,NGAYOKHEME,SN030104,localite,58,22378.0
FATICK,FATICK,FATICK,NIAKHAR,NIAKHAR,SN030104,commune,43,6348.0
FATICK,FATICK,FATICK,NIAKHAR,NIAKHAR,SN030104,localite,59,22194.0
FATICK,FATICK,FATICK,NIAKHAR,PATAR,SN030104,commune,19,4099.0
FATICK,FATICK,FATICK,NIAKHAR,PATAR,SN030104,localite,48,21129.0
FATICK,FATICK,FATICK,TATTAGUINE,DIARERE,SN030103,localite,65,23775.0
FATICK,FATICK,FATICK,TATTAGUINE,DIARERE,SN030103,majorite_commune_2013,25,6461.0
FATICK,FATICK,FATICK,TATTAGUINE,DIOUROUP,SN030103,commune,3,1246.0
FATICK,FATICK,FATICK,TATTAGUINE,DIOUROUP,SN030103,localite,36,21968.0
FATICK,FATICK,FATICK,TATTAGUINE,TATTAGUINE,SN030103,commune,26,6837.0
FATICK,FATICK,FATICK,TATTAGUINE,TATTAGUINE,SN030103,localite,39,23664.0
FATICK,FOUNDIOUGNE,FOUNDIOUGNE,COM. FOUNDIOUGNE,COM. FOUNDIOUGNE,SN030201,commune,1,762.0
FATICK,FOUNDIOUGNE,FOUNDIOUGNE,COM. FOUNDIOUGNE,COM. FOUNDIOUGNE,SN030201,localite,7,6059.0
FATICK,FOUNDIOUGNE,FOUNDIOUGNE,COM. KARANG POSTE,COM. KARANG POSTE,SN030202,commune,3,5879.0
FATICK,FOUNDIOUGNE,FOUNDIOUGNE,COM. KARANG POSTE,COM. KARANG POSTE,SN030202,localite,4,8744.0
FATICK,FOUNDIOUGNE,FOUNDIOUGNE,COM. PASSY,COM. PASSY,SN030201,commune,3,12027.0
FATICK,FOUNDIOUGNE,FOUNDIOUGNE,COM. PASSY,COM. PASSY,SN030201,localite,1,544.0
FATICK,FOUNDIOUGNE,FOUNDIOUGNE,COM. SOKONE,COM. SOKONE,SN030202,commune,2,2677.0
FATICK,FOUNDIOUGNE,FOUNDIOUGNE,COM. SOKONE,COM. SOKONE,SN030202,localite,4,12065.0
FATICK,FOUNDIOUGNE,FOUNDIOUGNE,COM. SOUM,COM. SOUM,SN030201,commune,8,3818.0
FATICK,FOUNDIOUGNE,FOUNDIOUGNE,COM. SOUM,COM. SOUM,SN030201,localite,2,1225.0
FATICK,FOUNDIOUGNE,FOUNDIOUGNE,DJILOR,DIAGANE BARKA,SN030201,commune,1,409.0
FATICK,FOUNDIOUGNE,FOUNDIOUGNE,DJILOR,DIAGANE BARKA,SN030201,localite,25,9353.0
FATICK,FOUNDIOUGNE,FOUNDIOUGNE,DJILOR,DIOSSONG,SN030201,commune,4,1248.0
FATICK,FOUNDIOUGNE,FOUNDIOUGNE,DJILOR,DIOSSONG,SN030201,localite,45,22116.0
FATICK,FOUNDIOUGNE,FOUNDIOUGNE,DJILOR,DJILOR,SN030201,commune,5,1087.0
FATICK,FOUNDIOUGNE,FOUNDIOUGNE,DJILOR,DJILOR,SN030201,localite,51,18646.0
FATICK,FOUNDIOUGNE,FOUNDIOUGNE,DJILOR,MBAM,SN030201,localite,10,9961.0
FATICK,FOUNDIOUGNE,FOUNDIOUGNE,DJILOR,NIASSENE,SN030201,commune,10,3118.0
FATICK,FOUNDIOUGNE,FOUNDIOUGNE,DJILOR,NIASSENE,SN030201,localite,34,13204.0
FATICK,FOUNDIOUGNE,FOUNDIOUGNE,NIODIOR,BASSOUL,SN030203,localite,6,8946.0
FATICK,FOUNDIOUGNE,FOUNDIOUGNE,NIODIOR,DIONEWAR,SN030203,localite,3,11273.0
FATICK,FOUNDIOUGNE,FOUNDIOUGNE,NIODIOR,DJIRNDA,SN030203,commune,3,1312.0
FATICK,FOUNDIOUGNE,FOUNDIOUGNE,NIODIOR,DJIRNDA,SN030203,localite,12,7531.0
FATICK,FOUNDIOUGNE,FOUNDIOUGNE,TOUBACOUTA,KEUR  SAMBA GUEYE,SN030202,commune,4,1268.0
FATICK,FOUNDIOUGNE,FOUNDIOUGNE,TOUBACOUTA,KEUR  SAMBA GUEYE,SN030202,localite,41,22257.0
FATICK,FOUNDIOUGNE,FOUNDIOUGNE,TOUBACOUTA,KEUR S.DIANE,SN030202,localite,45,24404.0
FATICK,FOUNDIOUGNE,FOUNDIOUGNE,TOUBACOUTA,KEUR S.DIANE,SN030202,majorite_commune_2013,6,2311.0
FATICK,FOUNDIOUGNE,FOUNDIOUGNE,TOUBACOUTA,NIORO ALASSANE TALL,SN030202,commune,9,3139.0
FATICK,FOUNDIOUGNE,FOUNDIOUGNE,TOUBACOUTA,NIORO ALASSANE TALL,SN030202,localite,69,29293.0
FATICK,FOUNDIOUGNE,FOUNDIOUGNE,TOUBACOUTA,TOUBACOUTA,SN030202,commune,6,2463.0
FATICK,FOUNDIOUGNE,FOUNDIOUGNE,TOUBACOUTA,TOUBACOUTA,SN030202,localite,64,32492.0
FATICK,GOSSAS,GOSSAS,COLOBANE,COLOBANE,SN030301,commune,16,2673.0
FATICK,GOSSAS,GOSSAS,COLOBANE,COLOBANE,SN030301,localite,64,15636.0
FATICK,GOSSAS,GOSSAS,COLOBANE,MBAR,SN030301,commune,27,5183.0
FATICK,GOSSAS,GOSSAS,COLOBANE,MBAR,SN030301,localite,97,22123.0
FATICK,GOSSAS,GOSSAS,COM. GOSSAS,COM. GOSSAS,SN030302,localite,8,12697.0
FATICK,GOSSAS,GOSSAS,OUADIOUR,NDIENE LAGANE,SN030302,commune,17,4108.0
FATICK,GOSSAS,GOSSAS,OUADIOUR,NDIENE LAGANE,SN030302,localite,22,7755.0
FATICK,GOSSAS,GOSSAS,OUADIOUR,OUADIOUR,SN030302,commune,12,2290.0
FATICK,GOSSAS,GOSSAS,OUADIOUR,OUADIOUR,SN030302,localite,42,8528.0
FATICK,GOSSAS,GOSSAS,OUADIOUR,PATAR LIA,SN030302,commune,15,3301.0
FATICK,GOSSAS,GOSSAS,OUADIOUR,PATAR LIA,SN030302,localite,61,11427.0
KAFFRINE,BIRKELANE,BIRKELANE,COM .BIRKELANE,COM .BIRKELANE,SN040102,commune,1,1538.0
KAFFRINE,BIRKELANE,BIRKELANE,COM .BIRKELANE,COM .BIRKELANE,SN040102,localite,3,5473.0
KAFFRINE,BIRKELANE,BIRKELANE,KEUR M’BOUKI,DIAMAL,SN040102,commune,21,3238.0
KAFFRINE,BIRKELANE,BIRKELANE,KEUR M’BOUKI,DIAMAL,SN040102,localite,28,7009.0
KAFFRINE,BIRKELANE,BIRKELANE,KEUR M’BOUKI,KEUR M’BOUKI,SN040101,localite,1,81.0
KAFFRINE,BIRKELANE,BIRKELANE,KEUR M’BOUKI,KEUR M’BOUKI,SN040102,localite,22,6177.0
KAFFRINE,BIRKELANE,BIRKELANE,KEUR M’BOUKI,KEUR M’BOUKI,SN040102,majorite_commune_2013,12,3883.0
KAFFRINE,BIRKELANE,BIRKELANE,KEUR M’BOUKI,TOUBA M’BELLA,SN040102,commune,28,4152.0
KAFFRINE,BIRKELANE,BIRKELANE,KEUR M’BOUKI,TOUBA M’BELLA,SN040102,localite,21,5774.0
KAFFRINE,BIRKELANE,BIRKELANE,MABO,MABO,SN040101,commune,30,12672.0
KAFFRINE,BIRKELANE,BIRKELANE,MABO,MABO,SN040101,localite,36,12533.0
KAFFRINE,BIRKELANE,BIRKELANE,MABO,MBEULEUP,SN040101,commune,4,1129.0
KAFFRINE,BIRKELANE,BIRKELANE,MABO,MBEULEUP,SN040101,localite,9,3049.0
KAFFRINE,BIRKELANE,BIRKELANE,MABO,N’DIOGNICK,SN040101,commune,34,8066.0
KAFFRINE,BIRKELANE,BIRKELANE,MABO,N’DIOGNICK,SN040101,localite,50,21705.0
KAFFRINE,BIRKELANE,BIRKELANE,MABO,SEGRE GATTA,SN040101,commune,8,408.0
KAFFRINE,BIRKELANE,BIRKELANE,MABO,SEGRE GATTA,SN040101,localite,14,4324.0
KAFFRINE,KAFFRINE,KAFFRINE,COM. KAFFRINE,COM. KAFFRINE,SN040201,commune,1,3363.0
KAFFRINE,KAFFRINE,KAFFRINE,COM. KAFFRINE,COM. KAFFRINE,SN040201,localite,7,36173.0
KAFFRINE,KAFFRINE,KAFFRINE,COM. N’GANDA,COM. N’GANDA,SN040202,localite,6,10508.0
KAFFRINE,KAFFRINE,KAFFRINE,GNIBY,BOULEL,SN040201,commune,26,8764.0
KAFFRINE,KAFFRINE,KAFFRINE,GNIBY,BOULEL,SN040201,localite,24,14641.0
KAFFRINE,KAFFRINE,KAFFRINE,GNIBY,GNIBY,SN040201,commune,22,2953.0
KAFFRINE,KAFFRINE,KAFFRINE,GNIBY,GNIBY,SN040201,localite,30,12593.0
KAFFRINE,KAFFRINE,KAFFRINE,GNIBY,KAHI,SN040201,commune,17,4763.0
KAFFRINE,KAFFRINE,KAFFRINE,GNIBY,KAHI,SN040201,localite,35,16725.0
KAFFRINE,KAFFRINE,KAFFRINE,KATAKEL,DIAMAGADIO,SN040202,commune,22,7661.0
KAFFRINE,KAFFRINE,KAFFRINE,KATAKEL,DIAMAGADIO,SN040202,localite,16,11676.0
KAFFRINE,KAFFRINE,KAFFRINE,KATAKEL,DIOKOUL M’BELBOUCK,SN040202,localite,22,17692.0
KAFFRINE,KAFFRINE,KAFFRINE,KATAKEL,DIOKOUL M’BELBOUCK,SN040202,majorite_commune_2013,14,6582.0
KAFFRINE,KAFFRINE,KAFFRINE,KATAKEL,KATHIOTE,SN040201,localite,1,58.0
KAFFRINE,KAFFRINE,KAFFRINE,KATAKEL,KATHIOTE,SN040202,localite,34,24072.0
KAFFRINE,KAFFRINE,KAFFRINE,KATAKEL,KATHIOTE,SN040202,majorite_commune_2013,22,8830.0
KAFFRINE,KAFFRINE,KAFFRINE,KATAKEL,MEDINATOUL SALAM 2,SN040202,commune,19,9928.0
KAFFRINE,KAFFRINE,KAFFRINE,KATAKEL,MEDINATOUL SALAM 2,SN040202,localite,24,10686.0
KAFFRINE,KOUNGHEUL,KOUNGHEUL,COM. KOUNGHEUL,COM. KOUNGHEUL,SN040302,commune,3,9784.0
KAFFRINE,KOUNGHEUL,KOUNGHEUL,COM. KOUNGHEUL,COM. KOUNGHEUL,SN040302,localite,5,11159.0
KAFFRINE,KOUNGHEUL,KOUNGHEUL,IDA MOURIDE,FASS THIEKENE,SN040302,commune,8,2693.0
KAFFRINE,KOUNGHEUL,KOUNGHEUL,IDA MOURIDE,FASS THIEKENE,SN040302,localite,26,13172.0
KAFFRINE,KOUNGHEUL,KOUNGHEUL,IDA MOURIDE,IDA MOURIDE,SN040302,commune,14,3386.0
KAFFRINE,KOUNGHEUL,KOUNGHEUL,IDA MOURIDE,IDA MOURIDE,SN040302,localite,45,15689.0
KAFFRINE,KOUNGHEUL,KOUNGHEUL,IDA MOURIDE,SALY ESCALE,SN040302,commune,18,5122.0
KAFFRINE,KOUNGHEUL,KOUNGHEUL,IDA MOURIDE,SALY ESCALE,SN040302,localite,66,17674.0
KAFFRINE,KOUNGHEUL,KOUNGHEUL,LOUR ESCALE,LOUR ESCALE,SN040303,commune,36,6816.0
KAFFRINE,KOUNGHEUL,KOUNGHEUL,LOUR ESCALE,LOUR ESCALE,SN040303,localite,43,15717.0
KAFFRINE,KOUNGHEUL,KOUNGHEUL,LOUR ESCALE,RIBOT ESCALE,SN040303,commune,27,4739.0
KAFFRINE,KOUNGHEUL,KOUNGHEUL,LOUR ESCALE,RIBOT ESCALE,SN040303,localite,45,9269.0
KAFFRINE,KOUNGHEUL,KOUNGHEUL,MISSIRAH WADENE,GAINTHE PATHE,SN040301,localite,45,6576.0
KAFFRINE,KOUNGHEUL,KOUNGHEUL,MISSIRAH WADENE,GAINTHE PATHE,SN040301,majorite_commune_2013,55,8913.0
KAFFRINE,KOUNGHEUL,KOUNGHEUL,MISSIRAH WADENE,MAKA YOP,SN040301,commune,17,4049.0
KAFFRINE,KOUNGHEUL,KOUNGHEUL,MISSIRAH WADENE,MAKA YOP,SN040301,localite,23,9775.0
KAFFRINE,KOUNGHEUL,KOUNGHEUL,MISSIRAH WADENE,MISSIRAH WADENE,SN040301,commune,18,6746.0
KAFFRINE,KOUNGHEUL,KOUNGHEUL,MISSIRAH WADENE,MISSIRAH WADENE,SN040301,localite,27,12154.0
KAFFRINE,MALEM HODDAR,MALEMHODAR,COM. MALEM HODDAR,COM. MALEM HODDAR,SN040402,localite,7,7876.0
KAFFRINE,MALEM HODDAR,MALEMHODAR,DAROU MINAM II,DAROU MINAM II,SN040401,localite,36,9757.0
KAFFRINE,MALEM HODDAR,MALEMHODAR,DAROU MINAM II,DAROU MINAM II,SN040401,majorite_commune_2013,22,5104.0
KAFFRINE,MALEM HODDAR,MALEMHODAR,DAROU MINAM II,KHELCOM,SN040401,commune,16,1666.0
KAFFRINE,MALEM HODDAR,MALEMHODAR,DAROU MINAM II,NDIOBENE SAMBA LAMO,SN040401,commune,14,1770.0
KAFFRINE,MALEM HODDAR,MALEMHODAR,DAROU MINAM II,NDIOBENE SAMBA LAMO,SN040401,localite,17,3648.0
KAFFRINE,MALEM HODDAR,MALEMHODAR,DAROU MINAM II,N’DIOUM  N’GAINTH,SN040401,commune,12,3060.0
KAFFRINE,MALEM HODDAR,MALEMHODAR,DAROU MINAM II,N’DIOUM  N’GAINTH,SN040401,localite,23,5029.0
KAFFRINE,MALEM HODDAR,MALEMHODAR,SAGNA,DIANKE SOUF,SN040402,commune,13,2756.0
KAFFRINE,MALEM HODDAR,MALEMHODAR,SAGNA,DIANKE SOUF,SN040402,localite,29,16280.0
KAFFRINE,MALEM HODDAR,MALEMHODAR,SAGNA,SAGNA,SN040402,commune,10,8365.0
KAFFRINE,MALEM HODDAR,MALEMHODAR,SAGNA,SAGNA,SN040402,localite,48,29341.0
KAOLACK,GUINGUINEO,GUINGUINEO,COM. FASS,COM. FASS,SN050101,commune,3,1903.0
KAOLACK,GUINGUINEO,GUINGUINEO,COM. FASS,COM. FASS,SN050101,localite,4,2003.0
KAOLACK,GUINGUINEO,GUINGUINEO,COM. GUINGUINEO,COM. GUINGUINEO,SN050101,commune,2,4113.0
KAOLACK,GUINGUINEO,GUINGUINEO,COM. GUINGUINEO,COM. GUINGUINEO,SN050101,localite,5,12275.0
KAOLACK,GUINGUINEO,GUINGUINEO,COM. MBOSS,COM. MBOSS,SN050102,localite,9,4345.0
KAOLACK,GUINGUINEO,GUINGUINEO,MBADAKHOUNE,KHELCOM BIRAME,SN050101,localite,32,11112.0
KAOLACK,GUINGUINEO,GUINGUINEO,MBADAKHOUNE,KHELCOM BIRAME,SN050101,majorite_commune_2013,7,1450.0
KAOLACK,GUINGUINEO,GUINGUINEO,MBADAKHOUNE,MBADAKHOUNE,SN050101,commune,30,7767.0
KAOLACK,GUINGUINEO,GUINGUINEO,MBADAKHOUNE,MBADAKHOUNE,SN050101,localite,21,6557.0
KAOLACK,GUINGUINEO,GUINGUINEO,MBADAKHOUNE,NDIAGO,SN050101,commune,22,3155.0
KAOLACK,GUINGUINEO,GUINGUINEO,MBADAKHOUNE,NDIAGO,SN050101,localite,34,7417.0
KAOLACK,GUINGUINEO,GUINGUINEO,MBADAKHOUNE,NGATHIE NAOUDE,SN050101,commune,26,5154.0
KAOLACK,GUINGUINEO,GUINGUINEO,MBADAKHOUNE,NGATHIE NAOUDE,SN050101,localite,23,8226.0
KAOLACK,GUINGUINEO,GUINGUINEO,NGUELOU,DARA MBOSS,SN050102,commune,4,234.0
KAOLACK,GUINGUINEO,GUINGUINEO,NGUELOU,DARA MBOSS,SN050102,localite,25,4278.0
KAOLACK,GUINGUINEO,GUINGUINEO,NGUELOU,GAGNICK,SN050102,commune,18,4456.0
KAOLACK,GUINGUINEO,GUINGUINEO,NGUELOU,GAGNICK,SN050102,localite,15,4094.0
KAOLACK,GUINGUINEO,GUINGUINEO,NGUELOU,NGUELOU,SN050102,commune,12,1992.0
KAOLACK,GUINGUINEO,GUINGUINEO,NGUELOU,NGUELOU,SN050102,localite,25,7257.0
KAOLACK,GUINGUINEO,GUINGUINEO,NGUELOU,OUROUR,SN050102,commune,14,3627.0
KAOLACK,GUINGUINEO,GUINGUINEO,NGUELOU,OUROUR,SN050102,localite,36,7094.0
KAOLACK,GUINGUINEO,GUINGUINEO,NGUELOU,PANAL OUOLOF,SN050102,commune,6,537.0
KAOLACK,GUINGUINEO,GUINGUINEO,NGUELOU,PANAL OUOLOF,SN050102,localite,27,6146.0
KAOLACK,KAOLACK,KAOLACK,COM. GANDIAYE,COM. GANDIAYE,SN050201,commune,10,6606.0
KAOLACK,KAOLACK,KAOLACK,COM. GANDIAYE,COM. GANDIAYE,SN050201,localite,4,7215.0
KAOLACK,KAOLACK,KAOLACK,COM. KAHONE,COM. KAHONE,SN050202,commune,6,9060.0
KAOLACK,KAOLACK,KAOLACK,COM. KAHONE,COM. KAHONE,SN050202,localite,8,5170.0
KAOLACK,KAOLACK,KAOLACK,COM. KAOLACK,COM. KAOLACK,SN050202,commune,14,65282.0
KAOLACK,KAOLACK,KAOLACK,COM. KAOLACK,COM. KAOLACK,SN050202,localite,28,168428.0
KAOLACK,KAOLACK,KAOLACK,COM. NDOFFANE,COM. NDOFFANE,SN050202,commune,1,3016.0
KAOLACK,KAOLACK,KAOLACK,COM. NDOFFANE,COM. NDOFFANE,SN050202,localite,11,9879.0
KAOLACK,KAOLACK,KAOLACK,COM. SIBASSOR,COM. SIBASSOR,SN050201,commune,4,3725.0
KAOLACK,KAOLACK,KAOLACK,COM. SIBASSOR,COM. SIBASSOR,SN050201,localite,3,4414.0
KAOLACK,KAOLACK,KAOLACK,KOUMBAL,KEUR BAKA,SN050202,commune,6,1461.0
KAOLACK,KAOLACK,KAOLACK,KOUMBAL,KEUR BAKA,SN050202,localite,61,18105.0
KAOLACK,KAOLACK,KAOLACK,KOUMBAL,LATMINGUE,SN050202,commune,23,4379.0
KAOLACK,KAOLACK,KAOLACK,KOUMBAL,LATMINGUE,SN050202,localite,75,24441.0
KAOLACK,KAOLACK,KAOLACK,KOUMBAL,THIARE,SN050202,commune,9,2508.0
KAOLACK,KAOLACK,KAOLACK,KOUMBAL,THIARE,SN050202,localite,60,21118.0
KAOLACK,KAOLACK,KAOLACK,NDIEDIENG,KEUR SOCE,SN050203,commune,24,7121.0
KAOLACK,KAOLACK,KAOLACK,NDIEDIENG,KEUR SOCE,SN050203,localite,52,19847.0
KAOLACK,KAOLACK,KAOLACK,NDIEDIENG,NDIAFFATE,SN050203,commune,20,5724.0
KAOLACK,KAOLACK,KAOLACK,NDIEDIENG,NDIAFFATE,SN050203,localite,75,28985.0
KAOLACK,KAOLACK,KAOLACK,NDIEDIENG,NDIEDIENG,SN050203,commune,8,5274.0
KAOLACK,KAOLACK,KAOLACK,NDIEDIENG,NDIEDIENG,SN050203,localite,53,23797.0
KAOLACK,KAOLACK,KAOLACK,NGOTHIE,DYA,SN050201,commune,22,3018.0
KAOLACK,KAOLACK,KAOLACK,NGOTHIE,DYA,SN050201,localite,48,11934.0
KAOLACK,KAOLACK,KAOLACK,NGOTHIE,NDIEBEL,SN050201,commune,15,2463.0
KAOLACK,KAOLACK,KAOLACK,NGOTHIE,NDIEBEL,SN050201,localite,53,11072.0
KAOLACK,KAOLACK,KAOLACK,NGOTHIE,THIOMBY,SN050201,commune,19,3457.0
KAOLACK,KAOLACK,KAOLACK,NGOTHIE,THIOMBY,SN050201,localite,51,11271.0
KAOLACK,NIORO,NIORODURIP,COM. KEUR MADIABEL,COM. KEUR MADIABEL,SN050302,commune,1,1453.0
KAOLACK,NIORO,NIORODURIP,COM. KEUR MADIABEL,COM. KEUR MADIABEL,SN050302,localite,5,9089.0
KAOLACK,NIORO,NIORODURIP,COM. NIORO,COM. NIORO,SN050301,commune,2,9022.0
KAOLACK,NIORO,NIORODURIP,COM. NIORO,COM. NIORO,SN050301,localite,4,11761.0
KAOLACK,NIORO,NIORODURIP,MEDINA-SABAKH,KAYEMOR,SN050303,commune,11,4953.0
KAOLACK,NIORO,NIORODURIP,MEDINA-SABAKH,KAYEMOR,SN050303,localite,29,17571.0
KAOLACK,NIORO,NIORODURIP,MEDINA-SABAKH,MEDINA-SABAKH,SN050303,commune,17,6537.0
KAOLACK,NIORO,NIORODURIP,MEDINA-SABAKH,MEDINA-SABAKH,SN050303,localite,45,36824.0
KAOLACK,NIORO,NIORODURIP,MEDINA-SABAKH,NGAYENE,SN050303,commune,7,5248.0
KAOLACK,NIORO,NIORODURIP,MEDINA-SABAKH,NGAYENE,SN050303,localite,22,18597.0
KAOLACK,NIORO,NIORODURIP,PAOSKOTO,DABALY,SN050301,commune,6,1639.0
KAOLACK,NIORO,NIORODURIP,PAOSKOTO,DABALY,SN050301,localite,16,9295.0
KAOLACK,NIORO,NIORODURIP,PAOSKOTO,DAROU SALAM,SN050301,commune,17,8312.0
KAOLACK,NIORO,NIORODURIP,PAOSKOTO,DAROU SALAM,SN050301,localite,51,18057.0
KAOLACK,NIORO,NIORODURIP,PAOSKOTO,GAINTE KAYE,SN050301,localite,33,23314.0
KAOLACK,NIORO,NIORODURIP,PAOSKOTO,GAINTE KAYE,SN050301,majorite_commune_2013,6,4273.0
KAOLACK,NIORO,NIORODURIP,PAOSKOTO,PAOSKOTO,SN050301,commune,6,1184.0
KAOLACK,NIORO,NIORODURIP,PAOSKOTO,PAOSKOTO,SN050301,localite,44,15031.0
KAOLACK,NIORO,NIORODURIP,PAOSKOTO,POROKHANE,SN050301,commune,10,3471.0
KAOLACK,NIORO,NIORODURIP,PAOSKOTO,POROKHANE,SN050301,localite,53,29592.0
KAOLACK,NIORO,NIORODURIP,PAOSKOTO,TAÏBA NIASSENE,SN050301,commune,10,10164.0
KAOLACK,NIORO,NIORODURIP,PAOSKOTO,TAÏBA NIASSENE,SN050301,localite,14,17375.0
KAOLACK,NIORO,NIORODURIP,WACK-NGOUNA,K. MANDONGO,SN050302,localite,16,6650.0
KAOLACK,NIORO,NIORODURIP,WACK-NGOUNA,K. MANDONGO,SN050302,majorite_commune_2013,5,2704.0
KAOLACK,NIORO,NIORODURIP,WACK-NGOUNA,KEUR MABA DIAKHOU,SN050302,commune,11,5647.0
KAOLACK,NIORO,NIORODURIP,WACK-NGOUNA,KEUR MABA DIAKHOU,SN050302,localite,48,21726.0
KAOLACK,NIORO,NIORODURIP,WACK-NGOUNA,NDRAME ESCALE,SN050302,commune,15,4417.0
KAOLACK,NIORO,NIORODURIP,WACK-NGOUNA,NDRAME ESCALE,SN050302,localite,32,16116.0
KAOLACK,NIORO,NIORODURIP,WACK-NGOUNA,WACK NGOUNA,SN050302,commune,9,4472.0
KAOLACK,NIORO,NIORODURIP,WACK-NGOUNA,WACK NGOUNA,SN050302,localite,56,32452.0
KEDOUGOU,KEDOUGOU,KEDOUGOU,BANDAFASSI,BANDAFASSI,SN060101,commune,10,1266.0
KEDOUGOU,KEDOUGOU,KEDOUGOU,BANDAFASSI,BANDAFASSI,SN060101,localite,26,9781.0
KEDOUGOU,KEDOUGOU,KEDOUGOU,BANDAFASSI,DINDIFELO,SN060101,localite,10,3794.0
KEDOUGOU,KEDOUGOU,KEDOUGOU,BANDAFASSI,DINDIFELO,SN060101,majorite_commune_2013,6,1483.0
KEDOUGOU,KEDOUGOU,KEDOUGOU,BANDAFASSI,NINEFECHA,SN060101,commune,14,2292.0
KEDOUGOU,KEDOUGOU,KEDOUGOU,BANDAFASSI,NINEFECHA,SN060101,localite,20,5480.0
KEDOUGOU,KEDOUGOU,KEDOUGOU,BANDAFASSI,TOMBORONKOTO,SN060101,localite,31,9127.0
KEDOUGOU,KEDOUGOU,KEDOUGOU,BANDAFASSI,TOMBORONKOTO,SN060101,majorite_commune_2013,18,4523.0
KEDOUGOU,KEDOUGOU,KEDOUGOU,COM .KEDOUGOU,COM .KEDOUGOU,SN060101,commune,3,16906.0
KEDOUGOU,KEDOUGOU,KEDOUGOU,COM .KEDOUGOU,COM .KEDOUGOU,SN060101,localite,7,13143.0
KEDOUGOU,KEDOUGOU,KEDOUGOU,FONGOLEMBI,DIMBOLI,SN060102,commune,16,995.0
KEDOUGOU,KEDOUGOU,KEDOUGOU,FONGOLEMBI,DIMBOLI,SN060102,localite,24,4977.0
KEDOUGOU,KEDOUGOU,KEDOUGOU,FONGOLEMBI,FONGOLEMBI,SN060102,localite,17,4373.0
KEDOUGOU,KEDOUGOU,KEDOUGOU,FONGOLEMBI,FONGOLEMBI,SN060102,majorite_commune_2013,3,393.0
KEDOUGOU,SALEMATA,SALEMATA,COM. SALEMATA,COM. SALEMATA,SN060201,commune,1,628.0
KEDOUGOU,SALEMATA,SALEMATA,COM. SALEMATA,COM. SALEMATA,SN060201,localite,7,4122.0
KEDOUGOU,SALEMATA,SALEMATA,DAKATELI,DAKATELI,SN060202,localite,19,3272.0
KEDOUGOU,SALEMATA,SALEMATA,DAKATELI,DAKATELI,SN060202,majorite_commune_2013,1,403.0
KEDOUGOU,SALEMATA,SALEMATA,DAKATELI,KEVOYE,SN060202,localite,23,4333.0
KEDOUGOU,SALEMATA,SALEMATA,DAR  SALAM,DAR SALAM,SN060201,commune,11,544.0
KEDOUGOU,SALEMATA,SALEMATA,DAR  SALAM,DAR SALAM,SN060201,localite,25,3340.0
KEDOUGOU,SALEMATA,SALEMATA,DAR  SALAM,ETHIOLO,SN060201,commune,4,419.0
KEDOUGOU,SALEMATA,SALEMATA,DAR  SALAM,ETHIOLO,SN060201,localite,14,2911.0
KEDOUGOU,SALEMATA,SALEMATA,DAR  SALAM,OUBADJI,SN060201,commune,8,892.0
KEDOUGOU,SALEMATA,SALEMATA,DAR  SALAM,OUBADJI,SN060201,localite,12,1245.0
KEDOUGOU,SARAYA,SARAYA,BEMBOU,BEMBOU,SN060301,localite,1,36.0
KEDOUGOU,SARAYA,SARAYA,BEMBOU,BEMBOU,SN060302,commune,16,2446.0
KEDOUGOU,SARAYA,SARAYA,BEMBOU,BEMBOU,SN060302,localite,29,11164.0
KEDOUGOU,SARAYA,SARAYA,BEMBOU,MEDINA BAFFE,SN060302,commune,20,1412.0
KEDOUGOU,SARAYA,SARAYA,BEMBOU,MEDINA BAFFE,SN060302,localite,16,5372.0
KEDOUGOU,SARAYA,SARAYA,COM. SARAYA,COM. SARAYA,SN060302,localite,4,2727.0
KEDOUGOU,SARAYA,SARAYA,SABODOLA,KHOSSANTO,SN060301,commune,1,40.0
KEDOUGOU,SARAYA,SARAYA,SABODOLA,KHOSSANTO,SN060301,localite,10,2506.0
KEDOUGOU,SARAYA,SARAYA,SABODOLA,MISSIRAH SIRIMANA,SN060301,commune,8,6001.0
KEDOUGOU,SARAYA,SARAYA,SABODOLA,MISSIRAH SIRIMANA,SN060301,localite,16,6752.0
KEDOUGOU,SARAYA,SARAYA,SABODOLA,SABODALA,SN060301,commune,6,4407.0
KEDOUGOU,SARAYA,SARAYA,SABODOLA,SABODALA,SN060301,localite,10,7860.0
KOLDA,KOLDA,KOLDA,COM. DABO,COM. DABO,SN070101,commune,3,1949.0
KOLDA,KOLDA,KOLDA,COM. DABO,COM. DABO,SN070101,localite,7,4120.0
KOLDA,KOLDA,KOLDA,COM. KOLDA,COM. KOLDA,SN070102,commune,3,51099.0
KOLDA,KOLDA,KOLDA,COM. KOLDA,COM. KOLDA,SN070102,localite,4,29998.0
KOLDA,KOLDA,KOLDA,COM. SALIKEGNE,COM. SALIKEGNE,SN070103,localite,8,3677.0
KOLDA,KOLDA,KOLDA,COM. SARE YOBA DIEGA,COM. SARE YOBA DIEGA,SN070103,localite,6,3553.0
KOLDA,KOLDA,KOLDA,DIOULACOLON,DIOULACOLON,SN070103,commune,8,2071.0
KOLDA,KOLDA,KOLDA,DIOULACOLON,DIOULACOLON,SN070103,localite,50,18684.0
KOLDA,KOLDA,KOLDA,DIOULACOLON,GUIRO YERO BOCAR,SN070103,commune,31,4183.0
KOLDA,KOLDA,KOLDA,DIOULACOLON,GUIRO YERO BOCAR,SN070103,localite,50,11376.0
KOLDA,KOLDA,KOLDA,DIOULACOLON,MEDINA  EL HADJI,SN070103,localite,36,10083.0
KOLDA,KOLDA,KOLDA,DIOULACOLON,MEDINA  EL HADJI,SN070103,majorite_commune_2013,12,1702.0
KOLDA,KOLDA,KOLDA,DIOULACOLON,TANKANTO ESCALE,SN070103,commune,11,2552.0
KOLDA,KOLDA,KOLDA,DIOULACOLON,TANKANTO ESCALE,SN070103,localite,64,12701.0
KOLDA,KOLDA,KOLDA,MAMPATIM,BAGADADJI,SN070101,commune,41,7032.0
KOLDA,KOLDA,KOLDA,MAMPATIM,BAGADADJI,SN070101,localite,53,8331.0
KOLDA,KOLDA,KOLDA,MAMPATIM,COUMBACARA,SN070101,commune,25,2988.0
KOLDA,KOLDA,KOLDA,MAMPATIM,COUMBACARA,SN070101,localite,39,7148.0
KOLDA,KOLDA,KOLDA,MAMPATIM,DIALAMBERE,SN070101,commune,12,1519.0
KOLDA,KOLDA,KOLDA,MAMPATIM,DIALAMBERE,SN070101,localite,56,11778.0
KOLDA,KOLDA,KOLDA,MAMPATIM,MAMPATIM,SN070101,commune,18,3819.0
KOLDA,KOLDA,KOLDA,MAMPATIM,MAMPATIM,SN070101,localite,33,11579.0
KOLDA,KOLDA,KOLDA,MAMPATIM,MEDINA CHERIF,SN070101,commune,17,2672.0
KOLDA,KOLDA,KOLDA,MAMPATIM,MEDINA CHERIF,SN070101,localite,45,10255.0
KOLDA,KOLDA,KOLDA,SARE BIDJI,SARE BIDJI,SN070102,commune,36,7035.0
KOLDA,KOLDA,KOLDA,SARE BIDJI,SARE BIDJI,SN070102,localite,59,9715.0
KOLDA,KOLDA,KOLDA,SARE BIDJI,THIETTY,SN070102,commune,11,863.0
KOLDA,KOLDA,KOLDA,SARE BIDJI,THIETTY,SN070102,localite,30,3507.0
KOLDA,MEDINA YORO FOULAH,MEDINAYOROFOULA,AR.NDORNA,BIGNARABE,SN070201,commune,9,1580.0
KOLDA,MEDINA YORO FOULAH,MEDINAYOROFOULA,AR.NDORNA,BIGNARABE,SN070201,localite,33,5193.0
KOLDA,MEDINA YORO FOULAH,MEDINAYOROFOULA,AR.NDORNA,BOUROUCO,SN070201,commune,26,6790.0
KOLDA,MEDINA YORO FOULAH,MEDINAYOROFOULA,AR.NDORNA,BOUROUCO,SN070201,localite,33,18449.0
KOLDA,MEDINA YORO FOULAH,MEDINAYOROFOULA,AR.NDORNA,KOULINTO,SN070201,commune,22,2669.0
KOLDA,MEDINA YORO FOULAH,MEDINAYOROFOULA,AR.NDORNA,KOULINTO,SN070201,localite,40,4192.0
KOLDA,MEDINA YORO FOULAH,MEDINAYOROFOULA,AR.NDORNA,NDORNA,SN070201,commune,25,2501.0
KOLDA,MEDINA YORO FOULAH,MEDINAYOROFOULA,AR.NDORNA,NDORNA,SN070201,localite,73,9735.0
KOLDA,MEDINA YORO FOULAH,MEDINAYOROFOULA,COM. MEDINA YORO FOULAH,COM. MEDINA YORO FOULAH,SN070202,commune,2,191.0
KOLDA,MEDINA YORO FOULAH,MEDINAYOROFOULA,COM. MEDINA YORO FOULAH,COM. MEDINA YORO FOULAH,SN070202,localite,9,2809.0
KOLDA,MEDINA YORO FOULAH,MEDINAYOROFOULA,COM. PATA,COM. PATA,SN070202,localite,7,3118.0
KOLDA,MEDINA YORO FOULAH,MEDINAYOROFOULA,FAFACOUROU,BADION,SN070203,commune,13,2051.0
KOLDA,MEDINA YORO FOULAH,MEDINAYOROFOULA,FAFACOUROU,BADION,SN070203,localite,58,10534.0
KOLDA,MEDINA YORO FOULAH,MEDINAYOROFOULA,FAFACOUROU,FAFACOUROU,SN070203,commune,15,1475.0
KOLDA,MEDINA YORO FOULAH,MEDINAYOROFOULA,FAFACOUROU,FAFACOUROU,SN070203,localite,41,5591.0
KOLDA,MEDINA YORO FOULAH,MEDINAYOROFOULA,NIAMING,DINGUIRAYE,SN070202,commune,11,3756.0
KOLDA,MEDINA YORO FOULAH,MEDINAYOROFOULA,NIAMING,DINGUIRAYE,SN070202,localite,34,10913.0
KOLDA,MEDINA YORO FOULAH,MEDINAYOROFOULA,NIAMING,KEREWANE,SN070202,commune,22,6878.0
KOLDA,MEDINA YORO FOULAH,MEDINAYOROFOULA,NIAMING,KEREWANE,SN070202,localite,73,25931.0
KOLDA,MEDINA YORO FOULAH,MEDINAYOROFOULA,NIAMING,NIAMING,SN070202,commune,14,5519.0
KOLDA,MEDINA YORO FOULAH,MEDINAYOROFOULA,NIAMING,NIAMING,SN070202,localite,28,8224.0
KOLDA,VELINGARA,VELINGARA,BONCONTO,BONCONTO,SN070301,commune,15,3496.0
KOLDA,VELINGARA,VELINGARA,BONCONTO,BONCONTO,SN070301,localite,32,6738.0
KOLDA,VELINGARA,VELINGARA,BONCONTO,LINKERING,SN070301,commune,10,944.0
KOLDA,VELINGARA,VELINGARA,BONCONTO,LINKERING,SN070301,localite,46,16111.0
KOLDA,VELINGARA,VELINGARA,BONCONTO,MEDINA GOUNASS,SN070301,commune,6,1245.0
KOLDA,VELINGARA,VELINGARA,BONCONTO,MEDINA GOUNASS,SN070301,localite,28,46970.0
KOLDA,VELINGARA,VELINGARA,BONCONTO,SINTHIANG  KOUNDARA,SN070301,commune,14,4409.0
KOLDA,VELINGARA,VELINGARA,BONCONTO,SINTHIANG  KOUNDARA,SN070301,localite,76,22145.0
KOLDA,VELINGARA,VELINGARA,COM. DIAOUBE- KABENDOU,COM. DIAOUBE- KABENDOU,SN070303,localite,7,5948.0
KOLDA,VELINGARA,VELINGARA,COM. DIAOUBE- KABENDOU,COM. DIAOUBE- KABENDOU,SN070303,majorite_commune_2013,6,20217.0
KOLDA,VELINGARA,VELINGARA,COM. KOUNKANE,COM. KOUNKANE,SN070303,commune,4,8548.0
KOLDA,VELINGARA,VELINGARA,COM. KOUNKANE,COM. KOUNKANE,SN070303,localite,7,2251.0
KOLDA,VELINGARA,VELINGARA,COM. VELINGARA,COM. VELINGARA,SN070303,commune,1,9228.0
KOLDA,VELINGARA,VELINGARA,COM. VELINGARA,COM. VELINGARA,SN070303,localite,3,22933.0
KOLDA,VELINGARA,VELINGARA,PAKOUR,OUASSADOU,SN070302,commune,23,4044.0
KOLDA,VELINGARA,VELINGARA,PAKOUR,OUASSADOU,SN070302,localite,41,12492.0
KOLDA,VELINGARA,VELINGARA,PAKOUR,PAKOUR,SN070302,commune,7,1576.0
KOLDA,VELINGARA,VELINGARA,PAKOUR,PAKOUR,SN070302,localite,25,10928.0
KOLDA,VELINGARA,VELINGARA,PAKOUR,PAROUMBA,SN070302,commune,7,2749.0
KOLDA,VELINGARA,VELINGARA,PAKOUR,PAROUMBA,SN070302,localite,32,12089.0
KOLDA,VELINGARA,VELINGARA,SARE COLY SALLE,KANDIA,SN070303,commune,18,4827.0
KOLDA,VELINGARA,VELINGARA,SARE COLY SALLE,KANDIA,SN070303,localite,58,16248.0
KOLDA,VELINGARA,VELINGARA,SARE COLY SALLE,KANDIAYE,SN070303,commune,13,1837.0
KOLDA,VELINGARA,VELINGARA,SARE COLY SALLE,KANDIAYE,SN070303,localite,59,10858.0
KOLDA,VELINGARA,VELINGARA,SARE COLY SALLE,NEMATABA,SN070303,commune,2,108.0
KOLDA,VELINGARA,VELINGARA,SARE COLY SALLE,NEMATABA,SN070303,localite,37,10447.0
KOLDA,VELINGARA,VELINGARA,SARE COLY SALLE,SARE COLY SALLE,SN070303,commune,7,1899.0
KOLDA,VELINGARA,VELINGARA,SARE COLY SALLE,SARE COLY SALLE,SN070303,localite,63,17105.0
LOUGA,KEBEMER,KEBEMER,COM. GUEOUL,COM. GUEOUL,SN080101,commune,1,845.0
LOUGA,KEBEMER,KEBEMER,COM. GUEOUL,COM. GUEOUL,SN080101,localite,6,7160.0
LOUGA,KEBEMER,KEBEMER,COM. KEBEMER,COM. KEBEMER,SN080101,commune,2,5826.0
LOUGA,KEBEMER,KEBEMER,COM. KEBEMER,COM. KEBEMER,SN080101,localite,3,14076.0
LOUGA,KEBEMER,KEBEMER,DAROU MOUSTY,DAROU MARNANE,SN080102,commune,31,3493.0
LOUGA,KEBEMER,KEBEMER,DAROU MOUSTY,DAROU MARNANE,SN080102,localite,21,8388.0
LOUGA,KEBEMER,KEBEMER,DAROU MOUSTY,DAROU MOUSTY,SN080102,localite,38,4497.0
LOUGA,KEBEMER,KEBEMER,DAROU MOUSTY,DAROU MOUSTY,SN080102,majorite_commune_2013,57,33678.0
LOUGA,KEBEMER,KEBEMER,DAROU MOUSTY,MBACKE CADIOR,SN080102,localite,30,3382.0
LOUGA,KEBEMER,KEBEMER,DAROU MOUSTY,MBACKE CADIOR,SN080102,majorite_commune_2013,14,2047.0
LOUGA,KEBEMER,KEBEMER,DAROU MOUSTY,MBADIANE,SN080102,commune,19,2651.0
LOUGA,KEBEMER,KEBEMER,DAROU MOUSTY,MBADIANE,SN080102,localite,44,6252.0
LOUGA,KEBEMER,KEBEMER,DAROU MOUSTY,NDOYENE,SN080102,commune,32,3834.0
LOUGA,KEBEMER,KEBEMER,DAROU MOUSTY,NDOYENE,SN080102,localite,23,1903.0
LOUGA,KEBEMER,KEBEMER,DAROU MOUSTY,SAM YABAL,SN080102,commune,12,739.0
LOUGA,KEBEMER,KEBEMER,DAROU MOUSTY,SAM YABAL,SN080102,localite,27,4925.0
LOUGA,KEBEMER,KEBEMER,DAROU MOUSTY,TOUBA MERINA,SN080102,commune,4,263.0
LOUGA,KEBEMER,KEBEMER,DAROU MOUSTY,TOUBA MERINA,SN080102,localite,45,6801.0
LOUGA,KEBEMER,KEBEMER,NDANDE,BADEGNE OUOLOF,SN080101,commune,23,3680.0
LOUGA,KEBEMER,KEBEMER,NDANDE,BADEGNE OUOLOF,SN080101,localite,59,12181.0
LOUGA,KEBEMER,KEBEMER,NDANDE,DIOKOUL DIAWRIGNE,SN080101,commune,16,2924.0
LOUGA,KEBEMER,KEBEMER,NDANDE,DIOKOUL DIAWRIGNE,SN080101,localite,56,12939.0
LOUGA,KEBEMER,KEBEMER,NDANDE,KAB GAYE,SN080101,commune,8,2162.0
LOUGA,KEBEMER,KEBEMER,NDANDE,KAB GAYE,SN080101,localite,43,9111.0
LOUGA,KEBEMER,KEBEMER,NDANDE,NDANDE,SN080101,commune,5,945.0
LOUGA,KEBEMER,KEBEMER,NDANDE,NDANDE,SN080101,localite,49,23039.0
LOUGA,KEBEMER,KEBEMER,NDANDE,THIEPPE,SN080101,commune,47,6717.0
LOUGA,KEBEMER,KEBEMER,NDANDE,THIEPPE,SN080101,localite,59,8237.0
LOUGA,KEBEMER,KEBEMER,SAGATTA GUETH,KANENE NDIOB,SN080103,commune,18,2992.0
LOUGA,KEBEMER,KEBEMER,SAGATTA GUETH,KANENE NDIOB,SN080103,localite,37,6326.0
LOUGA,KEBEMER,KEBEMER,SAGATTA GUETH,LORO,SN080103,commune,6,571.0
LOUGA,KEBEMER,KEBEMER,SAGATTA GUETH,LORO,SN080103,localite,28,7667.0
LOUGA,KEBEMER,KEBEMER,SAGATTA GUETH,NGOURANE OUOLOF,SN080103,commune,5,304.0
LOUGA,KEBEMER,KEBEMER,SAGATTA GUETH,NGOURANE OUOLOF,SN080103,localite,37,9338.0
LOUGA,KEBEMER,KEBEMER,SAGATTA GUETH,SAGATTA GUETH,SN080103,commune,15,1667.0
LOUGA,KEBEMER,KEBEMER,SAGATTA GUETH,SAGATTA GUETH,SN080103,localite,57,13325.0
LOUGA,KEBEMER,KEBEMER,SAGATTA GUETH,THIOLOM FALL,SN080101,localite,1,496.0
LOUGA,KEBEMER,KEBEMER,SAGATTA GUETH,THIOLOM FALL,SN080103,commune,19,4132.0
LOUGA,KEBEMER,KEBEMER,SAGATTA GUETH,THIOLOM FALL,SN080103,localite,73,19570.0
LOUGA,LINGUERE,LINGUERE,BARKEDJI,BARKEDJI,SN080203,commune,49,12275.0
LOUGA,LINGUERE,LINGUERE,BARKEDJI,BARKEDJI,SN080203,localite,34,5850.0
LOUGA,LINGUERE,LINGUERE,BARKEDJI,GASSANE,SN080203,commune,38,5471.0
LOUGA,LINGUERE,LINGUERE,BARKEDJI,GASSANE,SN080203,localite,33,10679.0
LOUGA,LINGUERE,LINGUERE,BARKEDJI,THIARGNY,SN080203,localite,37,4221.0
LOUGA,LINGUERE,LINGUERE,BARKEDJI,THIARGNY,SN080203,majorite_commune_2013,28,5079.0
LOUGA,LINGUERE,LINGUERE,BARKEDJI,THIEL,SN080203,commune,42,5831.0
LOUGA,LINGUERE,LINGUERE,BARKEDJI,THIEL,SN080203,localite,48,8189.0
LOUGA,LINGUERE,LINGUERE,COM. DAHRA,COM. DAHRA,SN080202,commune,7,23619.0
LOUGA,LINGUERE,LINGUERE,COM. DAHRA,COM. DAHRA,SN080202,localite,2,9320.0
LOUGA,LINGUERE,LINGUERE,COM. LINGUERE,COM. LINGUERE,SN080204,commune,3,11710.0
LOUGA,LINGUERE,LINGUERE,COM. LINGUERE,COM. LINGUERE,SN080204,localite,2,3772.0
LOUGA,LINGUERE,LINGUERE,COM. MBEULEUKHE,COM. MBEULEUKHE,SN080201,localite,4,1510.0
LOUGA,LINGUERE,LINGUERE,DODJI,DODJI,SN080203,localite,3,110.0
LOUGA,LINGUERE,LINGUERE,DODJI,DODJI,SN080204,commune,36,3628.0
LOUGA,LINGUERE,LINGUERE,DODJI,DODJI,SN080204,localite,51,9841.0
LOUGA,LINGUERE,LINGUERE,DODJI,LABGAR,SN080204,commune,20,4057.0
LOUGA,LINGUERE,LINGUERE,DODJI,LABGAR,SN080204,localite,17,2820.0
LOUGA,LINGUERE,LINGUERE,DODJI,OUARKHOH,SN080204,localite,34,8796.0
LOUGA,LINGUERE,LINGUERE,DODJI,OUARKHOH,SN080204,majorite_commune_2013,45,7750.0
LOUGA,LINGUERE,LINGUERE,SAGATTA DJOLOF,AFFE DJOLOFF,SN080202,localite,14,3100.0
LOUGA,LINGUERE,LINGUERE,SAGATTA DJOLOF,AFFE DJOLOFF,SN080202,majorite_commune_2013,9,2588.0
LOUGA,LINGUERE,LINGUERE,SAGATTA DJOLOF,BOULAL,SN080201,localite,1,206.0
LOUGA,LINGUERE,LINGUERE,SAGATTA DJOLOF,BOULAL,SN080202,commune,28,4127.0
LOUGA,LINGUERE,LINGUERE,SAGATTA DJOLOF,BOULAL,SN080202,localite,38,8038.0
LOUGA,LINGUERE,LINGUERE,SAGATTA DJOLOF,DEALI,SN080202,localite,72,13243.0
LOUGA,LINGUERE,LINGUERE,SAGATTA DJOLOF,DEALI,SN080202,majorite_commune_2013,30,4280.0
LOUGA,LINGUERE,LINGUERE,SAGATTA DJOLOF,SAGATTA DJOLOF,SN080202,commune,6,1580.0
LOUGA,LINGUERE,LINGUERE,SAGATTA DJOLOF,SAGATTA DJOLOF,SN080202,localite,46,8954.0
LOUGA,LINGUERE,LINGUERE,SAGATTA DJOLOF,THIAMENE DJOLOF,SN080202,localite,57,15438.0
LOUGA,LINGUERE,LINGUERE,SAGATTA DJOLOF,THIAMENE DJOLOF,SN080202,majorite_commune_2013,17,3144.0
LOUGA,LINGUERE,LINGUERE,YANG YANG,KAMB,SN080201,commune,12,987.0
LOUGA,LINGUERE,LINGUERE,YANG YANG,KAMB,SN080201,localite,71,9923.0
LOUGA,LINGUERE,LINGUERE,YANG YANG,MBOULA,SN080201,commune,20,3293.0
LOUGA,LINGUERE,LINGUERE,YANG YANG,MBOULA,SN080201,localite,25,4566.0
LOUGA,LINGUERE,LINGUERE,YANG YANG,TESSEKRE FORAGE,SN080201,localite,43,4514.0
LOUGA,LINGUERE,LINGUERE,YANG YANG,TESSEKRE FORAGE,SN080201,majorite_commune_2013,51,4485.0
LOUGA,LINGUERE,LINGUERE,YANG YANG,YANG YANG,SN080201,commune,12,1168.0
LOUGA,LINGUERE,LINGUERE,YANG YANG,YANG YANG,SN080201,localite,29,3718.0
LOUGA,LOUGA,LOUGA,COKI,COKI,SN080302,commune,19,3441.0
LOUGA,LOUGA,LOUGA,COKI,COKI,SN080302,localite,47,21854.0
LOUGA,LOUGA,LOUGA,COKI,GUET ARDO,SN080302,commune,18,4838.0
LOUGA,LOUGA,LOUGA,COKI,GUET ARDO,SN080302,localite,16,3799.0
LOUGA,LOUGA,LOUGA,COKI,PETE OUARACK,SN080302,commune,6,858.0
LOUGA,LOUGA,LOUGA,COKI,PETE OUARACK,SN080302,localite,17,3981.0
LOUGA,LOUGA,LOUGA,COKI,THIAMENE CAYOR,SN080302,localite,42,14044.0
LOUGA,LOUGA,LOUGA,COKI,THIAMENE CAYOR,SN080302,majorite_commune_2013,18,3130.0
LOUGA,LOUGA,LOUGA,COM. LOUGA,COM. LOUGA,SN080303,localite,11,104349.0
LOUGA,LOUGA,LOUGA,COM. NDIAGNE,COM. NDIAGNE,SN080302,commune,2,7496.0
LOUGA,LOUGA,LOUGA,K EUR MOMAR SARR,GANDE,SN080301,commune,20,6621.0
LOUGA,LOUGA,LOUGA,K EUR MOMAR SARR,GANDE,SN080301,localite,46,9891.0
LOUGA,LOUGA,LOUGA,K EUR MOMAR SARR,K.MOMAR SARR,SN080301,localite,86,24049.0
LOUGA,LOUGA,LOUGA,K EUR MOMAR SARR,K.MOMAR SARR,SN080301,majorite_commune_2013,23,3468.0
LOUGA,LOUGA,LOUGA,K EUR MOMAR SARR,NGUER MALAL,SN080301,commune,34,8177.0
LOUGA,LOUGA,LOUGA,K EUR MOMAR SARR,NGUER MALAL,SN080301,localite,53,16339.0
LOUGA,LOUGA,LOUGA,K EUR MOMAR SARR,SYER,SN080301,commune,13,2795.0
LOUGA,LOUGA,LOUGA,K EUR MOMAR SARR,SYER,SN080301,localite,30,4306.0
LOUGA,LOUGA,LOUGA,MBEDIENE,KELLE GUEYE,SN080303,localite,37,8262.0
LOUGA,LOUGA,LOUGA,MBEDIENE,KELLE GUEYE,SN080303,majorite_commune_2013,10,1827.0
LOUGA,LOUGA,LOUGA,MBEDIENE,MBEDIENE,SN080303,commune,21,2225.0
LOUGA,LOUGA,LOUGA,MBEDIENE,MBEDIENE,SN080303,localite,66,10218.0
LOUGA,LOUGA,LOUGA,MBEDIENE,NGUIDILE,SN080303,commune,8,3373.0
LOUGA,LOUGA,LOUGA,MBEDIENE,NGUIDILE,SN080303,localite,53,16345.0
LOUGA,LOUGA,LOUGA,MBEDIENE,NIOMRE,SN080303,commune,10,3570.0
LOUGA,LOUGA,LOUGA,MBEDIENE,NIOMRE,SN080303,localite,46,12248.0
LOUGA,LOUGA,LOUGA,SAKAL,LEONA,SN080304,commune,56,12101.0
LOUGA,LOUGA,LOUGA,SAKAL,LEONA,SN080304,localite,80,20695.0
LOUGA,LOUGA,LOUGA,SAKAL,NGUEUNE SARR,SN080304,commune,18,2529.0
LOUGA,LOUGA,LOUGA,SAKAL,NGUEUNE SARR,SN080304,localite,55,11349.0
LOUGA,LOUGA,LOUGA,SAKAL,SAKAL,SN080304,commune,35,4854.0
LOUGA,LOUGA,LOUGA,SAKAL,SAKAL,SN080304,localite,114,20184.0
MATAM,KANEL,KANEL,COM. DEMBANCANE,COM. DEMBANCANE,SN090102,commune,2,4506.0
MATAM,KANEL,KANEL,COM. DEMBANCANE,COM. DEMBANCANE,SN090102,localite,1,788.0
MATAM,KANEL,KANEL,COM. HAMADY OUNARE,COM. HAMADY OUNARE,SN090101,commune,4,10175.0
MATAM,KANEL,KANEL,COM. KANEL,COM. KANEL,SN090101,commune,1,2538.0
MATAM,KANEL,KANEL,COM. KANEL,COM. KANEL,SN090101,localite,4,10439.0
MATAM,KANEL,KANEL,COM. ODOBERE,COM. ODOBERE,SN090102,localite,6,6028.0
MATAM,KANEL,KANEL,COM. SEMME,COM. SEMME,SN090102,commune,3,4331.0
MATAM,KANEL,KANEL,COM. SEMME,COM. SEMME,SN090102,localite,2,2560.0
MATAM,KANEL,KANEL,COM. SINTHIOU BAMANBE-BANADJI,COM. SINTHIOU BAMANBE-BANADJI,SN090101,localite,7,12997.0
MATAM,KANEL,KANEL,COM. SINTHIOU BAMANBE-BANADJI,COM. SINTHIOU BAMANBE-BANADJI,SN090101,majorite_commune_2013,2,824.0
MATAM,KANEL,KANEL,COM. WAOUNDE,COM. WAOUNDE,SN090102,commune,4,7815.0
MATAM,KANEL,KANEL,ORKADIERE,AOURE,SN090102,commune,24,7064.0
MATAM,KANEL,KANEL,ORKADIERE,AOURE,SN090102,localite,31,28073.0
MATAM,KANEL,KANEL,ORKADIERE,BOKILADJI,SN090102,commune,12,5331.0
MATAM,KANEL,KANEL,ORKADIERE,BOKILADJI,SN090102,localite,33,25120.0
MATAM,KANEL,KANEL,ORKADIERE,ORKADIERE,SN090102,commune,16,10327.0
MATAM,KANEL,KANEL,ORKADIERE,ORKADIERE,SN090102,localite,18,30205.0
MATAM,KANEL,KANEL,OURO SIDY,NDENDORY,SN090101,commune,20,3225.0
MATAM,KANEL,KANEL,OURO SIDY,NDENDORY,SN090101,localite,29,28960.0
MATAM,KANEL,KANEL,OURO SIDY,OURO SIDY,SN090101,localite,50,21989.0
MATAM,KANEL,KANEL,OURO SIDY,OURO SIDY,SN090101,majorite_commune_2013,56,15312.0
MATAM,MATAM,MATAM,AGNAM-CIVOL,AGNAM-CIVOL,SN090202,commune,7,1497.0
MATAM,MATAM,MATAM,AGNAM-CIVOL,AGNAM-CIVOL,SN090202,localite,21,24821.0
MATAM,MATAM,MATAM,AGNAM-CIVOL,DABIA,SN090201,localite,1,0.0
MATAM,MATAM,MATAM,AGNAM-CIVOL,DABIA,SN090202,commune,22,5182.0
MATAM,MATAM,MATAM,AGNAM-CIVOL,DABIA,SN090202,localite,21,17939.0
MATAM,MATAM,MATAM,AGNAM-CIVOL,OREFONDE,SN090202,commune,17,2221.0
MATAM,MATAM,MATAM,AGNAM-CIVOL,OREFONDE,SN090202,localite,13,16953.0
MATAM,MATAM,MATAM,COM .MATAM,COM .MATAM,SN090201,commune,2,3533.0
MATAM,MATAM,MATAM,COM .MATAM,COM .MATAM,SN090201,localite,5,13684.0
MATAM,MATAM,MATAM,COM. NGUIDILOGNE,COM. NGUIDILOGNE,SN090202,localite,2,1782.0
MATAM,MATAM,MATAM,COM. NGUIDILOGNE,COM. NGUIDILOGNE,SN090202,majorite_commune_2013,6,8662.0
MATAM,MATAM,MATAM,COM. OUROSSOGUI,COM. OUROSSOGUI,SN090201,localite,10,15654.0
MATAM,MATAM,MATAM,COM. THILOGNE,COM. THILOGNE,SN090202,commune,2,2064.0
MATAM,MATAM,MATAM,COM. THILOGNE,COM. THILOGNE,SN090202,localite,10,8378.0
MATAM,MATAM,MATAM,OGO,BOKIDIAWE,SN090201,commune,40,17974.0
MATAM,MATAM,MATAM,OGO,BOKIDIAWE,SN090201,localite,28,34316.0
MATAM,MATAM,MATAM,OGO,NABADJI-CIVOL,SN090201,commune,25,15408.0
MATAM,MATAM,MATAM,OGO,NABADJI-CIVOL,SN090201,localite,34,36965.0
MATAM,MATAM,MATAM,OGO,OGO,SN090201,commune,46,21215.0
MATAM,MATAM,MATAM,OGO,OGO,SN090201,localite,24,24378.0
MATAM,RANEROU,RANEROU,COM. RANEROU,COM. RANEROU,SN090301,localite,2,3026.0
MATAM,RANEROU,RANEROU,VELINGARA,LOUGRE-THIOLY,SN090301,commune,23,1143.0
MATAM,RANEROU,RANEROU,VELINGARA,LOUGRE-THIOLY,SN090301,localite,32,2152.0
MATAM,RANEROU,RANEROU,VELINGARA,OUDALAYE,SN090301,commune,84,10049.0
MATAM,RANEROU,RANEROU,VELINGARA,OUDALAYE,SN090301,localite,105,16861.0
MATAM,RANEROU,RANEROU,VELINGARA,VELINGARA,SN090301,commune,54,7991.0
MATAM,RANEROU,RANEROU,VELINGARA,VELINGARA,SN090301,localite,66,10098.0
SAINT-LOUIS,DAGANA,DAGANA,COM. DAGANA,COM. DAGANA,SN100102,localite,5,21751.0
SAINT-LOUIS,DAGANA,DAGANA,COM. GAE,COM. GAE,SN100102,localite,8,7147.0
SAINT-LOUIS,DAGANA,DAGANA,COM. NDOMBO SANDJIRY,COM. NDOMBO SANDJIRY,SN100102,commune,2,2104.0
SAINT-LOUIS,DAGANA,DAGANA,COM. NDOMBO SANDJIRY,COM. NDOMBO SANDJIRY,SN100102,localite,1,2456.0
SAINT-LOUIS,DAGANA,DAGANA,COM. RICHARD-TOLL,COM. RICHARD-TOLL,SN100102,commune,4,8987.0
SAINT-LOUIS,DAGANA,DAGANA,COM. RICHARD-TOLL,COM. RICHARD-TOLL,SN100102,localite,9,48895.0
SAINT-LOUIS,DAGANA,DAGANA,COM. ROSS-BETHIO,COM. ROSS-BETHIO,SN100101,commune,4,11192.0
SAINT-LOUIS,DAGANA,DAGANA,COM. ROSS-BETHIO,COM. ROSS-BETHIO,SN100101,localite,1,394.0
SAINT-LOUIS,DAGANA,DAGANA,COM. ROSSO-SENEGAL,COM. ROSSO-SENEGAL,SN100101,localite,5,7751.0
SAINT-LOUIS,DAGANA,DAGANA,COM. ROSSO-SENEGAL,COM. ROSSO-SENEGAL,SN100101,majorite_commune_2013,7,8122.0
SAINT-LOUIS,DAGANA,DAGANA,MBANE,BOKHOL,SN100102,commune,10,1538.0
SAINT-LOUIS,DAGANA,DAGANA,MBANE,BOKHOL,SN100102,localite,42,15267.0
SAINT-LOUIS,DAGANA,DAGANA,MBANE,MBANE,SN100102,commune,116,20019.0
SAINT-LOUIS,DAGANA,DAGANA,MBANE,MBANE,SN100102,localite,35,8624.0
SAINT-LOUIS,DAGANA,DAGANA,NDIAYE,DIAMA,SN100101,commune,16,2187.0
SAINT-LOUIS,DAGANA,DAGANA,NDIAYE,DIAMA,SN100101,localite,86,32637.0
SAINT-LOUIS,DAGANA,DAGANA,NDIAYE,NGNITH,SN100101,commune,30,10132.0
SAINT-LOUIS,DAGANA,DAGANA,NDIAYE,NGNITH,SN100101,localite,40,10898.0
SAINT-LOUIS,DAGANA,DAGANA,NDIAYE,RONKH,SN100101,commune,10,843.0
SAINT-LOUIS,DAGANA,DAGANA,NDIAYE,RONKH,SN100101,localite,32,20749.0
SAINT-LOUIS,PODOR,PODOR,CAS-CAS,DOUNGA-LAO,SN100204,localite,40,14326.0
SAINT-LOUIS,PODOR,PODOR,CAS-CAS,DOUNGA-LAO,SN100204,majorite_commune_2013,76,14678.0
SAINT-LOUIS,PODOR,PODOR,CAS-CAS,MEDINA NDIATHBE,SN100204,localite,37,23981.0
SAINT-LOUIS,PODOR,PODOR,CAS-CAS,MEDINA NDIATHBE,SN100204,majorite_commune_2013,45,9261.0
SAINT-LOUIS,PODOR,PODOR,CAS-CAS,MERY,SN100204,commune,7,923.0
SAINT-LOUIS,PODOR,PODOR,CAS-CAS,MERY,SN100204,localite,24,16398.0
SAINT-LOUIS,PODOR,PODOR,COM. AERE LAO,COM. AERE LAO,SN100204,commune,2,9472.0
SAINT-LOUIS,PODOR,PODOR,COM. BODE LAO,COM. BODE LAO,SN100201,commune,2,1371.0
SAINT-LOUIS,PODOR,PODOR,COM. BODE LAO,COM. BODE LAO,SN100201,localite,2,1097.0
SAINT-LOUIS,PODOR,PODOR,COM. DEMETTE,COM. DEMETTE,SN100201,commune,5,1130.0
SAINT-LOUIS,PODOR,PODOR,COM. DEMETTE,COM. DEMETTE,SN100201,localite,5,1913.0
SAINT-LOUIS,PODOR,PODOR,COM. GALOYA TOUCOULEUR,COM. GALOYA TOUCOULEUR,SN100203,commune,2,906.0
SAINT-LOUIS,PODOR,PODOR,COM. GALOYA TOUCOULEUR,COM. GALOYA TOUCOULEUR,SN100203,localite,6,4382.0
SAINT-LOUIS,PODOR,PODOR,COM. GOLLERE,COM. GOLLERE,SN100204,localite,6,6372.0
SAINT-LOUIS,PODOR,PODOR,COM. GUEDE CHANTIER,COM. GUEDE CHANTIER,SN100201,localite,6,5598.0
SAINT-LOUIS,PODOR,PODOR,COM. MBOUMBA,COM. MBOUMBA,SN100204,commune,3,3104.0
SAINT-LOUIS,PODOR,PODOR,COM. MBOUMBA,COM. MBOUMBA,SN100204,localite,1,1792.0
SAINT-LOUIS,PODOR,PODOR,COM. NDIANDANE,COM. NDIANDANE,SN100202,localite,4,4838.0
SAINT-LOUIS,PODOR,PODOR,COM. NDIOUM,COM. NDIOUM,SN100201,commune,3,3856.0
SAINT-LOUIS,PODOR,PODOR,COM. NDIOUM,COM. NDIOUM,SN100201,localite,6,10484.0
SAINT-LOUIS,PODOR,PODOR,COM. PETE,COM. PETE,SN100203,commune,3,1590.0
SAINT-LOUIS,PODOR,PODOR,COM. PETE,COM. PETE,SN100203,localite,5,2622.0
SAINT-LOUIS,PODOR,PODOR,COM. PODOR,COM. PODOR,SN100201,commune,2,4122.0
SAINT-LOUIS,PODOR,PODOR,COM. PODOR,COM. PODOR,SN100201,localite,4,7488.0
SAINT-LOUIS,PODOR,PODOR,COM. WALALDE,COM. WALALDE,SN100204,commune,2,859.0
SAINT-LOUIS,PODOR,PODOR,COM. WALALDE,COM. WALALDE,SN100204,localite,3,2365.0
SAINT-LOUIS,PODOR,PODOR,GAMADJI SARE,DODEL,SN100201,commune,87,10415.0
SAINT-LOUIS,PODOR,PODOR,GAMADJI SARE,DODEL,SN100201,localite,48,28105.0
SAINT-LOUIS,PODOR,PODOR,GAMADJI SARE,GAMADJI SARE,SN100201,commune,58,6916.0
SAINT-LOUIS,PODOR,PODOR,GAMADJI SARE,GAMADJI SARE,SN100201,localite,49,13476.0
SAINT-LOUIS,PODOR,PODOR,GAMADJI SARE,GUEDE VILLAGE,SN100201,commune,51,8647.0
SAINT-LOUIS,PODOR,PODOR,GAMADJI SARE,GUEDE VILLAGE,SN100201,localite,68,35448.0
SAINT-LOUIS,PODOR,PODOR,SALDE,BOKE DIALLOUBE,SN100203,commune,64,5192.0
SAINT-LOUIS,PODOR,PODOR,SALDE,BOKE DIALLOUBE,SN100203,localite,75,18972.0
SAINT-LOUIS,PODOR,PODOR,SALDE,MBOLO BIRANE,SN100203,commune,26,3286.0
SAINT-LOUIS,PODOR,PODOR,SALDE,MBOLO BIRANE,SN100203,localite,38,21430.0
SAINT-LOUIS,PODOR,PODOR,THILLE BOUBACAR,FANAYE,SN100202,commune,28,3368.0
SAINT-LOUIS,PODOR,PODOR,THILLE BOUBACAR,FANAYE,SN100202,localite,70,29888.0
SAINT-LOUIS,PODOR,PODOR,THILLE BOUBACAR,NDIAYENE PENDAO,SN100202,localite,26,19154.0
SAINT-LOUIS,PODOR,PODOR,THILLE BOUBACAR,NDIAYENE PENDAO,SN100202,majorite_commune_2013,87,11538.0
SAINT-LOUIS,SAINT LOUIS,SAINTLOUIS,COM. M’PAL,COM. M’PAL,SN100301,commune,2,7315.0
SAINT-LOUIS,SAINT LOUIS,SAINTLOUIS,COM. M’PAL,COM. M’PAL,SN100301,localite,1,818.0
SAINT-LOUIS,SAINT LOUIS,SAINTLOUIS,COM. SAINT LOUIS,COM. SAINT LOUIS,SN100301,commune,2,16097.0
SAINT-LOUIS,SAINT LOUIS,SAINTLOUIS,COM. SAINT LOUIS,COM. SAINT LOUIS,SN100301,localite,31,193657.0
SAINT-LOUIS,SAINT LOUIS,SAINTLOUIS,RAO,FASS NGOM,SN100301,commune,20,2506.0
SAINT-LOUIS,SAINT LOUIS,SAINTLOUIS,RAO,FASS NGOM,SN100301,localite,54,14162.0
SAINT-LOUIS,SAINT LOUIS,SAINTLOUIS,RAO,GANDON,SN100301,commune,20,2360.0
SAINT-LOUIS,SAINT LOUIS,SAINTLOUIS,RAO,GANDON,SN100301,localite,99,38413.0
SAINT-LOUIS,SAINT LOUIS,SAINTLOUIS,RAO,N'DIEBENE GANDIOLE,SN100301,commune,1,0.0
SAINT-LOUIS,SAINT LOUIS,SAINTLOUIS,RAO,N’DIEBENE GANDIOLE,SN100301,commune,11,2550.0
SAINT-LOUIS,SAINT LOUIS,SAINTLOUIS,RAO,N’DIEBENE GANDIOLE,SN100301,localite,39,18631.0
SEDHIOU,BOUNKILING,BOUNKILING,BOGHAL,BOGHAL,SN110102,commune,5,753.0
SEDHIOU,BOUNKILING,BOUNKILING,BOGHAL,BOGHAL,SN110102,localite,38,11800.0
SEDHIOU,BOUNKILING,BOUNKILING,BOGHAL,DJINANY,SN110102,commune,1,588.0
SEDHIOU,BOUNKILING,BOUNKILING,BOGHAL,DJINANY,SN110102,localite,19,3075.0
SEDHIOU,BOUNKILING,BOUNKILING,BOGHAL,NDIAMALATHIEL,SN110102,commune,2,247.0
SEDHIOU,BOUNKILING,BOUNKILING,BOGHAL,NDIAMALATHIEL,SN110102,localite,30,14442.0
SEDHIOU,BOUNKILING,BOUNKILING,BOGHAL,TANKON,SN110102,commune,7,946.0
SEDHIOU,BOUNKILING,BOUNKILING,BOGHAL,TANKON,SN110102,localite,58,19758.0
SEDHIOU,BOUNKILING,BOUNKILING,BONA,BONA,SN110101,commune,3,1286.0
SEDHIOU,BOUNKILING,BOUNKILING,BONA,BONA,SN110101,localite,22,7547.0
SEDHIOU,BOUNKILING,BOUNKILING,BONA,DIACOUNDA,SN110101,commune,1,63.0
SEDHIOU,BOUNKILING,BOUNKILING,BONA,DIACOUNDA,SN110101,localite,27,7342.0
SEDHIOU,BOUNKILING,BOUNKILING,BONA,INOR,SN110101,commune,2,101.0
SEDHIOU,BOUNKILING,BOUNKILING,BONA,INOR,SN110101,localite,36,8538.0
SEDHIOU,BOUNKILING,BOUNKILING,BONA,KANDION MANGANA,SN110101,commune,1,81.0
SEDHIOU,BOUNKILING,BOUNKILING,BONA,KANDION MANGANA,SN110101,localite,17,1556.0
SEDHIOU,BOUNKILING,BOUNKILING,COM. BOUNKILING,COM. BOUNKILING,SN110101,localite,7,6416.0
SEDHIOU,BOUNKILING,BOUNKILING,COM. MADINA WANDIFA,COM. MADINA WANDIFA,SN110103,commune,1,1064.0
SEDHIOU,BOUNKILING,BOUNKILING,COM. MADINA WANDIFA,COM. MADINA WANDIFA,SN110103,localite,8,11139.0
SEDHIOU,BOUNKILING,BOUNKILING,COM. NDIAMACOUTA,COM. NDIAMACOUTA,SN110102,localite,1,7179.0
SEDHIOU,BOUNKILING,BOUNKILING,DIAROUME,DIAMBATY,SN110103,localite,64,9037.0
SEDHIOU,BOUNKILING,BOUNKILING,DIAROUME,DIAMBATY,SN110103,majorite_commune_2013,11,1231.0
SEDHIOU,BOUNKILING,BOUNKILING,DIAROUME,DIAROUME,SN110103,commune,7,1046.0
SEDHIOU,BOUNKILING,BOUNKILING,DIAROUME,DIAROUME,SN110103,localite,41,16877.0
SEDHIOU,BOUNKILING,BOUNKILING,DIAROUME,FAOUNE,SN110103,commune,1,112.0
SEDHIOU,BOUNKILING,BOUNKILING,DIAROUME,FAOUNE,SN110103,localite,29,13349.0
SEDHIOU,GOUDOMP,GOUDOMP,COM. DIATTACOUNDA,COM. DIATTACOUNDA,SN110202,localite,5,4355.0
SEDHIOU,GOUDOMP,GOUDOMP,COM. GOUDOMP,COM. GOUDOMP,SN110202,localite,4,12869.0
SEDHIOU,GOUDOMP,GOUDOMP,COM. SAMINE,COM. SAMINE,SN110202,localite,6,4848.0
SEDHIOU,GOUDOMP,GOUDOMP,COM. TANAFF,COM. TANAFF,SN110201,localite,5,4832.0
SEDHIOU,GOUDOMP,GOUDOMP,DJIBANAR,DJIBANAR,SN110202,commune,20,4.0
SEDHIOU,GOUDOMP,GOUDOMP,DJIBANAR,DJIBANAR,SN110202,localite,6,10543.0
SEDHIOU,GOUDOMP,GOUDOMP,DJIBANAR,KAOUR,SN110202,commune,6,0.0
SEDHIOU,GOUDOMP,GOUDOMP,DJIBANAR,KAOUR,SN110202,localite,10,4784.0
SEDHIOU,GOUDOMP,GOUDOMP,DJIBANAR,MANGAROUNGOU SANTO,SN110202,commune,1,59.0
SEDHIOU,GOUDOMP,GOUDOMP,DJIBANAR,MANGAROUNGOU SANTO,SN110202,localite,23,12429.0
SEDHIOU,GOUDOMP,GOUDOMP,DJIBANAR,SIMBADI BALANTE,SN110202,localite,40,20746.0
SEDHIOU,GOUDOMP,GOUDOMP,DJIBANAR,SIMBADI BALANTE,SN110202,majorite_commune_2013,1,763.0
SEDHIOU,GOUDOMP,GOUDOMP,DJIBANAR,YARANG BALANTE,SN110202,commune,3,96.0
SEDHIOU,GOUDOMP,GOUDOMP,DJIBANAR,YARANG BALANTE,SN110202,localite,41,12206.0
SEDHIOU,GOUDOMP,GOUDOMP,KARANTABA,KARANTABA,SN110203,localite,13,14250.0
SEDHIOU,GOUDOMP,GOUDOMP,KARANTABA,KOLIBANTANG,SN110203,commune,4,439.0
SEDHIOU,GOUDOMP,GOUDOMP,KARANTABA,KOLIBANTANG,SN110203,localite,26,9135.0
SEDHIOU,GOUDOMP,GOUDOMP,SIMBANDI BRASSOU,BAGHERE,SN110201,commune,2,948.0
SEDHIOU,GOUDOMP,GOUDOMP,SIMBANDI BRASSOU,BAGHERE,SN110201,localite,25,9850.0
SEDHIOU,GOUDOMP,GOUDOMP,SIMBANDI BRASSOU,DIOUBOUDOU,SN110201,commune,3,905.0
SEDHIOU,GOUDOMP,GOUDOMP,SIMBANDI BRASSOU,DIOUBOUDOU,SN110201,localite,13,4602.0
SEDHIOU,GOUDOMP,GOUDOMP,SIMBANDI BRASSOU,NIAGHA,SN110201,commune,7,189.0
SEDHIOU,GOUDOMP,GOUDOMP,SIMBANDI BRASSOU,NIAGHA,SN110201,localite,46,12132.0
SEDHIOU,GOUDOMP,GOUDOMP,SIMBANDI BRASSOU,SIMBANDI BRASSOU,SN110201,commune,1,93.0
SEDHIOU,GOUDOMP,GOUDOMP,SIMBANDI BRASSOU,SIMBANDI BRASSOU,SN110201,localite,20,15015.0
SEDHIOU,SEDHIOU,SEDHIOU,COM. DIANAH MALARY,COM. DIANAH MALARY,SN110301,localite,3,3065.0
SEDHIOU,SEDHIOU,SEDHIOU,COM. MARSASSOUM,COM. MARSASSOUM,SN110302,commune,1,994.0
SEDHIOU,SEDHIOU,SEDHIOU,COM. MARSASSOUM,COM. MARSASSOUM,SN110302,localite,7,6033.0
SEDHIOU,SEDHIOU,SEDHIOU,COM. SEDHIOU,COM. SEDHIOU,SN110301,commune,2,1302.0
SEDHIOU,SEDHIOU,SEDHIOU,COM. SEDHIOU,COM. SEDHIOU,SN110301,localite,7,22909.0
SEDHIOU,SEDHIOU,SEDHIOU,DIENDE,DIANNAH BA,SN110301,commune,4,3103.0
SEDHIOU,SEDHIOU,SEDHIOU,DIENDE,DIANNAH BA,SN110301,localite,21,4103.0
SEDHIOU,SEDHIOU,SEDHIOU,DIENDE,DIENDE,SN110301,commune,6,2048.0
SEDHIOU,SEDHIOU,SEDHIOU,DIENDE,DIENDE,SN110301,localite,27,10435.0
SEDHIOU,SEDHIOU,SEDHIOU,DIENDE,KOUSSY,SN110301,commune,4,535.0
SEDHIOU,SEDHIOU,SEDHIOU,DIENDE,KOUSSY,SN110301,localite,31,7842.0
SEDHIOU,SEDHIOU,SEDHIOU,DIENDE,OUDOUCAR,SN110301,commune,1,74.0
SEDHIOU,SEDHIOU,SEDHIOU,DIENDE,OUDOUCAR,SN110301,localite,18,10280.0
SEDHIOU,SEDHIOU,SEDHIOU,DIENDE,SAKAR,SN110301,commune,4,394.0
SEDHIOU,SEDHIOU,SEDHIOU,DIENDE,SAKAR,SN110301,localite,28,8634.0
SEDHIOU,SEDHIOU,SEDHIOU,DIENDE,SAMA KANTA PEULH,SN110301,commune,6,841.0
SEDHIOU,SEDHIOU,SEDHIOU,DIENDE,SAMA KANTA PEULH,SN110301,localite,24,3007.0
SEDHIOU,SEDHIOU,SEDHIOU,DJIBABOUYA,BENET- BIJINI,SN110302,localite,22,10659.0
SEDHIOU,SEDHIOU,SEDHIOU,DJIBABOUYA,BENET- BIJINI,SN110302,majorite_commune_2013,1,185.0
SEDHIOU,SEDHIOU,SEDHIOU,DJIBABOUYA,DJIBABOUYA,SN110302,commune,1,56.0
SEDHIOU,SEDHIOU,SEDHIOU,DJIBABOUYA,DJIBABOUYA,SN110302,localite,6,5685.0
SEDHIOU,SEDHIOU,SEDHIOU,DJIBABOUYA,SANSAMBA,SN110302,commune,11,1204.0
SEDHIOU,SEDHIOU,SEDHIOU,DJIBABOUYA,SANSAMBA,SN110302,localite,34,12588.0
SEDHIOU,SEDHIOU,SEDHIOU,DJIREDJI,BAMBALI,SN110303,localite,35,14451.0
SEDHIOU,SEDHIOU,SEDHIOU,DJIREDJI,BAMBALI,SN110303,majorite_commune_2013,4,2876.0
SEDHIOU,SEDHIOU,SEDHIOU,DJIREDJI,DJIREDJI,SN110303,commune,3,512.0
SEDHIOU,SEDHIOU,SEDHIOU,DJIREDJI,DJIREDJI,SN110303,localite,39,17497.0
TAMBACOUNDA,BAKEL,BAKEL,BELE,BELE,SN120103,commune,5,1415.0
TAMBACOUNDA,BAKEL,BAKEL,BELE,BELE,SN120103,localite,34,15569.0
TAMBACOUNDA,BAKEL,BAKEL,BELE,SINTHIOU-FISSA,SN120103,commune,12,2640.0
TAMBACOUNDA,BAKEL,BAKEL,BELE,SINTHIOU-FISSA,SN120103,localite,20,5689.0
TAMBACOUNDA,BAKEL,BAKEL,COM .KIDIRA,COM .KIDIRA,SN120103,localite,8,10063.0
TAMBACOUNDA,BAKEL,BAKEL,COM. BAKEL,COM. BAKEL,SN120102,commune,2,5975.0
TAMBACOUNDA,BAKEL,BAKEL,COM. BAKEL,COM. BAKEL,SN120102,localite,5,7353.0
TAMBACOUNDA,BAKEL,BAKEL,COM. DIAWARA,COM. DIAWARA,SN120102,commune,2,4837.0
TAMBACOUNDA,BAKEL,BAKEL,COM. DIAWARA,COM. DIAWARA,SN120102,localite,1,2704.0
TAMBACOUNDA,BAKEL,BAKEL,KENIEBA,GATHIARY,SN120101,commune,1,31.0
TAMBACOUNDA,BAKEL,BAKEL,KENIEBA,GATHIARY,SN120101,localite,9,3009.0
TAMBACOUNDA,BAKEL,BAKEL,KENIEBA,MADINA FOULBE,SN120101,commune,2,24.0
TAMBACOUNDA,BAKEL,BAKEL,KENIEBA,MADINA FOULBE,SN120101,localite,14,2298.0
TAMBACOUNDA,BAKEL,BAKEL,KENIEBA,SADATOU,SN120101,commune,9,2205.0
TAMBACOUNDA,BAKEL,BAKEL,KENIEBA,SADATOU,SN120101,localite,21,7637.0
TAMBACOUNDA,BAKEL,BAKEL,KENIEBA,TOUMBOURA,SN120101,localite,7,3483.0
TAMBACOUNDA,BAKEL,BAKEL,MOUDERY,BALLOU,SN120102,commune,1,831.0
TAMBACOUNDA,BAKEL,BAKEL,MOUDERY,BALLOU,SN120102,localite,10,20513.0
TAMBACOUNDA,BAKEL,BAKEL,MOUDERY,GABOU,SN120102,commune,4,332.0
TAMBACOUNDA,BAKEL,BAKEL,MOUDERY,GABOU,SN120102,localite,43,18669.0
TAMBACOUNDA,BAKEL,BAKEL,MOUDERY,MOUDERY,SN120102,commune,6,974.0
TAMBACOUNDA,BAKEL,BAKEL,MOUDERY,MOUDERY,SN120102,localite,21,22615.0
TAMBACOUNDA,GOUDIRY,GOUDIRY,BALA,BALA,SN120203,commune,9,1837.0
TAMBACOUNDA,GOUDIRY,GOUDIRY,BALA,BALA,SN120203,localite,26,4261.0
TAMBACOUNDA,GOUDIRY,GOUDIRY,BALA,BALA,SN120204,localite,1,53.0
TAMBACOUNDA,GOUDIRY,GOUDIRY,BALA,GOUMBAYEL,SN120203,commune,19,1412.0
TAMBACOUNDA,GOUDIRY,GOUDIRY,BALA,GOUMBAYEL,SN120203,localite,32,3807.0
TAMBACOUNDA,GOUDIRY,GOUDIRY,BALA,KOAR,SN120203,commune,1,126.0
TAMBACOUNDA,GOUDIRY,GOUDIRY,BALA,KOAR,SN120203,localite,21,8384.0
TAMBACOUNDA,GOUDIRY,GOUDIRY,BOYNGUEL BAMBA,BOYNGUEL BAMBA,SN120204,commune,30,2334.0
TAMBACOUNDA,GOUDIRY,GOUDIRY,BOYNGUEL BAMBA,BOYNGUEL BAMBA,SN120204,localite,27,9244.0
TAMBACOUNDA,GOUDIRY,GOUDIRY,BOYNGUEL BAMBA,DOUGUE,SN120204,commune,15,384.0
TAMBACOUNDA,GOUDIRY,GOUDIRY,BOYNGUEL BAMBA,DOUGUE,SN120204,localite,14,6866.0
TAMBACOUNDA,GOUDIRY,GOUDIRY,BOYNGUEL BAMBA,KOUSSAN,SN120204,commune,3,244.0
TAMBACOUNDA,GOUDIRY,GOUDIRY,BOYNGUEL BAMBA,KOUSSAN,SN120204,localite,16,7456.0
TAMBACOUNDA,GOUDIRY,GOUDIRY,BOYNGUEL BAMBA,SINTHIOU MAMADOU BOUBOU,SN120204,commune,29,3288.0
TAMBACOUNDA,GOUDIRY,GOUDIRY,BOYNGUEL BAMBA,SINTHIOU MAMADOU BOUBOU,SN120204,localite,53,10399.0
TAMBACOUNDA,GOUDIRY,GOUDIRY,COM. GOUDIRY,COM. GOUDIRY,SN120202,commune,5,4649.0
TAMBACOUNDA,GOUDIRY,GOUDIRY,COM. GOUDIRY,COM. GOUDIRY,SN120202,localite,6,2218.0
TAMBACOUNDA,GOUDIRY,GOUDIRY,COM. KOTHIARY,COM. KOTHIARY,SN120202,commune,2,1414.0
TAMBACOUNDA,GOUDIRY,GOUDIRY,COM. KOTHIARY,COM. KOTHIARY,SN120202,localite,6,2830.0
TAMBACOUNDA,GOUDIRY,GOUDIRY,DIANKE MAKHA,BANI   ISRAEL,SN120201,commune,29,806.0
TAMBACOUNDA,GOUDIRY,GOUDIRY,DIANKE MAKHA,BANI   ISRAEL,SN120201,localite,19,4575.0
TAMBACOUNDA,GOUDIRY,GOUDIRY,DIANKE MAKHA,BOUTOUCOUFARA,SN120201,commune,6,928.0
TAMBACOUNDA,GOUDIRY,GOUDIRY,DIANKE MAKHA,BOUTOUCOUFARA,SN120201,localite,13,4801.0
TAMBACOUNDA,GOUDIRY,GOUDIRY,DIANKE MAKHA,DIANKE MAKHA,SN120201,commune,13,1567.0
TAMBACOUNDA,GOUDIRY,GOUDIRY,DIANKE MAKHA,DIANKE MAKHA,SN120201,localite,22,5548.0
TAMBACOUNDA,GOUDIRY,GOUDIRY,DIANKE MAKHA,KOMOTI,SN120201,commune,23,1618.0
TAMBACOUNDA,GOUDIRY,GOUDIRY,DIANKE MAKHA,KOMOTI,SN120201,localite,48,6795.0
TAMBACOUNDA,GOUDIRY,GOUDIRY,KOULOR,KOULOR,SN120202,commune,13,2559.0
TAMBACOUNDA,GOUDIRY,GOUDIRY,KOULOR,KOULOR,SN120202,localite,50,9073.0
TAMBACOUNDA,GOUDIRY,GOUDIRY,KOULOR,SINTHIOU BOCAR ALI,SN120202,localite,34,4369.0
TAMBACOUNDA,GOUDIRY,GOUDIRY,KOULOR,SINTHIOU BOCAR ALI,SN120202,majorite_commune_2013,20,978.0
TAMBACOUNDA,KOUPENTOUM,KOUMPENTOUM,BAMBA  THIALENE,BAMBA  THIALENE,SN120302,commune,1,138.0
TAMBACOUNDA,KOUPENTOUM,KOUMPENTOUM,BAMBA  THIALENE,BAMBA  THIALENE,SN120302,localite,24,15645.0
TAMBACOUNDA,KOUPENTOUM,KOUMPENTOUM,BAMBA  THIALENE,KAHENE,SN120302,commune,10,2198.0
TAMBACOUNDA,KOUPENTOUM,KOUMPENTOUM,BAMBA  THIALENE,KAHENE,SN120302,localite,32,13089.0
TAMBACOUNDA,KOUPENTOUM,KOUMPENTOUM,BAMBA  THIALENE,MERETO,SN120302,commune,4,1322.0
TAMBACOUNDA,KOUPENTOUM,KOUMPENTOUM,BAMBA  THIALENE,MERETO,SN120302,localite,19,11973.0
TAMBACOUNDA,KOUPENTOUM,KOUMPENTOUM,BAMBA  THIALENE,N’DAME,SN120302,commune,3,2024.0
TAMBACOUNDA,KOUPENTOUM,KOUMPENTOUM,BAMBA  THIALENE,N’DAME,SN120302,localite,24,7717.0
TAMBACOUNDA,KOUPENTOUM,KOUMPENTOUM,COM. KOUMPENTOUM,COM. KOUMPENTOUM,SN120302,commune,9,9909.0
TAMBACOUNDA,KOUPENTOUM,KOUMPENTOUM,COM. KOUMPENTOUM,COM. KOUMPENTOUM,SN120302,localite,1,113.0
TAMBACOUNDA,KOUPENTOUM,KOUMPENTOUM,COM. MALEM NIANI,COM. MALEM NIANI,SN120301,commune,1,535.0
TAMBACOUNDA,KOUPENTOUM,KOUMPENTOUM,COM. MALEM NIANI,COM. MALEM NIANI,SN120301,localite,5,1544.0
TAMBACOUNDA,KOUPENTOUM,KOUMPENTOUM,KOUTHIABA WOLOF,KOUTHIA GAYDI,SN120301,localite,45,9603.0
TAMBACOUNDA,KOUPENTOUM,KOUMPENTOUM,KOUTHIABA WOLOF,KOUTHIA GAYDI,SN120301,majorite_commune_2013,12,1056.0
TAMBACOUNDA,KOUPENTOUM,KOUMPENTOUM,KOUTHIABA WOLOF,KOUTHIABA WOLOF,SN120301,commune,19,2809.0
TAMBACOUNDA,KOUPENTOUM,KOUMPENTOUM,KOUTHIABA WOLOF,KOUTHIABA WOLOF,SN120301,localite,52,16652.0
TAMBACOUNDA,KOUPENTOUM,KOUMPENTOUM,KOUTHIABA WOLOF,PASS KOTO,SN120301,commune,6,1295.0
TAMBACOUNDA,KOUPENTOUM,KOUMPENTOUM,KOUTHIABA WOLOF,PASS KOTO,SN120301,localite,41,11120.0
TAMBACOUNDA,KOUPENTOUM,KOUMPENTOUM,KOUTHIABA WOLOF,PAYAR,SN120301,commune,31,4158.0
TAMBACOUNDA,KOUPENTOUM,KOUMPENTOUM,KOUTHIABA WOLOF,PAYAR,SN120301,localite,78,15543.0
TAMBACOUNDA,TAMBACOUNDA,TAMBACOUNDA,COM. TAMBACOUNDA,COM. TAMBACOUNDA,SN120403,commune,5,13409.0
TAMBACOUNDA,TAMBACOUNDA,TAMBACOUNDA,COM. TAMBACOUNDA,COM. TAMBACOUNDA,SN120403,localite,26,93887.0
TAMBACOUNDA,TAMBACOUNDA,TAMBACOUNDA,KOUSSANAR,KOUSSANAR,SN120403,commune,54,6172.0
TAMBACOUNDA,TAMBACOUNDA,TAMBACOUNDA,KOUSSANAR,KOUSSANAR,SN120403,localite,70,20186.0
TAMBACOUNDA,TAMBACOUNDA,TAMBACOUNDA,KOUSSANAR,SINTHIOU MALEM,SN120403,localite,54,16528.0
TAMBACOUNDA,TAMBACOUNDA,TAMBACOUNDA,KOUSSANAR,SINTHIOU MALEM,SN120403,majorite_commune_2013,33,3467.0
TAMBACOUNDA,TAMBACOUNDA,TAMBACOUNDA,MAKACOULIBANTANG,MAKACOULIBATANG,SN120402,localite,122,32697.0
TAMBACOUNDA,TAMBACOUNDA,TAMBACOUNDA,MAKACOULIBANTANG,MAKACOULIBATANG,SN120402,majorite_commune_2013,15,4871.0
TAMBACOUNDA,TAMBACOUNDA,TAMBACOUNDA,MAKACOULIBANTANG,NIANI TOUCOULEUR,SN120402,commune,3,1994.0
TAMBACOUNDA,TAMBACOUNDA,TAMBACOUNDA,MAKACOULIBANTANG,NIANI TOUCOULEUR,SN120402,localite,31,8980.0
TAMBACOUNDA,TAMBACOUNDA,TAMBACOUNDA,MAKACOULIBANTANG,N’DOGA BABACAR,SN120402,commune,13,2538.0
TAMBACOUNDA,TAMBACOUNDA,TAMBACOUNDA,MAKACOULIBANTANG,N’DOGA BABACAR,SN120402,localite,89,17615.0
TAMBACOUNDA,TAMBACOUNDA,TAMBACOUNDA,MISSIRAH,DIALACOTO,SN120401,commune,29,2996.0
TAMBACOUNDA,TAMBACOUNDA,TAMBACOUNDA,MISSIRAH,DIALACOTO,SN120401,localite,57,13452.0
TAMBACOUNDA,TAMBACOUNDA,TAMBACOUNDA,MISSIRAH,MISSIRAH,SN120401,commune,45,16925.0
TAMBACOUNDA,TAMBACOUNDA,TAMBACOUNDA,MISSIRAH,MISSIRAH,SN120401,localite,64,24741.0
TAMBACOUNDA,TAMBACOUNDA,TAMBACOUNDA,MISSIRAH,NETTE BOULOU,SN120401,commune,21,3007.0
TAMBACOUNDA,TAMBACOUNDA,TAMBACOUNDA,MISSIRAH,NETTE BOULOU,SN120401,localite,47,15693.0
THIES,M’BOUR,MBOUR,COM. GUEKOKH,COM. GUEKOKH,SN130102,localite,3,18925.0
THIES,M’BOUR,MBOUR,COM. GUEKOKH,COM. GUEKOKH,SN130102,majorite_commune_2013,1,8107.0
THIES,M’BOUR,MBOUR,COM. JOAL- FADIOUTH,COM. JOAL- FADIOUTH,SN130101,localite,8,15983.0
THIES,M’BOUR,MBOUR,COM. JOAL- FADIOUTH,COM. JOAL- FADIOUTH,SN130101,majorite_commune_2013,12,29918.0
THIES,M’BOUR,MBOUR,COM. M’BOUR,COM. M’BOUR,SN130101,localite,1,10793.0
THIES,M’BOUR,MBOUR,COM. M’BOUR,COM. M’BOUR,SN130102,commune,15,119531.0
THIES,M’BOUR,MBOUR,COM. M’BOUR,COM. M’BOUR,SN130102,localite,13,102452.0
THIES,M’BOUR,MBOUR,COM. N’GAPAROU,COM. N’GAPAROU,SN130102,commune,3,5628.0
THIES,M’BOUR,MBOUR,COM. N’GAPAROU,COM. N’GAPAROU,SN130102,localite,3,3897.0
THIES,M’BOUR,MBOUR,COM. POPOGUINE,COM. POPOGUINE,SN130102,localite,8,7521.0
THIES,M’BOUR,MBOUR,COM. POPOGUINE,COM. POPOGUINE,SN130102,majorite_commune_2013,1,1129.0
THIES,M’BOUR,MBOUR,COM. SALY PORTUDAL,COM. SALY PORTUDAL,SN130102,localite,16,26945.0
THIES,M’BOUR,MBOUR,COM. SOMONE,COM. SOMONE,SN130102,commune,2,1532.0
THIES,M’BOUR,MBOUR,COM. SOMONE,COM. SOMONE,SN130102,localite,5,3916.0
THIES,M’BOUR,MBOUR,COM. THIADIAYE,COM. THIADIAYE,SN130101,commune,2,2264.0
THIES,M’BOUR,MBOUR,COM. THIADIAYE,COM. THIADIAYE,SN130101,localite,8,12713.0
THIES,M’BOUR,MBOUR,FISSEL,FISSEL,SN130103,commune,34,8299.0
THIES,M’BOUR,MBOUR,FISSEL,FISSEL,SN130103,localite,73,30069.0
THIES,M’BOUR,MBOUR,FISSEL,N’DIAGANIAO,SN130103,commune,38,7857.0
THIES,M’BOUR,MBOUR,FISSEL,N’DIAGANIAO,SN130103,localite,90,38613.0
THIES,M’BOUR,MBOUR,SESSENE,N’GUENIENE,SN130101,commune,42,9884.0
THIES,M’BOUR,MBOUR,SESSENE,N’GUENIENE,SN130101,localite,50,24592.0
THIES,M’BOUR,MBOUR,SESSENE,SANDIARA,SN130101,commune,13,6724.0
THIES,M’BOUR,MBOUR,SESSENE,SANDIARA,SN130101,localite,24,21706.0
THIES,M’BOUR,MBOUR,SESSENE,SESSENE,SN130101,commune,27,8339.0
THIES,M’BOUR,MBOUR,SESSENE,SESSENE,SN130101,localite,59,16452.0
THIES,M’BOUR,MBOUR,SINDIA,DIASS,SN130102,commune,14,3442.0
THIES,M’BOUR,MBOUR,SINDIA,DIASS,SN130102,localite,25,26956.0
THIES,M’BOUR,MBOUR,SINDIA,MALICOUNDA,SN130102,commune,36,9859.0
THIES,M’BOUR,MBOUR,SINDIA,MALICOUNDA,SN130102,localite,43,51176.0
THIES,M’BOUR,MBOUR,SINDIA,SINDIA,SN130102,commune,32,9405.0
THIES,M’BOUR,MBOUR,SINDIA,SINDIA,SN130102,localite,29,24255.0
THIES,THIES,THIES,COM. CAYAR,COM. CAYAR,SN130201,localite,5,16307.0
THIES,THIES,THIES,COM. CAYAR,COM. CAYAR,SN130201,majorite_commune_2013,2,7279.0
THIES,THIES,THIES,COM. KHOMBOLE,COM. KHOMBOLE,SN130202,commune,1,3750.0
THIES,THIES,THIES,COM. KHOMBOLE,COM. KHOMBOLE,SN130202,localite,5,11836.0
THIES,THIES,THIES,COM. POUT,COM. POUT,SN130201,commune,3,7401.0
THIES,THIES,THIES,COM. POUT,COM. POUT,SN130201,localite,8,16328.0
THIES,THIES,THIES,KEUR MOUSSA,DIENDER GUEDJI,SN130201,localite,18,26815.0
THIES,THIES,THIES,KEUR MOUSSA,DIENDER GUEDJI,SN130201,majorite_commune_2013,3,6497.0
THIES,THIES,THIES,KEUR MOUSSA,FANDENE,SN130201,commune,8,2496.0
THIES,THIES,THIES,KEUR MOUSSA,FANDENE,SN130201,localite,51,25558.0
THIES,THIES,THIES,KEUR MOUSSA,KEUR MOUSSA,SN130201,commune,20,11998.0
THIES,THIES,THIES,KEUR MOUSSA,KEUR MOUSSA,SN130201,localite,76,27849.0
THIES,THIES,THIES,NOTTO,NOTTO,SN130203,commune,35,10174.0
THIES,THIES,THIES,NOTTO,NOTTO,SN130203,localite,109,31757.0
THIES,THIES,THIES,NOTTO,TASSETTE,SN130203,localite,76,13882.0
THIES,THIES,THIES,NOTTO,TASSETTE,SN130203,majorite_commune_2013,26,6385.0
THIES,THIES,THIES,THIENABA,N’DIEYENE SIRAKH,SN130202,commune,19,4421.0
THIES,THIES,THIES,THIENABA,N’DIEYENE SIRAKH,SN130202,localite,38,25694.0
THIES,THIES,THIES,THIENABA,N’GOUNDIANE,SN130202,localite,19,14078.0
THIES,THIES,THIES,THIENABA,N’GOUNDIANE,SN130202,majorite_commune_2013,16,10595.0
THIES,THIES,THIES,THIENABA,THIENABA,SN130202,commune,19,10832.0
THIES,THIES,THIES,THIENABA,THIENABA,SN130202,localite,53,13286.0
THIES,THIES,THIES,THIENABA,THIENABA,SN130203,localite,1,135.0
THIES,THIES,THIES,THIENABA,TOUBA TOUL,SN130202,commune,32,5195.0
THIES,THIES,THIES,THIENABA,TOUBA TOUL,SN130202,localite,96,39499.0
THIES,THIES,THIES,VILLE DE THIES,THIES EST,SN130201,commune,13,91322.0
THIES,THIES,THIES,VILLE DE THIES,THIES EST,SN130201,localite,10,41827.0
THIES,THIES,THIES,VILLE DE THIES,THIES NORD,SN130201,commune,5,23187.0
THIES,THIES,THIES,VILLE DE THIES,THIES NORD,SN130201,localite,18,80906.0
THIES,THIES,THIES,VILLE DE THIES,THIES OUEST,SN130201,commune,8,28666.0
THIES,THIES,THIES,VILLE DE THIES,THIES OUEST,SN130201,localite,15,51854.0
THIES,TIVAOUANE,TIVAOUANE,COM. MEKHE,COM. MEKHE,SN130304,commune,2,6097.0
THIES,TIVAOUANE,TIVAOUANE,COM. MEKHE,COM. MEKHE,SN130304,localite,5,16847.0
THIES,TIVAOUANE,TIVAOUANE,COM. M’BORO,COM. M’BORO,SN130303,commune,11,27147.0
THIES,TIVAOUANE,TIVAOUANE,COM. M’BORO,COM. M’BORO,SN130303,localite,1,545.0
THIES,TIVAOUANE,TIVAOUANE,COM. TIVAOUANE,COM. TIVAOUANE,SN130302,commune,7,4214.0
THIES,TIVAOUANE,TIVAOUANE,COM. TIVAOUANE,COM. TIVAOUANE,SN130302,localite,43,65339.0
THIES,TIVAOUANE,TIVAOUANE,MEOUANE,DAROU KHOUDOSS,SN130303,commune,76,21529.0
THIES,TIVAOUANE,TIVAOUANE,MEOUANE,DAROU KHOUDOSS,SN130303,localite,57,31893.0
THIES,TIVAOUANE,TIVAOUANE,MEOUANE,MEOUANE,SN130303,commune,49,11115.0
THIES,TIVAOUANE,TIVAOUANE,MEOUANE,MEOUANE,SN130303,localite,68,24508.0
THIES,TIVAOUANE,TIVAOUANE,MEOUANE,TAIBA N’DIAYE,SN130303,commune,9,7305.0
THIES,TIVAOUANE,TIVAOUANE,MEOUANE,TAIBA N’DIAYE,SN130303,localite,21,14961.0
THIES,TIVAOUANE,TIVAOUANE,MERINA-DAKHAR,KOUL,SN130304,commune,36,11770.0
THIES,TIVAOUANE,TIVAOUANE,MERINA-DAKHAR,KOUL,SN130304,localite,68,15099.0
THIES,TIVAOUANE,TIVAOUANE,MERINA-DAKHAR,MERINA DAKHAR,SN130304,commune,31,5178.0
THIES,TIVAOUANE,TIVAOUANE,MERINA-DAKHAR,MERINA DAKHAR,SN130304,localite,113,27172.0
THIES,TIVAOUANE,TIVAOUANE,MERINA-DAKHAR,PEKESSE,SN130304,commune,19,4296.0
THIES,TIVAOUANE,TIVAOUANE,MERINA-DAKHAR,PEKESSE,SN130304,localite,55,15463.0
THIES,TIVAOUANE,TIVAOUANE,NIAKHENE,M’BAYENE,SN130301,commune,40,3387.0
THIES,TIVAOUANE,TIVAOUANE,NIAKHENE,M’BAYENE,SN130301,localite,41,5930.0
THIES,TIVAOUANE,TIVAOUANE,NIAKHENE,NIAKHENE,SN130301,commune,19,2341.0
THIES,TIVAOUANE,TIVAOUANE,NIAKHENE,NIAKHENE,SN130301,localite,45,6565.0
THIES,TIVAOUANE,TIVAOUANE,NIAKHENE,N’GANDIOUF,SN130301,commune,36,6156.0
THIES,TIVAOUANE,TIVAOUANE,NIAKHENE,N’GANDIOUF,SN130301,localite,96,20114.0
THIES,TIVAOUANE,TIVAOUANE,NIAKHENE,THILMAKHA,SN130301,commune,39,5143.0
THIES,TIVAOUANE,TIVAOUANE,NIAKHENE,THILMAKHA,SN130301,localite,47,6573.0
THIES,TIVAOUANE,TIVAOUANE,PAMBAL,CHERIF LÖ,SN130302,commune,7,1550.0
THIES,TIVAOUANE,TIVAOUANE,PAMBAL,CHERIF LÖ,SN130302,localite,44,16262.0
THIES,TIVAOUANE,TIVAOUANE,PAMBAL,MONT- ROLLAND,SN130302,commune,9,2261.0
THIES,TIVAOUANE,TIVAOUANE,PAMBAL,MONT- ROLLAND,SN130302,localite,27,11862.0
THIES,TIVAOUANE,TIVAOUANE,PAMBAL,NOTTO GOUYE DIAMA,SN130302,commune,6,2174.0
THIES,TIVAOUANE,TIVAOUANE,PAMBAL,NOTTO GOUYE DIAMA,SN130302,localite,27,19637.0
THIES,TIVAOUANE,TIVAOUANE,PAMBAL,PAMBAL,SN130302,commune,4,1093.0
THIES,TIVAOUANE,TIVAOUANE,PAMBAL,PAMBAL,SN130302,localite,18,7240.0
THIES,TIVAOUANE,TIVAOUANE,PAMBAL,PIRE GOUREYE,SN130302,commune,16,2187.0
THIES,TIVAOUANE,TIVAOUANE,PAMBAL,PIRE GOUREYE,SN130302,localite,50,21188.0
ZIGUINCHOR,BIGNONA,BIGNONA,COM. BIGNONA,COM. BIGNONA,SN140102,commune,3,13353.0
ZIGUINCHOR,BIGNONA,BIGNONA,COM. BIGNONA,COM. BIGNONA,SN140102,localite,2,14474.0
ZIGUINCHOR,BIGNONA,BIGNONA,COM. DIOULOULOU,COM. DIOULOULOU,SN140101,commune,1,256.0
ZIGUINCHOR,BIGNONA,BIGNONA,COM. DIOULOULOU,COM. DIOULOULOU,SN140101,localite,9,5662.0
ZIGUINCHOR,BIGNONA,BIGNONA,COM. THIONCK-ESSYL,COM. THIONCK-ESSYL,SN140103,localite,4,8387.0
ZIGUINCHOR,BIGNONA,BIGNONA,KATABA I,DJINAKI,SN140101,localite,26,9552.0
ZIGUINCHOR,BIGNONA,BIGNONA,KATABA I,DJINAKI,SN140101,majorite_commune_2013,16,9968.0
ZIGUINCHOR,BIGNONA,BIGNONA,KATABA I,KAFOUNTINE,SN140101,commune,8,4766.0
ZIGUINCHOR,BIGNONA,BIGNONA,KATABA I,KAFOUNTINE,SN140101,localite,20,26574.0
ZIGUINCHOR,BIGNONA,BIGNONA,KATABA I,KATABA I,SN140101,localite,37,12249.0
ZIGUINCHOR,BIGNONA,BIGNONA,KATABA I,KATABA I,SN140101,majorite_commune_2013,16,11230.0
ZIGUINCHOR,BIGNONA,BIGNONA,SINDIAN,DJIBIDIONE,SN140104,commune,33,3659.0
ZIGUINCHOR,BIGNONA,BIGNONA,SINDIAN,DJIBIDIONE,SN140104,localite,30,4798.0
ZIGUINCHOR,BIGNONA,BIGNONA,SINDIAN,OULAMPANE,SN140104,commune,49,4863.0
ZIGUINCHOR,BIGNONA,BIGNONA,SINDIAN,OULAMPANE,SN140104,localite,47,8759.0
ZIGUINCHOR,BIGNONA,BIGNONA,SINDIAN,SINDIAN,SN140104,commune,25,4217.0
ZIGUINCHOR,BIGNONA,BIGNONA,SINDIAN,SINDIAN,SN140104,localite,20,7426.0
ZIGUINCHOR,BIGNONA,BIGNONA,SINDIAN,SUELLE,SN140104,commune,15,2094.0
ZIGUINCHOR,BIGNONA,BIGNONA,SINDIAN,SUELLE,SN140104,localite,23,7050.0
ZIGUINCHOR,BIGNONA,BIGNONA,TENDOUCK,BALINGORE,SN140103,localite,3,2978.0
ZIGUINCHOR,BIGNONA,BIGNONA,TENDOUCK,BALINGORE,SN140103,majorite_commune_2013,4,2519.0
ZIGUINCHOR,BIGNONA,BIGNONA,TENDOUCK,DIEGOUNE,SN140103,commune,2,3061.0
ZIGUINCHOR,BIGNONA,BIGNONA,TENDOUCK,DIEGOUNE,SN140103,localite,7,4449.0
ZIGUINCHOR,BIGNONA,BIGNONA,TENDOUCK,KARTHIACK,SN140103,localite,3,4627.0
ZIGUINCHOR,BIGNONA,BIGNONA,TENDOUCK,KARTHIACK,SN140103,majorite_commune_2013,2,3312.0
ZIGUINCHOR,BIGNONA,BIGNONA,TENDOUCK,MANGAGOULACK,SN140103,commune,3,789.0
ZIGUINCHOR,BIGNONA,BIGNONA,TENDOUCK,MANGAGOULACK,SN140103,localite,14,7689.0
ZIGUINCHOR,BIGNONA,BIGNONA,TENDOUCK,MLOMP,SN140103,commune,2,885.0
ZIGUINCHOR,BIGNONA,BIGNONA,TENDOUCK,MLOMP,SN140103,localite,1,2180.0
ZIGUINCHOR,BIGNONA,BIGNONA,TENGHORY,COUBALAN,SN140102,commune,6,695.0
ZIGUINCHOR,BIGNONA,BIGNONA,TENGHORY,COUBALAN,SN140102,localite,15,11422.0
ZIGUINCHOR,BIGNONA,BIGNONA,TENGHORY,NIAMONE,SN140102,commune,4,1545.0
ZIGUINCHOR,BIGNONA,BIGNONA,TENGHORY,NIAMONE,SN140102,localite,16,6036.0
ZIGUINCHOR,BIGNONA,BIGNONA,TENGHORY,OUONCK,SN140102,commune,6,1343.0
ZIGUINCHOR,BIGNONA,BIGNONA,TENGHORY,OUONCK,SN140102,localite,24,8950.0
ZIGUINCHOR,BIGNONA,BIGNONA,TENGHORY,TENGHORY,SN140102,localite,25,26397.0
ZIGUINCHOR,BIGNONA,BIGNONA,TENGHORY,TENGHORY,SN140102,majorite_commune_2013,20,4346.0
ZIGUINCHOR,OUSSOUYE,OUSSOUYE,CABROUSSE,DJEMBERING,SN140202,localite,11,6822.0
ZIGUINCHOR,OUSSOUYE,OUSSOUYE,CABROUSSE,DJEMBERING,SN140202,majorite_commune_2013,18,14102.0
ZIGUINCHOR,OUSSOUYE,OUSSOUYE,CABROUSSE,SANTHIABA MANJACQUE,SN140202,localite,6,1134.0
ZIGUINCHOR,OUSSOUYE,OUSSOUYE,CABROUSSE,SANTHIABA MANJACQUE,SN140202,majorite_commune_2013,10,1856.0
ZIGUINCHOR,OUSSOUYE,OUSSOUYE,COM. OUSSOUYE,COM. OUSSOUYE,SN140201,commune,3,2972.0
ZIGUINCHOR,OUSSOUYE,OUSSOUYE,COM. OUSSOUYE,COM. OUSSOUYE,SN140201,localite,2,1855.0
ZIGUINCHOR,OUSSOUYE,OUSSOUYE,LOUDIA OUOLOF,MLOMP,SN140201,commune,19,5487.0
ZIGUINCHOR,OUSSOUYE,OUSSOUYE,LOUDIA OUOLOF,MLOMP,SN140201,localite,9,5749.0
ZIGUINCHOR,OUSSOUYE,OUSSOUYE,LOUDIA OUOLOF,OUKOUT,SN140201,commune,7,2931.0
ZIGUINCHOR,OUSSOUYE,OUSSOUYE,LOUDIA OUOLOF,OUKOUT,SN140201,localite,14,5420.0
ZIGUINCHOR,ZIGUINCHOR,ZIGUINCHOR,COM. ZIGUINCHOR,COM. ZIGUINCHOR,SN140301,commune,4,53226.0
ZIGUINCHOR,ZIGUINCHOR,ZIGUINCHOR,COM. ZIGUINCHOR,COM. ZIGUINCHOR,SN140301,localite,22,152066.0
ZIGUINCHOR,ZIGUINCHOR,ZIGUINCHOR,NIAGUIS,ADEANE,SN140301,commune,15,9114.0
ZIGUINCHOR,ZIGUINCHOR,ZIGUINCHOR,NIAGUIS,ADEANE,SN140301,localite,5,8466.0
ZIGUINCHOR,ZIGUINCHOR,ZIGUINCHOR,NIAGUIS,BOUTOUPA CAMARA,SN140301,nom_arrondissement,66,5150.0
ZIGUINCHOR,ZIGUINCHOR,ZIGUINCHOR,NIAGUIS,NIAGUIS,SN140301,commune,26,6451.0
ZIGUINCHOR,ZIGUINCHOR,ZIGUINCHOR,NIAGUIS,NIAGUIS,SN140301,localite,8,4047.0
ZIGUINCHOR,ZIGUINCHOR,ZIGUINCHOR,NYASSIA,ENAMPORE,SN140302,commune,11,1556.0
ZIGUINCHOR,ZIGUINCHOR,ZIGUINCHOR,NYASSIA,ENAMPORE,SN140302,localite,13,3105.0
ZIGUINCHOR,ZIGUINCHOR,ZIGUINCHOR,NYASSIA,NYASSIA,SN140302,localite,21,4720.0
ZIGUINCHOR,ZIGUINCHOR,ZIGUINCHOR,NYASSIA,NYASSIA,SN140302,majorite_commune_2013,21,360.0
