pcode,nom,region,score_geometrique,rang_geometrique,score_moyenne_simple,rang_moyenne_simple,score_alea_x2,rang_alea_x2,score_exposition_x2,rang_exposition_x2,score_vulnerabilite_x2,rang_vulnerabilite_x2,score_sans_vulnerabilite,rang_sans_vulnerabilite,rang_min,rang_max,amplitude_rang
SN0703,Vélingara,Kolda,0.7816,1,0.7935,1,0.8102,1,0.7343,1,0.8028,1,0.7411,1,1,1,0
SN1204,Tambacounda,Tambacounda,0.7175,2,0.7464,2,0.7666,3,0.6483,4,0.7432,2,0.6687,5,2,5,3
SN0701,Kolda,Kolda,0.7155,3,0.7391,3,0.7779,2,0.6680,3,0.7049,4,0.7372,2,2,4,2
SN0503,Nioro du Rip,Kaolack,0.7077,4,0.7138,4,0.6754,4,0.7282,2,0.7206,3,0.6825,4,2,4,2
SN1101,Bounkiling,Sédhiou,0.6108,5,0.6558,7,0.6310,6,0.5347,10,0.6753,5,0.4995,16,5,16,11
SN1102,Goudomp,Sédhiou,0.5843,6,0.6159,8,0.6514,5,0.5393,9,0.5680,9,0.6184,9,5,9,4
SN0302,Foundiougne,Fatick,0.5633,7,0.5725,14,0.5794,8,0.5843,6,0.5280,14,0.6412,6,6,14,8
SN1301,Mbour,Thiès,0.5613,8,0.5978,11,0.5568,11,0.6282,5,0.5056,19,0.6917,3,3,19,16
SN1103,Sédhiou,Sédhiou,0.5364,9,0.5761,13,0.5935,7,0.4696,18,0.5536,10,0.5035,15,7,18,11
SN0401,Birkelane,Kaffrine,0.5288,10,0.5616,17,0.5067,17,0.4904,15,0.5950,7,0.4176,25,7,25,18
SN0901,Kanel,Matam,0.5191,11,0.5399,21,0.5628,10,0.4733,17,0.5251,15,0.5073,14,10,21,11
SN0502,Kaolack,Kaolack,0.5133,12,0.5688,15,0.4378,24,0.5819,7,0.5308,13,0.4799,21,7,24,17
SN0801,Kébémer,Louga,0.5123,13,0.5181,23,0.5251,14,0.5276,11,0.4855,22,0.5706,12,11,23,12
SN1203,Koumpentoum,Tambacounda,0.5106,14,0.6123,9,0.5473,12,0.4072,23,0.5973,6,0.3730,27,6,27,21
SN0702,Médina-Yorofoula,Kolda,0.5029,15,0.5942,12,0.5749,9,0.4026,24,0.5496,11,0.4211,24,9,24,15
SN0104,Rufisque,Dakar,0.4987,16,0.5616,18,0.4285,25,0.5801,8,0.4990,21,0.4981,17,8,25,17
SN0403,Koungheul,Kaffrine,0.4976,17,0.5543,19,0.4954,19,0.4320,21,0.5756,8,0.3718,28,8,28,20
SN0902,Matam,Matam,0.4846,18,0.4891,27,0.4656,21,0.5060,14,0.4830,23,0.4878,19,14,27,13
SN1403,Ziguinchor,Ziguinchor,0.4816,19,0.5181,23,0.5195,15,0.5151,12,0.4174,24,0.6412,6,6,24,18
SN0402,Kaffrine,Kaffrine,0.4786,20,0.4927,26,0.4419,23,0.4839,16,0.5127,18,0.4170,26,16,26,10
SN1201,Bakel,Tambacounda,0.4572,21,0.5652,16,0.5156,16,0.3533,31,0.5248,16,0.3471,33,16,33,17
SN0601,Kédougou,Kédougou,0.4367,22,0.6812,5,0.5342,13,0.2917,37,0.5342,12,0.2917,36,5,37,32
SN1202,Goudiry,Tambacounda,0.4300,23,0.6087,10,0.4995,18,0.3049,34,0.5222,17,0.2917,38,10,38,28
SN0105,Keur Massar,Dakar,0.4133,24,0.5000,25,0.3722,26,0.5098,13,0.3722,27,0.5098,13,13,27,14
SN0603,Saraya,Kédougou,0.3966,25,0.6739,6,0.4942,20,0.2525,40,0.4997,20,0.2497,40,6,40,34
SN1401,Bignona,Ziguinchor,0.3856,26,0.4384,33,0.4570,22,0.3667,30,0.3422,30,0.4897,18,18,33,15
SN1303,Tivaouane,Thiès,0.3806,27,0.4674,28,0.3027,36,0.4573,20,0.3983,26,0.3475,32,20,36,16
SN0203,Mbacké,Diourbel,0.3637,28,0.5435,20,0.2543,39,0.4658,19,0.4061,25,0.2917,36,19,39,20
SN0803,Louga,Louga,0.3504,29,0.3986,35,0.3029,35,0.4126,22,0.3441,29,0.3632,30,22,35,13
SN0802,Linguère,Louga,0.3468,30,0.3587,42,0.3692,28,0.3160,33,0.3574,28,0.3264,35,28,42,14
SN0303,Gossas,Fatick,0.3386,31,0.3514,43,0.3712,27,0.3173,32,0.3297,33,0.3572,31,27,43,16
SN0201,Bambey,Diourbel,0.3225,32,0.4493,32,0.3637,29,0.3968,25,0.2324,40,0.6210,8,8,40,32
SN0301,Fatick,Fatick,0.3209,33,0.3949,36,0.3222,32,0.3924,27,0.2614,36,0.4837,20,20,36,16
SN1302,Thiès,Thiès,0.3002,34,0.4130,34,0.2769,37,0.3928,26,0.2486,38,0.4375,23,23,38,15
SN1003,Saint Louis,Saint-Louis,0.2903,35,0.3732,40,0.2554,38,0.3693,29,0.2593,37,0.3638,29,29,40,11
SN0103,Pikine,Dakar,0.2851,36,0.4601,30,0.3065,34,0.3837,28,0.1972,42,0.5963,11,11,42,31
SN1402,Oussouye,Ziguinchor,0.2710,37,0.3804,37,0.3581,30,0.2257,43,0.2463,39,0.3282,34,30,43,13
SN0602,Salémata,Kédougou,0.2662,38,0.5217,22,0.3568,31,0.1575,45,0.3358,32,0.1673,42,22,45,23
SN0404,Malem-Hodar,Kaffrine,0.2565,39,0.3623,41,0.2166,42,0.2290,42,0.3401,31,0.1458,43,31,43,12
SN0903,Ranérou,Matam,0.2448,40,0.4601,30,0.3074,33,0.1479,46,0.3227,34,0.1409,44,30,46,16
SN0501,Guinguinéo,Kaolack,0.2316,41,0.3804,37,0.1525,44,0.2694,39,0.3025,35,0.1358,45,35,45,10
SN0102,Guédiawaye,Dakar,0.2137,42,0.3804,37,0.2269,41,0.2997,36,0.1436,45,0.4738,22,22,45,23
SN0101,Dakar,Dakar,0.2021,43,0.4674,29,0.2367,40,0.3014,35,0.1157,46,0.6168,10,10,46,36
SN0202,Diourbel,Diourbel,0.2018,44,0.3044,44,0.1729,43,0.2750,38,0.1729,44,0.2750,39,38,44,6
SN1002,Podor,Saint-Louis,0.1948,45,0.2681,46,0.1482,45,0.2492,41,0.2002,41,0.1844,41,41,46,5
SN1001,Dagana,Saint-Louis,0.1510,46,0.2753,45,0.0930,46,0.1991,44,0.1861,43,0.0995,46,43,46,3
