pcode,departement,rang,indice_risque,rang_faible_avant_normalisation,indice_faible_avant_normalisation,rang_faible_apres_normalisation,indice_faible_apres_normalisation,rang_normal_avant_normalisation,indice_normal_avant_normalisation,rang_normal_apres_normalisation,indice_normal_apres_normalisation,rang_eleve_avant_normalisation,indice_eleve_avant_normalisation,rang_eleve_apres_normalisation,indice_eleve_apres_normalisation,rang_tres_eleve_avant_normalisation,indice_tres_eleve_avant_normalisation,rang_tres_eleve_apres_normalisation,indice_tres_eleve_apres_normalisation,rang_indetermine_avant_normalisation,indice_indetermine_avant_normalisation,rang_indetermine_apres_normalisation,indice_indetermine_apres_normalisation
SN0703,Vélingara,1,0.7816,1,0.7816,1,0.7547,1,0.7816,1,0.7816,1,0.7816,1,0.8069,1,0.7816,1,0.8069,1,0.7816,1,0.7816
SN1204,Tambacounda,2,0.7175,2,0.7175,2,0.6927,2,0.7175,2,0.7175,2,0.7175,2,0.7338,2,0.7175,2,0.7338,2,0.7175,2,0.7175
SN0701,Kolda,3,0.7155,3,0.7155,3,0.6908,3,0.7155,3,0.7155,3,0.7155,4,0.7155,3,0.7155,4,0.7155,3,0.7155,3,0.7155
SN0503,Nioro du Rip,4,0.7076,4,0.7077,4,0.6833,4,0.7077,4,0.7077,4,0.7077,3,0.7305,4,0.7077,3,0.7305,4,0.7077,4,0.7077
SN1101,Bounkiling,5,0.6108,5,0.6108,5,0.5897,5,0.6108,5,0.6108,5,0.6108,5,0.6305,5,0.6108,5,0.6305,5,0.6108,5,0.6108
SN1102,Goudomp,6,0.5844,6,0.5843,6,0.5642,6,0.5843,6,0.5843,6,0.5843,6,0.6032,6,0.5843,6,0.6032,6,0.5843,6,0.5843
SN0302,Foundiougne,7,0.5633,7,0.5633,7,0.5439,7,0.5633,7,0.5633,7,0.5633,7,0.5815,7,0.5633,7,0.5815,7,0.5633,7,0.5633
SN1301,Mbour,8,0.5613,8,0.5613,8,0.5419,8,0.5613,8,0.5613,8,0.5613,8,0.5794,8,0.5613,8,0.5794,8,0.5613,8,0.5613
SN1103,Sédhiou,9,0.5364,9,0.5364,9,0.5179,9,0.5364,9,0.5364,9,0.5364,9,0.5537,9,0.5364,9,0.5537,9,0.5364,9,0.5364
SN0401,Birkelane,10,0.5288,10,0.533,10,0.5105,10,0.533,10,0.5288,10,0.533,10,0.5459,10,0.533,10,0.5459,10,0.533,10,0.5288
SN0901,Kanel,11,0.5191,11,0.5191,11,0.5012,11,0.5191,11,0.5191,11,0.5191,11,0.5358,11,0.5191,11,0.5358,11,0.5191,11,0.5191
SN0502,Kaolack,12,0.5133,12,0.5133,12,0.4956,12,0.5133,12,0.5133,12,0.5133,12,0.5298,12,0.5133,12,0.5298,12,0.5133,12,0.5133
SN0801,Kébémer,13,0.5123,13,0.5123,13,0.4946,13,0.5123,13,0.5123,13,0.5123,13,0.5289,13,0.5123,13,0.5289,13,0.5123,13,0.5123
SN1203,Koumpentoum,14,0.5106,14,0.5106,14,0.493,14,0.5106,14,0.5106,14,0.5106,14,0.5271,14,0.5106,14,0.5271,14,0.5106,14,0.5106
SN0702,Médina-Yorofoula,15,0.5029,15,0.5029,15,0.4856,15,0.5029,15,0.5029,15,0.5029,15,0.5192,15,0.5029,15,0.5192,15,0.5029,15,0.5029
SN0104,Rufisque,16,0.4987,16,0.4987,16,0.4815,16,0.4987,16,0.4987,16,0.4987,16,0.5148,16,0.4987,16,0.5148,16,0.4987,16,0.4987
SN0403,Koungheul,17,0.4976,17,0.4939,17,0.4804,17,0.4939,17,0.4976,17,0.4939,17,0.5136,17,0.4939,17,0.5136,17,0.4939,17,0.4976
SN0902,Matam,18,0.4846,19,0.4846,18,0.4679,19,0.4846,18,0.4846,19,0.4846,18,0.5002,19,0.4846,18,0.5002,19,0.4846,18,0.4846
SN1403,Ziguinchor,19,0.4816,20,0.4816,19,0.465,20,0.4816,19,0.4816,20,0.4816,19,0.4972,20,0.4816,19,0.4972,20,0.4816,19,0.4816
SN0402,Kaffrine,20,0.4786,18,0.4884,20,0.4621,18,0.4884,20,0.4786,18,0.4884,20,0.494,18,0.4884,20,0.494,18,0.4884,20,0.4786
SN1201,Bakel,21,0.4573,21,0.4572,21,0.4415,21,0.4572,21,0.4572,21,0.4572,21,0.472,21,0.4572,21,0.472,21,0.4572,21,0.4572
SN0601,Kédougou,22,0.4366,22,0.4367,22,0.4216,22,0.4367,22,0.4367,22,0.4367,23,0.4399,22,0.4367,23,0.4399,22,0.4367,22,0.4367
SN1202,Goudiry,23,0.43,23,0.43,23,0.4152,23,0.43,23,0.43,23,0.43,22,0.4439,23,0.43,22,0.4439,23,0.43,23,0.43
SN0105,Keur Massar,24,0.4134,24,0.4133,24,0.3991,24,0.4133,24,0.4133,24,0.4133,24,0.4267,24,0.4133,24,0.4267,24,0.4133,24,0.4133
SN0603,Saraya,25,0.3966,25,0.3966,25,0.3829,25,0.3966,25,0.3966,25,0.3966,25,0.4025,25,0.3966,25,0.4025,25,0.3966,25,0.3966
SN1401,Bignona,26,0.3856,26,0.3856,26,0.3723,26,0.3856,26,0.3856,26,0.3856,26,0.3981,26,0.3856,26,0.3981,26,0.3856,26,0.3856
SN1303,Tivaouane,27,0.3806,27,0.3806,27,0.3675,27,0.3806,27,0.3806,27,0.3806,27,0.3929,27,0.3806,27,0.3929,27,0.3806,27,0.3806
SN0203,Mbacké,28,0.3636,28,0.3636,28,0.3511,28,0.3636,28,0.3637,28,0.3636,28,0.3754,28,0.3636,28,0.3754,28,0.3636,28,0.3637
SN0803,Louga,29,0.3503,29,0.3503,29,0.3383,29,0.3503,29,0.3504,29,0.3503,29,0.3617,29,0.3503,29,0.3617,29,0.3503,29,0.3504
SN0802,Linguère,30,0.3468,30,0.3439,30,0.3348,30,0.3439,30,0.3468,30,0.3439,30,0.358,30,0.3439,30,0.358,30,0.3439,30,0.3468
SN0303,Gossas,31,0.3386,31,0.3411,31,0.3269,31,0.3411,31,0.3386,31,0.3411,31,0.3496,31,0.3411,31,0.3496,31,0.3411,31,0.3386
SN0201,Bambey,32,0.3225,32,0.3225,32,0.3114,32,0.3225,32,0.3225,32,0.3225,32,0.3329,32,0.3225,32,0.3329,32,0.3225,32,0.3225
SN0301,Fatick,33,0.3209,33,0.3209,33,0.3099,33,0.3209,33,0.3209,33,0.3209,33,0.3313,33,0.3209,33,0.3313,33,0.3209,33,0.3209
SN1302,Thiès,34,0.3002,34,0.3002,34,0.2898,34,0.3002,34,0.3002,34,0.3002,34,0.3099,34,0.3002,34,0.3099,34,0.3002,34,0.3002
SN1003,Saint Louis,35,0.2902,35,0.2903,35,0.2802,35,0.2903,35,0.2903,35,0.2903,35,0.2996,35,0.2903,35,0.2996,35,0.2903,35,0.2903
SN0103,Pikine,36,0.2852,36,0.2824,36,0.2753,36,0.2824,36,0.2851,36,0.2824,36,0.2944,36,0.2824,36,0.2944,36,0.2824,36,0.2851
SN1402,Oussouye,37,0.271,37,0.271,37,0.2617,37,0.271,37,0.271,37,0.271,37,0.2798,37,0.271,37,0.2798,37,0.271,37,0.271
SN0602,Salémata,38,0.2662,38,0.2662,38,0.257,38,0.2662,38,0.2662,38,0.2662,38,0.2748,38,0.2662,38,0.2748,38,0.2662,38,0.2662
SN0404,Malem-Hodar,39,0.2565,39,0.2565,39,0.2476,39,0.2565,39,0.2565,39,0.2565,39,0.2647,39,0.2565,39,0.2647,39,0.2565,39,0.2565
SN0903,Ranérou,40,0.2448,40,0.2448,40,0.2363,40,0.2448,40,0.2448,40,0.2448,40,0.2527,40,0.2448,40,0.2527,40,0.2448,40,0.2448
SN0501,Guinguinéo,41,0.2316,41,0.2316,41,0.2236,41,0.2316,41,0.2316,41,0.2316,41,0.2391,41,0.2316,41,0.2391,41,0.2316,41,0.2316
SN0102,Guédiawaye,42,0.2137,42,0.2137,42,0.2064,42,0.2137,42,0.2137,42,0.2137,42,0.2206,42,0.2137,42,0.2206,42,0.2137,42,0.2137
SN0101,Dakar,43,0.2022,44,0.2002,43,0.1951,44,0.2002,43,0.2021,44,0.2002,43,0.2086,44,0.2002,43,0.2086,44,0.2002,43,0.2021
SN0202,Diourbel,44,0.2018,43,0.2018,44,0.1949,43,0.2018,44,0.2018,43,0.2018,44,0.2083,43,0.2018,44,0.2083,43,0.2018,44,0.2018
SN1002,Podor,45,0.1948,45,0.1948,45,0.1881,45,0.1948,45,0.1948,45,0.1948,45,0.2011,45,0.1948,45,0.2011,45,0.1948,45,0.1948
SN1001,Dagana,46,0.1511,46,0.1511,46,0.1458,46,0.1511,46,0.151,46,0.1511,46,0.1559,46,0.1511,46,0.1559,46,0.1511,46,0.151
