code,nom,niveau,parent
SN-DK,DAKAR,region,SN
SN-DB,DIOURBEL,region,SN
SN-FK,FATICK,region,SN
SN-KA,KAFFRINE,region,SN
SN-KL,KAOLACK,region,SN
SN-KD,KOLDA,region,SN
SN-KE,KEDOUGOU,region,SN
SN-LG,LOUGA,region,SN
SN-MT,MATAM,region,SN
SN-SL,SAINT-LOUIS,region,SN
SN-SE,SEDHIOU,region,SN
SN-TC,TAMBACOUNDA,region,SN
SN-TH,THIES,region,SN
SN-ZG,ZIGUINCHOR,region,SN
SN-DK-DD,DAKAR,departement,SN-DK
SN-DK-GU,GUEDIAWAYE,departement,SN-DK
SN-DK-PI,PIKINE,departement,SN-DK
SN-DK-RU,RUFISQUE,departement,SN-DK
SN-DK-KM,KEUR MASSAR,departement,SN-DK
SN-DB-BA,BAMBEY,departement,SN-DB
SN-DB-DD,DIOURBEL,departement,SN-DB
SN-DB-MB,MBACKE,departement,SN-DB
SN-FK-FD,FATICK,departement,SN-FK
SN-FK-FO,FOUNDIOUGNE,departement,SN-FK
SN-FK-GO,GOSSAS,departement,SN-FK
SN-KA-BI,BIRKELANE,departement,SN-KA
SN-KA-KA,KAFFRINE,departement,SN-KA
SN-KA-KO,KOUNGHEUL,departement,SN-KA
SN-KA-MH,MALEM HODDAR,departement,SN-KA
SN-KL-GU,GUINGUINEO,departement,SN-KL
SN-KL-KA,KAOLACK,departement,SN-KL
SN-KL-ND,NIORO,departement,SN-KL
SN-KE-KE,KEDOUGOU,departement,SN-KE
SN-KE-SL,SALEMATA,departement,SN-KE
SN-KE-SA,SARAYA,departement,SN-KE
SN-KD-KD,KOLDA,departement,SN-KD
SN-KD-MY,MEDINA YORO FOULAH,departement,SN-KD
SN-KD-VE,VELINGARA,departement,SN-KD
SN-LG-KE,KEBEMER,departement,SN-LG
SN-LG-LI,LINGUERE,departement,SN-LG
SN-LG-LD,LOUGA,departement,SN-LG
SN-MT-MA,MATAM,departement,SN-MT
SN-MT-RF,RANEROU FERLO,departement,SN-MT
SN-MT-KA,KANEL,departement,SN-MT
SN-SL-DA,DAGANA,departement,SN-SL
SN-SL-PO,PODOR,departement,SN-SL
SN-SL-SD,SAINT-LOUIS,departement,SN-SL
SN-SE-BO,BOUNKILING,departement,SN-SE
SN-SE-GO,GOUDOMP,departement,SN-SE
SN-SE-SD,SEDHIOU,departement,SN-SE
SN-TC-BA,BAKEL,departement,SN-TC
SN-TC-GO,GOUDIRY,departement,SN-TC
SN-TC-KO,KOUMPENTOUM,departement,SN-TC
SN-TC-TD,TAMBACOUNDA,departement,SN-TC
SN-TH-TI,TIVAOUANE,departement,SN-TH
SN-TH-MB,MBOUR,departement,SN-TH
SN-TH-TD,THIES,departement,SN-TH
SN-ZG-BI,BIGNONA,departement,SN-ZG
SN-ZG-OU,OUSSOUYE,departement,SN-ZG
SN-ZG-ZD,ZIGUINCHOR,departement,SN-ZG
SN-DK-DD1-1,GOREE,commune,SN-DK-DD
SN-DK-DD1-2,DAKAR PLATEAU,commune,SN-DK-DD
SN-DK-DD1-3,MEDINA,commune,SN-DK-DD
SN-DK-DD1-4,GUEULE TAPEE FASS COLOBANE,commune,SN-DK-DD
SN-DK-DD1-5,FANN POINT E AMITIE,commune,SN-DK-DD
SN-DK-DD2-1,GRAND DAKAR,commune,SN-DK-DD
SN-DK-DD2-2,BISCUITERIE,commune,SN-DK-DD
SN-DK-DD2-3,HLM,commune,SN-DK-DD
SN-DK-DD2-4,HANN BEL AIR,commune,SN-DK-DD
SN-DK-DD2-5,SICAP LIBERTE,commune,SN-DK-DD
SN-DK-DD2-6,DIEUPPEUL DERKLE,commune,SN-DK-DD
SN-DK-DD3-1,OUAKAM,commune,SN-DK-DD
SN-DK-DD3-2,NGOR,commune,SN-DK-DD
SN-DK-DD3-3,YOFF,commune,SN-DK-DD
SN-DK-DD3-4,MERMOZ-SACRE COEUR,commune,SN-DK-DD
SN-DK-DD4-1,GRAND YOFF,commune,SN-DK-DD
SN-DK-DD4-2,PATTE D'OIE,commune,SN-DK-DD
SN-DK-DD4-3,PARCELLES ASSAINIES,commune,SN-DK-DD
SN-DK-DD4-4,CAMBERENE,commune,SN-DK-DD
SN-DK-PI1-1,PIKINE OUEST,commune,SN-DK-PI
SN-DK-PI1-2,PIKINE EST,commune,SN-DK-PI
SN-DK-PI1-3,PIKINE NORD,commune,SN-DK-PI
SN-DK-PI1-4,DALIFORT,commune,SN-DK-PI
SN-DK-PI1-5,DJIDAH THIAROYE KAO,commune,SN-DK-PI
SN-DK-PI1-6,GUINAW RAIL NORD,commune,SN-DK-PI
SN-DK-PI1-7,GUINAW RAIL SUD,commune,SN-DK-PI
SN-DK-PI2-1,THIAROYE SUR MER,commune,SN-DK-PI
SN-DK-PI2-2,TIVAOUANE DIACKSAO,commune,SN-DK-PI
SN-DK-PI2-3,DIAMAGUENE SICAP MBAO,commune,SN-DK-PI
SN-DK-PI2-4,THIAROYE GARE,commune,SN-DK-PI
SN-DK-PI2-5,MBAO,commune,SN-DK-PI
SN-DK-RU1-1,RUFISQUE NORD,commune,SN-DK-RU
SN-DK-RU1-2,RUFISQUE EST,commune,SN-DK-RU
SN-DK-RU1-3,RUFISQUE OUEST,commune,SN-DK-RU
SN-DK-RU2-1,BARGNY,commune,SN-DK-RU
SN-DK-RU3-1,SENDOU,commune,SN-DK-RU
SN-DK-RU4-1,YENNE,commune,SN-DK-RU
SN-DK-RU4-2,DIAMNIADIO,commune,SN-DK-RU
SN-DK-RU4-3,SEBIKOTANE,commune,SN-DK-RU
SN-DK-RU5-1,BAMBILOR,commune,SN-DK-RU
SN-DK-RU5-2,TIVAOUANE PEULH NIAGHA,commune,SN-DK-RU
SN-DK-RU5-3,SANGALKAM,commune,SN-DK-RU
SN-DK-GU1-1,GOLF SUD,commune,SN-DK-GU
SN-DK-GU1-2,SAM NOTAIRE,commune,SN-DK-GU
SN-DK-GU2-1,NDIAREME LIMAMOULAYE,commune,SN-DK-GU
SN-DK-GU2-2,WAKHINANE NIMZATT,commune,SN-DK-GU
SN-DK-GU2-3,MEDINA GOUNASS,commune,SN-DK-GU
SN-DK-KM1-1,YEUMBEUL NORD,commune,SN-DK-KM
SN-DK-KM1-2,YEUMBEUL SUD,commune,SN-DK-KM
SN-DK-KM2-1,MALIKA,commune,SN-DK-KM
SN-DK-KM2-2,KEUR MASSAR NORD,commune,SN-DK-KM
SN-DK-KM3-1,JAXAAY PARCELLES,commune,SN-DK-KM
SN-DK-KM3-2,KEUR MASSAR SUD,commune,SN-DK-KM
SN-DB-BA1-1,BAMBEY,commune,SN-DB-BA
SN-DB-BA2-1,BABA GARAGE,commune,SN-DB-BA
SN-DB-BA2-2,DINGUIRAYE,commune,SN-DB-BA
SN-DB-BA2-3,KEUR SAMBA KANE,commune,SN-DB-BA
SN-DB-BA3-1,GAWANE,commune,SN-DB-BA
SN-DB-BA3-2,LAMBAYE,commune,SN-DB-BA
SN-DB-BA3-3,NGOGOM,commune,SN-DB-BA
SN-DB-BA3-4,REFANE,commune,SN-DB-BA
SN-DB-BA4-1,NDANGALMA,commune,SN-DB-BA
SN-DB-BA4-2,NDONDOL,commune,SN-DB-BA
SN-DB-BA4-3,NGOYE,commune,SN-DB-BA
SN-DB-BA4-4,THIAKHAR,commune,SN-DB-BA
SN-DB-DD1-1,DIOURBEL,commune,SN-DB-DD
SN-DB-DD2-1,NDANKH SENE,commune,SN-DB-DD
SN-DB-DD2-2,GADE ESCALE,commune,SN-DB-DD
SN-DB-DD2-3,NDINDY,commune,SN-DB-DD
SN-DB-DD2-4,KEUR NGALGOU,commune,SN-DB-DD
SN-DB-DD2-5,TAIBA MOUTOUPHA,commune,SN-DB-DD
SN-DB-DD2-6,TOUBA LAPPE,commune,SN-DB-DD
SN-DB-DD3-1,NDOULO,commune,SN-DB-DD
SN-DB-DD3-2,NGOHE,commune,SN-DB-DD
SN-DB-DD3-3,PATAR,commune,SN-DB-DD
SN-DB-DD3-4,TOCKY GARE,commune,SN-DB-DD
SN-DB-DD3-5,TOURE MBONDE,commune,SN-DB-DD
SN-DB-MB1-1,MBACKE,commune,SN-DB-MB
SN-DB-MB2-1,DENDEYE GOUY GUI,commune,SN-DB-MB
SN-DB-MB2-2,DAROU SALAM TYP,commune,SN-DB-MB
SN-DB-MB2-3,KAEL,commune,SN-DB-MB
SN-DB-MB2-4,MADINA,commune,SN-DB-MB
SN-DB-MB2-5,NDIOUMANE,commune,SN-DB-MB
SN-DB-MB2-6,TOUBA MBOUL,commune,SN-DB-MB
SN-DB-MB2-7,DAROU NAHIM,commune,SN-DB-MB
SN-DB-MB2-8,TAIBA THIEKENE,commune,SN-DB-MB
SN-DB-MB3-1,DALLA NGABOU,commune,SN-DB-MB
SN-DB-MB3-2,MISSIRAH,commune,SN-DB-MB
SN-DB-MB3-3,NGHAYE,commune,SN-DB-MB
SN-DB-MB3-4,TOUBA FALL,commune,SN-DB-MB
SN-DB-MB3-5,TOUBA MOSQUEE,commune,SN-DB-MB
SN-DB-MB4-1,SADIO,commune,SN-DB-MB
SN-DB-MB4-2,TAIF,commune,SN-DB-MB
SN-FK-FD1-1,FATICK,commune,SN-FK-FD
SN-FK-FD2-1,DIOFFIOR,commune,SN-FK-FD
SN-FK-FD3-1,DIAOULE,commune,SN-FK-FD
SN-FK-FD3-2,MBELLACADIAO,commune,SN-FK-FD
SN-FK-FD3-3,NDIOP,commune,SN-FK-FD
SN-FK-FD3-4,THIARE NDIALGUI,commune,SN-FK-FD
SN-FK-FD3-5,DIAKHAO,commune,SN-FK-FD
SN-FK-FD4-1,FIMELA,commune,SN-FK-FD
SN-FK-FD4-2,LOUL SESSENE,commune,SN-FK-FD
SN-FK-FD4-3,PALMARIN FACAO,commune,SN-FK-FD
SN-FK-FD4-4,DJILASSE,commune,SN-FK-FD
SN-FK-FD5-1,NGAYOKHEME,commune,SN-FK-FD
SN-FK-FD5-2,NIAKHAR,commune,SN-FK-FD
SN-FK-FD5-3,PATAR,commune,SN-FK-FD
SN-FK-FD6-1,DIARRERE,commune,SN-FK-FD
SN-FK-FD6-2,DIOUROUP,commune,SN-FK-FD
SN-FK-FD6-3,TATTAGUINE,commune,SN-FK-FD
SN-FK-FO1-1,FOUNDIOUGNE,commune,SN-FK-FO
SN-FK-FO2-1,SOKONE,commune,SN-FK-FO
SN-FK-FO3-1,DJILOR,commune,SN-FK-FO
SN-FK-FO3-2,DIOSSONG,commune,SN-FK-FO
SN-FK-FO3-3,DIAGANE BARKA,commune,SN-FK-FO
SN-FK-FO3-4,MBAM,commune,SN-FK-FO
SN-FK-FO3-5,NIASSENE,commune,SN-FK-FO
SN-FK-FO3-6,PASSY,commune,SN-FK-FO
SN-FK-FO3-7,SOUM,commune,SN-FK-FO
SN-FK-FO4-1,BASSOUL,commune,SN-FK-FO
SN-FK-FO4-2,DIONEWAR,commune,SN-FK-FO
SN-FK-FO4-3,DJIRNDA,commune,SN-FK-FO
SN-FK-FO5-1,KEUR SALOUM DIANE,commune,SN-FK-FO
SN-FK-FO5-2,KEUR SAMBA GUEYE,commune,SN-FK-FO
SN-FK-FO5-3,NIORO ALASSANE TALL,commune,SN-FK-FO
SN-FK-FO5-4,TOUBACOUTA,commune,SN-FK-FO
SN-FK-FO5-5,KARANG POSTE,commune,SN-FK-FO
SN-FK-GO1-1,GOSSAS,commune,SN-FK-GO
SN-FK-GO2-1,COLOBANE,commune,SN-FK-GO
SN-FK-GO2-2,MBAR,commune,SN-FK-GO
SN-FK-GO3-1,NDIENE LAGANE,commune,SN-FK-GO
SN-FK-GO3-2,OUADIOUR,commune,SN-FK-GO
SN-FK-GO3-3,PATAR LIA,commune,SN-FK-GO
SN-KA-KA1-1,KAFFRINE,commune,SN-KA-KA
SN-KA-KA2-1,BOULEL,commune,SN-KA-KA
SN-KA-KA2-2,GNIBY,commune,SN-KA-KA
SN-KA-KA2-3,KAHI,commune,SN-KA-KA
SN-KA-KA3-1,DIOKOUL BELBOUCK,commune,SN-KA-KA
SN-KA-KA3-2,KATHIOTTE,commune,SN-KA-KA
SN-KA-KA3-3,MEDINATOUL SALAM 2,commune,SN-KA-KA
SN-KA-KA3-4,DIAMAGADIO,commune,SN-KA-KA
SN-KA-KA3-5,NGANDA,commune,SN-KA-KA
SN-KA-BI1-1,BIRKELANE,commune,SN-KA-BI
SN-KA-BI2-1,KEUR MBOUCKI,commune,SN-KA-BI
SN-KA-BI2-2,TOUBA MBELLA,commune,SN-KA-BI
SN-KA-BI2-3,DIAMAL,commune,SN-KA-BI
SN-KA-BI3-1,MABO,commune,SN-KA-BI
SN-KA-BI3-2,NDIOGNICK,commune,SN-KA-BI
SN-KA-BI3-3,MBEULEUP,commune,SN-KA-BI
SN-KA-BI3-4,SEGRE GATTA,commune,SN-KA-BI
SN-KA-KO1-1,KOUNGHEUL,commune,SN-KA-KO
SN-KA-KO2-1,SALY ESCALE,commune,SN-KA-KO
SN-KA-KO2-2,FASS THIEKENE,commune,SN-KA-KO
SN-KA-KO2-3,IDA MOURIDE,commune,SN-KA-KO
SN-KA-KO3-1,LOUR ESCALE,commune,SN-KA-KO
SN-KA-KO3-2,RIBOT ESCALE,commune,SN-KA-KO
SN-KA-KO4-1,NGAINTHE PATHE,commune,SN-KA-KO
SN-KA-KO4-2,MAKA YOP,commune,SN-KA-KO
SN-KA-KO4-3,MISSIRAH WADENE,commune,SN-KA-KO
SN-KA-MH1-1,MALEM HODDAR,commune,SN-KA-MH
SN-KA-MH2-1,DAROU MINAM,commune,SN-KA-MH
SN-KA-MH2-2,NDIOUM NGAINTH,commune,SN-KA-MH
SN-KA-MH2-3,KHELCOM,commune,SN-KA-MH
SN-KA-MH2-4,NDIOBENE SAMBA LAMO,commune,SN-KA-MH
SN-KA-MH3-1,DIANKE SOUF,commune,SN-KA-MH
SN-KA-MH3-2,SAGNA,commune,SN-KA-MH
SN-KL-KA1-1,KAOLACK,commune,SN-KL-KA
SN-KL-KA2-1,KAHONE,commune,SN-KL-KA
SN-KL-KA3-1,KEUR SOCE,commune,SN-KL-KA
SN-KL-KA3-2,NDIAFFATE,commune,SN-KL-KA
SN-KL-KA3-3,NDIEDIENG,commune,SN-KL-KA
SN-KL-KA4-1,LATMINGUE,commune,SN-KL-KA
SN-KL-KA4-2,THIARE,commune,SN-KL-KA
SN-KL-KA4-3,KEUR BAKA,commune,SN-KL-KA
SN-KL-KA4-4,NDOFFANE,commune,SN-KL-KA
SN-KL-KA5-1,DYA,commune,SN-KL-KA
SN-KL-KA5-2,NDIEBEL,commune,SN-KL-KA
SN-KL-KA5-3,THIOMBY,commune,SN-KL-KA
SN-KL-KA5-4,GANDIAYE,commune,SN-KL-KA
SN-KL-KA5-5,SIBASSOR,commune,SN-KL-KA
SN-KL-ND1-1,NIORO,commune,SN-KL-ND
SN-KL-ND2-1,KAYEMOR,commune,SN-KL-ND
SN-KL-ND2-2,MEDINA SABAKH,commune,SN-KL-ND
SN-KL-ND2-3,NGAYENE,commune,SN-KL-ND
SN-KL-ND3-1,GAINTHE KAYE,commune,SN-KL-ND
SN-KL-ND3-2,PAOS KOTO,commune,SN-KL-ND
SN-KL-ND3-3,POROKHANE,commune,SN-KL-ND
SN-KL-ND3-4,TAIBA NIASSENE,commune,SN-KL-ND
SN-KL-ND3-5,DABALY,commune,SN-KL-ND
SN-KL-ND3-6,DAROU SALAM,commune,SN-KL-ND
SN-KL-ND4-1,KEUR MABA DIAKHOU,commune,SN-KL-ND
SN-KL-ND4-2,NDRAME ESCALE,commune,SN-KL-ND
SN-KL-ND4-3,WACK NGOUNA,commune,SN-KL-ND
SN-KL-ND4-4,KEUR MANDONGO,commune,SN-KL-ND
SN-KL-ND4-5,KEUR MADIABEL,commune,SN-KL-ND
SN-KL-GU1-1,GUINGUINEO,commune,SN-KL-GU
SN-KL-GU2-1,MBADAKHOUNE,commune,SN-KL-GU
SN-KL-GU2-2,NDIAGO,commune,SN-KL-GU
SN-KL-GU2-3,NGATHIE NAOUDE,commune,SN-KL-GU
SN-KL-GU2-4,KHELCOM BIRANE,commune,SN-KL-GU
SN-KL-GU2-5,FASS,commune,SN-KL-GU
SN-KL-GU3-1,GAGNICK,commune,SN-KL-GU
SN-KL-GU3-2,NGUELOU,commune,SN-KL-GU
SN-KL-GU3-3,OUROUR,commune,SN-KL-GU
SN-KL-GU3-4,DARA MBOSS,commune,SN-KL-GU
SN-KL-GU3-5,PANAL OUOLOF,commune,SN-KL-GU
SN-KL-GU3-6,MBOSS,commune,SN-KL-GU
SN-KE-KE1-1,KEDOUGOU,commune,SN-KE-KE
SN-KE-KE2-1,BANDAFASSI,commune,SN-KE-KE
SN-KE-KE2-2,TOMBORONCOTO,commune,SN-KE-KE
SN-KE-KE2-3,DINDEFELO,commune,SN-KE-KE
SN-KE-KE2-4,NINEFECHA,commune,SN-KE-KE
SN-KE-KE3-1,DIMBOLI,commune,SN-KE-KE
SN-KE-KE3-2,FONGOLIMBI,commune,SN-KE-KE
SN-KE-SL1-1,SALEMATA,commune,SN-KE-SL
SN-KE-SL2-1,DAKATELY,commune,SN-KE-SL
SN-KE-SL2-2,KEVOYE,commune,SN-KE-SL
SN-KE-SL3-1,DAR SALAM,commune,SN-KE-SL
SN-KE-SL3-2,ETHIOLO,commune,SN-KE-SL
SN-KE-SL3-3,OUBADJI,commune,SN-KE-SL
SN-KE-SA1-1,SARAYA,commune,SN-KE-SA
SN-KE-SA2-1,MEDINA BAFFE,commune,SN-KE-SA
SN-KE-SA2-2,BEMBOU,commune,SN-KE-SA
SN-KE-SA3-1,KHOSSANTO,commune,SN-KE-SA
SN-KE-SA3-2,MISSIRAH SIRIMANA,commune,SN-KE-SA
SN-KE-SA3-3,SABODALA,commune,SN-KE-SA
SN-KD-KD1-1,KOLDA,commune,SN-KD-KD
SN-KD-KD2-1,DIOULACOLON,commune,SN-KD-KD
SN-KD-KD2-2,MEDINA EL HADJ,commune,SN-KD-KD
SN-KD-KD2-3,TANKANTO ESCALE,commune,SN-KD-KD
SN-KD-KD2-4,GUIRO YERO BOCAR,commune,SN-KD-KD
SN-KD-KD2-5,SALIKEGNE,commune,SN-KD-KD
SN-KD-KD2-6,SARE YOBA DIEGA,commune,SN-KD-KD
SN-KD-KD3-1,BAGADADJI,commune,SN-KD-KD
SN-KD-KD3-2,COUMBACARA,commune,SN-KD-KD
SN-KD-KD3-3,MAMPATIM,commune,SN-KD-KD
SN-KD-KD3-4,DIALAMBERE,commune,SN-KD-KD
SN-KD-KD3-5,MEDINA CHERIF,commune,SN-KD-KD
SN-KD-KD3-6,DABO,commune,SN-KD-KD
SN-KD-KD4-1,SARE BIDJI,commune,SN-KD-KD
SN-KD-KD4-2,THIETTY,commune,SN-KD-KD
SN-KD-VE1-1,VELINGARA,commune,SN-KD-VE
SN-KD-VE2-1,BONCONTO,commune,SN-KD-VE
SN-KD-VE2-2,LINKERING,commune,SN-KD-VE
SN-KD-VE2-3,MEDINA GOUNASS,commune,SN-KD-VE
SN-KD-VE2-4,SINTHIANG KOUNDARA,commune,SN-KD-VE
SN-KD-VE3-1,OUASSADOU,commune,SN-KD-VE
SN-KD-VE3-2,PAROUMBA,commune,SN-KD-VE
SN-KD-VE3-3,PAKOUR,commune,SN-KD-VE
SN-KD-VE4-1,KANDIA,commune,SN-KD-VE
SN-KD-VE4-2,SARE COLY SALLE,commune,SN-KD-VE
SN-KD-VE4-3,NEMATABA,commune,SN-KD-VE
SN-KD-VE4-4,KANDIAYE,commune,SN-KD-VE
SN-KD-VE4-5,DIAOBE KABENDOU,commune,SN-KD-VE
SN-KD-VE4-6,KOUNKANE,commune,SN-KD-VE
SN-KD-MY1-1,MEDINA YORO FOULAH,commune,SN-KD-MY
SN-KD-MY2-1,FAFACOUROU,commune,SN-KD-MY
SN-KD-MY2-2,BADION,commune,SN-KD-MY
SN-KD-MY3-1,NDORNA,commune,SN-KD-MY
SN-KD-MY3-2,BIGNARABE,commune,SN-KD-MY
SN-KD-MY3-3,BOUROUCO,commune,SN-KD-MY
SN-KD-MY3-4,KOULINTO,commune,SN-KD-MY
SN-KD-MY4-1,DINGUIRAYE,commune,SN-KD-MY
SN-KD-MY4-2,KEREWANE,commune,SN-KD-MY
SN-KD-MY4-3,NIAMING,commune,SN-KD-MY
SN-KD-MY4-4,PATA,commune,SN-KD-MY
SN-LG-KE1-1,KEBEMER,commune,SN-LG-KE
SN-LG-KE2-1,DAROU MARNANE,commune,SN-LG-KE
SN-LG-KE2-2,DAROU MOUHTY,commune,SN-LG-KE
SN-LG-KE2-3,MBADIANE,commune,SN-LG-KE
SN-LG-KE2-4,NDOYENE,commune,SN-LG-KE
SN-LG-KE2-5,SAM YABAL,commune,SN-LG-KE
SN-LG-KE2-6,TOUBA MERINA,commune,SN-LG-KE
SN-LG-KE2-7,MBACKE CAJOR,commune,SN-LG-KE
SN-LG-KE3-1,BADEGNE OUOLOF,commune,SN-LG-KE
SN-LG-KE3-2,DIOKOUL DIAWRIGNE,commune,SN-LG-KE
SN-LG-KE3-3,KAB GAYE,commune,SN-LG-KE
SN-LG-KE3-4,NDANDE,commune,SN-LG-KE
SN-LG-KE3-5,THIEPPE,commune,SN-LG-KE
SN-LG-KE3-6,GUEOUL,commune,SN-LG-KE
SN-LG-KE4-1,KANENE NDIOB,commune,SN-LG-KE
SN-LG-KE4-2,LORO,commune,SN-LG-KE
SN-LG-KE4-3,SAGATTA GUETH,commune,SN-LG-KE
SN-LG-KE4-4,THIOLOM FALL,commune,SN-LG-KE
SN-LG-KE4-5,NGOURANE OUOLOF,commune,SN-LG-KE
SN-LG-LI1-1,LINGUERE,commune,SN-LG-LI
SN-LG-LI2-1,DAHRA,commune,SN-LG-LI
SN-LG-LI3-1,BARKEDJI,commune,SN-LG-LI
SN-LG-LI3-2,GASSANE,commune,SN-LG-LI
SN-LG-LI3-3,THIARNY,commune,SN-LG-LI
SN-LG-LI3-4,THIEL,commune,SN-LG-LI
SN-LG-LI4-1,DODJI,commune,SN-LG-LI
SN-LG-LI4-2,LABGAR,commune,SN-LG-LI
SN-LG-LI4-3,OUARKHOKH,commune,SN-LG-LI
SN-LG-LI5-1,KAMB,commune,SN-LG-LI
SN-LG-LI5-2,MBOULA,commune,SN-LG-LI
SN-LG-LI5-3,TESSEKERE FORAGE,commune,SN-LG-LI
SN-LG-LI5-4,YANG YANG,commune,SN-LG-LI
SN-LG-LI5-5,MBEULEUKHE,commune,SN-LG-LI
SN-LG-LI6-1,BOULAL,commune,SN-LG-LI
SN-LG-LI6-2,DEALY,commune,SN-LG-LI
SN-LG-LI6-3,SAGATTA DJOLOF,commune,SN-LG-LI
SN-LG-LI6-4,THIAMENE PASSE,commune,SN-LG-LI
SN-LG-LI6-5,AFFE DJOLOF,commune,SN-LG-LI
SN-LG-LD1-1,LOUGA,commune,SN-LG-LD
SN-LG-LD2-1,COKI,commune,SN-LG-LD
SN-LG-LD2-2,PETE OUARACK,commune,SN-LG-LD
SN-LG-LD2-3,THIAMENE,commune,SN-LG-LD
SN-LG-LD2-4,GUET ARDO,commune,SN-LG-LD
SN-LG-LD2-5,NDIAGNE,commune,SN-LG-LD
SN-LG-LD3-1,GANDE,commune,SN-LG-LD
SN-LG-LD3-2,KEUR MOMAR SARR,commune,SN-LG-LD
SN-LG-LD3-3,NGUER MALAL,commune,SN-LG-LD
SN-LG-LD3-4,SYER,commune,SN-LG-LD
SN-LG-LD4-1,KELE GUEYE,commune,SN-LG-LD
SN-LG-LD4-2,MBEDIENE,commune,SN-LG-LD
SN-LG-LD4-3,NGUIDILE,commune,SN-LG-LD
SN-LG-LD4-4,NIOMRE,commune,SN-LG-LD
SN-LG-LD5-1,LEONA,commune,SN-LG-LD
SN-LG-LD5-2,NGUEUNE SARR,commune,SN-LG-LD
SN-LG-LD5-3,SAKAL,commune,SN-LG-LD
SN-MT-MA1-1,MATAM,commune,SN-MT-MA
SN-MT-MA2-1,OUROSSOGUI,commune,SN-MT-MA
SN-MT-MA3-1,AGNAM CIVOL,commune,SN-MT-MA
SN-MT-MA3-2,OREFONDE,commune,SN-MT-MA
SN-MT-MA3-3,DABIA,commune,SN-MT-MA
SN-MT-MA3-4,NGUIDJILONE,commune,SN-MT-MA
SN-MT-MA3-5,THILOGNE,commune,SN-MT-MA
SN-MT-MA4-1,BOKIDIAWE,commune,SN-MT-MA
SN-MT-MA4-2,NABADJI CIVOL,commune,SN-MT-MA
SN-MT-MA4-3,OGO,commune,SN-MT-MA
SN-MT-KA1-1,KANEL,commune,SN-MT-KA
SN-MT-KA2-1,BOKILADJI,commune,SN-MT-KA
SN-MT-KA2-2,ORKADIERE,commune,SN-MT-KA
SN-MT-KA2-3,AOURE,commune,SN-MT-KA
SN-MT-KA2-4,DEMBANCANE,commune,SN-MT-KA
SN-MT-KA2-5,ODOBERE,commune,SN-MT-KA
SN-MT-KA2-6,SEMME,commune,SN-MT-KA
SN-MT-KA2-7,OUAOUNDE,commune,SN-MT-KA
SN-MT-KA3-1,NDENDORY,commune,SN-MT-KA
SN-MT-KA3-2,WOURO SIDY,commune,SN-MT-KA
SN-MT-KA3-3,HAMADY HOUNARE,commune,SN-MT-KA
SN-MT-KA3-4,SINTHIOU BAMAMBE BANADJI,commune,SN-MT-KA
SN-MT-RF1-1,RANEROU,commune,SN-MT-RF
SN-MT-RF2-1,LOUGRE THIOLY,commune,SN-MT-RF
SN-MT-RF2-2,VELINGARA,commune,SN-MT-RF
SN-MT-RF2-3,OUDALAYE,commune,SN-MT-RF
SN-SL-DA1-1,DAGANA,commune,SN-SL-DA
SN-SL-DA2-1,RICHARD TOLL,commune,SN-SL-DA
SN-SL-DA3-1,MBANE,commune,SN-SL-DA
SN-SL-DA3-2,BOKHOL,commune,SN-SL-DA
SN-SL-DA3-3,GAE,commune,SN-SL-DA
SN-SL-DA3-4,NDOMBO SANDJIRY,commune,SN-SL-DA
SN-SL-DA4-1,DIAMA,commune,SN-SL-DA
SN-SL-DA4-2,NGNITH,commune,SN-SL-DA
SN-SL-DA4-3,RONKH,commune,SN-SL-DA
SN-SL-DA4-4,ROSS BETHIO,commune,SN-SL-DA
SN-SL-DA4-5,ROSSO,commune,SN-SL-DA
SN-SL-PO1-1,PODOR,commune,SN-SL-PO
SN-SL-PO2-1,NDIOUM,commune,SN-SL-PO
SN-SL-PO3-1,MADINA NDIATHBE,commune,SN-SL-PO
SN-SL-PO3-2,DOUMGA LAO,commune,SN-SL-PO
SN-SL-PO3-3,MERY,commune,SN-SL-PO
SN-SL-PO3-4,AERE LAO,commune,SN-SL-PO
SN-SL-PO3-5,GOLLERE,commune,SN-SL-PO
SN-SL-PO3-6,MBOUMBA,commune,SN-SL-PO
SN-SL-PO3-7,WALALDE,commune,SN-SL-PO
SN-SL-PO4-1,BOKE DIALLOUBE,commune,SN-SL-PO
SN-SL-PO4-2,MBOLO BIRANE,commune,SN-SL-PO
SN-SL-PO4-3,GALOYA TOUCOULEUR,commune,SN-SL-PO
SN-SL-PO4-4,PETE,commune,SN-SL-PO
SN-SL-PO5-1,FANAYE,commune,SN-SL-PO
SN-SL-PO5-2,NDIAYENE PEINDAO,commune,SN-SL-PO
SN-SL-PO5-3,NIANDANE,commune,SN-SL-PO
SN-SL-PO6-1,DODEL,commune,SN-SL-PO
SN-SL-PO6-2,GAMADJI SARE,commune,SN-SL-PO
SN-SL-PO6-3,GUEDE VILLAGE,commune,SN-SL-PO
SN-SL-PO6-4,BODE LAO,commune,SN-SL-PO
SN-SL-PO6-5,DEMETTE,commune,SN-SL-PO
SN-SL-PO6-6,GUEDE CHANTIER,commune,SN-SL-PO
SN-SL-SD1-1,SAINT LOUIS,commune,SN-SL-SD
SN-SL-SD2-1,GANDON,commune,SN-SL-SD
SN-SL-SD2-2,FASS NGOM,commune,SN-SL-SD
SN-SL-SD2-3,NDIEBENE GANDIOLE,commune,SN-SL-SD
SN-SL-SD2-4,MPAL,commune,SN-SL-SD
SN-SE-SD1-1,SEDHIOU,commune,SN-SE-SD
SN-SE-SD2-1,MARSASSOUM,commune,SN-SE-SD
SN-SE-SD3-1,DIENDE,commune,SN-SE-SD
SN-SE-SD3-2,SAKAR,commune,SN-SE-SD
SN-SE-SD3-3,DIANNAH BA,commune,SN-SE-SD
SN-SE-SD3-4,KOUSSY,commune,SN-SE-SD
SN-SE-SD3-5,OUDOUCAR,commune,SN-SE-SD
SN-SE-SD3-6,SAMA KANTA PEULH,commune,SN-SE-SD
SN-SE-SD3-7,DIANNAH MALARY,commune,SN-SE-SD
SN-SE-SD4-1,BEMET BIDJINI,commune,SN-SE-SD
SN-SE-SD4-2,SAN SAMBA,commune,SN-SE-SD
SN-SE-SD4-3,DJIBABOUYA,commune,SN-SE-SD
SN-SE-SD5-1,BAMBALY,commune,SN-SE-SD
SN-SE-SD5-2,DJIREDJI,commune,SN-SE-SD
SN-SE-BO1-1,BOUNKILING,commune,SN-SE-BO
SN-SE-BO2-1,BOGHAL,commune,SN-SE-BO
SN-SE-BO2-2,TANKON,commune,SN-SE-BO
SN-SE-BO2-3,DJINANY,commune,SN-SE-BO
SN-SE-BO2-4,NDIAMALATHIEL,commune,SN-SE-BO
SN-SE-BO2-5,NDIAMACOUTA,commune,SN-SE-BO
SN-SE-BO3-1,BONA,commune,SN-SE-BO
SN-SE-BO3-2,DIACOUNDA,commune,SN-SE-BO
SN-SE-BO3-3,INOR,commune,SN-SE-BO
SN-SE-BO3-4,KANDION MANGANA,commune,SN-SE-BO
SN-SE-BO4-1,DIAROUME,commune,SN-SE-BO
SN-SE-BO4-2,DIAMBATI,commune,SN-SE-BO
SN-SE-BO4-3,FAOUNE,commune,SN-SE-BO
SN-SE-BO4-4,MADINA WANDIFA,commune,SN-SE-BO
SN-SE-GO1-1,GOUDOMP,commune,SN-SE-GO
SN-SE-GO2-1,DJIBANAR,commune,SN-SE-GO
SN-SE-GO2-2,KAOUR,commune,SN-SE-GO
SN-SE-GO2-3,MANGAROUNGOU SANTO,commune,SN-SE-GO
SN-SE-GO2-4,SIMBANDI BALANTE,commune,SN-SE-GO
SN-SE-GO2-5,YARANG BALANTE,commune,SN-SE-GO
SN-SE-GO2-6,DIATTACOUNDA,commune,SN-SE-GO
SN-SE-GO2-7,SAMINE,commune,SN-SE-GO
SN-SE-GO3-1,KARANTABA,commune,SN-SE-GO
SN-SE-GO3-2,KOLIBANTANG,commune,SN-SE-GO
SN-SE-GO4-1,NIAGHA,commune,SN-SE-GO
SN-SE-GO4-2,SIMBANDI BRASSOU,commune,SN-SE-GO
SN-SE-GO4-3,BAGHERE,commune,SN-SE-GO
SN-SE-GO4-4,DIOUBOUDOU,commune,SN-SE-GO
SN-SE-GO4-5,TANAFF,commune,SN-SE-GO
SN-TC-BA1-1,BAKEL,commune,SN-TC-BA
SN-TC-BA2-1,GATHIARY,commune,SN-TC-BA
SN-TC-BA2-2,MADINA FOULBE,commune,SN-TC-BA
SN-TC-BA2-3,SADATOU,commune,SN-TC-BA
SN-TC-BA2-4,TOUMBOURA,commune,SN-TC-BA
SN-TC-BA3-1,BELE,commune,SN-TC-BA
SN-TC-BA3-2,SINTHIOU FISSA,commune,SN-TC-BA
SN-TC-BA3-3,KIDIRA,commune,SN-TC-BA
SN-TC-BA4-1,BALLOU,commune,SN-TC-BA
SN-TC-BA4-2,GABOU,commune,SN-TC-BA
SN-TC-BA4-3,MOUDERY,commune,SN-TC-BA
SN-TC-BA4-4,DIAWARA,commune,SN-TC-BA
SN-TC-TD1-1,TAMBACOUNDA,commune,SN-TC-TD
SN-TC-TD2-1,KOUSSANAR,commune,SN-TC-TD
SN-TC-TD2-2,SINTHIOU MALEME,commune,SN-TC-TD
SN-TC-TD3-1,MAKACOLIBANTANG,commune,SN-TC-TD
SN-TC-TD3-2,NDOGA BABACAR,commune,SN-TC-TD
SN-TC-TD3-3,NIANI TOUCOULEUR,commune,SN-TC-TD
SN-TC-TD4-1,DIALACOTO,commune,SN-TC-TD
SN-TC-TD4-2,MISSIRAH,commune,SN-TC-TD
SN-TC-TD4-3,NETTEBOULOU,commune,SN-TC-TD
SN-TC-GO1-1,GOUDIRY,commune,SN-TC-GO
SN-TC-GO2-1,BALA,commune,SN-TC-GO
SN-TC-GO2-2,GOUMBAYEL,commune,SN-TC-GO
SN-TC-GO2-3,KOAR,commune,SN-TC-GO
SN-TC-GO3-1,DOUGUE,commune,SN-TC-GO
SN-TC-GO3-2,BOYNGUEL BAMBA,commune,SN-TC-GO
SN-TC-GO3-3,KOUSSAN,commune,SN-TC-GO
SN-TC-GO3-4,SINTHIOU MAMADOU BOUBOU,commune,SN-TC-GO
SN-TC-GO4-1,BANI ISRAEL,commune,SN-TC-GO
SN-TC-GO4-2,BOUTOUCOUFARA,commune,SN-TC-GO
SN-TC-GO4-3,DIANKE MAKHA,commune,SN-TC-GO
SN-TC-GO4-4,KOMOTI,commune,SN-TC-GO
SN-TC-GO5-1,KOULOR,commune,SN-TC-GO
SN-TC-GO5-2,SINTHIOU BOCAR ALY,commune,SN-TC-GO
SN-TC-GO5-3,KOTHIARY,commune,SN-TC-GO
SN-TC-KO1-1,KOUMPENTOUM,commune,SN-TC-KO
SN-TC-KO2-1,BAMBA THIALENE,commune,SN-TC-KO
SN-TC-KO2-2,KAHENE,commune,SN-TC-KO
SN-TC-KO2-3,MERETO,commune,SN-TC-KO
SN-TC-KO2-4,NDAME,commune,SN-TC-KO
SN-TC-KO3-1,KOUTHIA GUAYDI,commune,SN-TC-KO
SN-TC-KO3-2,KOUTHIABA WOLOF,commune,SN-TC-KO
SN-TC-KO3-3,PASS KOTO,commune,SN-TC-KO
SN-TC-KO3-4,PAYAR,commune,SN-TC-KO
SN-TC-KO3-5,MALEM NIANI,commune,SN-TC-KO
SN-TH-MB1-1,JOAL FADHIOUTH,commune,SN-TH-MB
SN-TH-MB2-1,MBOUR,commune,SN-TH-MB
SN-TH-MB3-1,FISSEL,commune,SN-TH-MB
SN-TH-MB3-2,NDIAGANIAO,commune,SN-TH-MB
SN-TH-MB4-1,NGUENIENE,commune,SN-TH-MB
SN-TH-MB4-2,SANDIARA,commune,SN-TH-MB
SN-TH-MB4-3,SESSENE,commune,SN-TH-MB
SN-TH-MB4-4,THIADIAYE,commune,SN-TH-MB
SN-TH-MB5-1,MALICOUNDA,commune,SN-TH-MB
SN-TH-MB5-2,DIASS,commune,SN-TH-MB
SN-TH-MB5-3,SINDIA,commune,SN-TH-MB
SN-TH-MB5-4,NGUEKHOKH,commune,SN-TH-MB
SN-TH-MB5-5,NGAPAROU,commune,SN-TH-MB
SN-TH-MB5-6,POPENGUINE,commune,SN-TH-MB
SN-TH-MB5-7,SALY PORTUDAL,commune,SN-TH-MB
SN-TH-MB5-8,SOMONE,commune,SN-TH-MB
SN-TH-TD1-1,THIES NORD,commune,SN-TH-TD
SN-TH-TD2-1,THIES EST,commune,SN-TH-TD
SN-TH-TD2-2,THIES OUEST,commune,SN-TH-TD
SN-TH-TD3-1,KHOMBOLE,commune,SN-TH-TD
SN-TH-TD4-1,POUT,commune,SN-TH-TD
SN-TH-TD5-1,NOTTO,commune,SN-TH-TD
SN-TH-TD5-2,TASSETE,commune,SN-TH-TD
SN-TH-TD6-1,NDIEYENE SIRAKH,commune,SN-TH-TD
SN-TH-TD6-2,NGOUDIANE,commune,SN-TH-TD
SN-TH-TD6-3,THIENABA,commune,SN-TH-TD
SN-TH-TD6-4,TOUBA TOUL,commune,SN-TH-TD
SN-TH-TD7-1,DIENDER,commune,SN-TH-TD
SN-TH-TD7-2,FANDENE,commune,SN-TH-TD
SN-TH-TD7-3,KEUR MOUSSA,commune,SN-TH-TD
SN-TH-TD7-4,KAYAR,commune,SN-TH-TD
SN-TH-TI1-1,MEKHE,commune,SN-TH-TI
SN-TH-TI2-1,TIVAOUANE,commune,SN-TH-TI
SN-TH-TI3-1,MEOUANE,commune,SN-TH-TI
SN-TH-TI3-2,TAIBA NDIAYE,commune,SN-TH-TI
SN-TH-TI3-3,DAROU KHOUDOSS,commune,SN-TH-TI
SN-TH-TI3-4,MBORO,commune,SN-TH-TI
SN-TH-TI4-1,KOUL,commune,SN-TH-TI
SN-TH-TI4-2,MERINA DAKHAR,commune,SN-TH-TI
SN-TH-TI4-3,PEKESSE,commune,SN-TH-TI
SN-TH-TI5-1,MBAYENE,commune,SN-TH-TI
SN-TH-TI5-2,NGANDIOUF,commune,SN-TH-TI
SN-TH-TI5-3,NIAKHENE,commune,SN-TH-TI
SN-TH-TI5-4,THILMAKHA,commune,SN-TH-TI
SN-TH-TI6-1,CHERIF LO,commune,SN-TH-TI
SN-TH-TI6-2,MONT ROLLAND,commune,SN-TH-TI
SN-TH-TI6-3,NOTTO GOUYE DIAMA,commune,SN-TH-TI
SN-TH-TI6-4,PIRE GOUREYE,commune,SN-TH-TI
SN-TH-TI6-5,PAMBAL,commune,SN-TH-TI
SN-ZG-BI1-1,BIGNONA,commune,SN-ZG-BI
SN-ZG-BI2-1,THIONCK ESSYL,commune,SN-ZG-BI
SN-ZG-BI3-1,DJIBIDIONE,commune,SN-ZG-BI
SN-ZG-BI3-2,OULAMPANE,commune,SN-ZG-BI
SN-ZG-BI3-3,SINDIAN,commune,SN-ZG-BI
SN-ZG-BI3-4,SUELLE,commune,SN-ZG-BI
SN-ZG-BI4-1,BALINGHORE,commune,SN-ZG-BI
SN-ZG-BI4-2,DIEGOUNE,commune,SN-ZG-BI
SN-ZG-BI4-3,KARTIACK,commune,SN-ZG-BI
SN-ZG-BI4-4,MANGAGOULACK,commune,SN-ZG-BI
SN-ZG-BI4-5,MLOMP,commune,SN-ZG-BI
SN-ZG-BI5-1,COUBALAN,commune,SN-ZG-BI
SN-ZG-BI5-2,NIAMONE,commune,SN-ZG-BI
SN-ZG-BI5-3,OUONCK,commune,SN-ZG-BI
SN-ZG-BI5-4,TENGHORI,commune,SN-ZG-BI
SN-ZG-BI6-1,DJINAKY,commune,SN-ZG-BI
SN-ZG-BI6-2,KAFOUNTINE,commune,SN-ZG-BI
SN-ZG-BI6-3,KATABA 1,commune,SN-ZG-BI
SN-ZG-BI6-4,DIOULOULOU,commune,SN-ZG-BI
SN-ZG-OU1-1,OUSSOUYE,commune,SN-ZG-OU
SN-ZG-OU2-1,DIEMBERING,commune,SN-ZG-OU
SN-ZG-OU2-2,SANTHIABA MANJACK,commune,SN-ZG-OU
SN-ZG-OU3-1,MLOMP,commune,SN-ZG-OU
SN-ZG-OU3-2,OUKOUT,commune,SN-ZG-OU
SN-ZG-ZD1-1,ZIGUINCHOR,commune,SN-ZG-ZD
SN-ZG-ZD2-1,ADEANE,commune,SN-ZG-ZD
SN-ZG-ZD2-2,BOUTOUPA CAMARACOUNDA,commune,SN-ZG-ZD
SN-ZG-ZD2-3,NIAGUIS,commune,SN-ZG-ZD
SN-ZG-ZD3-1,ENAMPORE,commune,SN-ZG-ZD
SN-ZG-ZD3-2,NIASSIA,commune,SN-ZG-ZD
