DATAFLOW;FREQ;REF_AREA_R;REF_AREA_D;REF_AREA_C;REF_AREA_V;INDIC_POP;SEXE;TIME_PERIOD;OBS_VALUE;UNIT;OBS_STATUS;COMMENT_OBS;COMMENT_TS;COMMENT_DS;SOURCE
SN1:DF_HOU(1.0);A10;SN-DB;_T;_T;_T;HOU;_T;2023;197130;NBR;;;;;ANSD
SN1:DF_HOU(1.0);A10;SN-DB;SN-DB-BA;_T;_T;HOU;_T;2023;32007;NBR;;;;;ANSD
SN1:DF_HOU(1.0);A10;SN-DB;SN-DB-BA;SN-DB-BA1-1;_T;HOU;_T;2023;4507;NBR;;;;;ANSD
SN1:DF_HOU(1.0);A10;SN-DB;SN-DB-BA;SN-DB-BA2-1;_T;HOU;_T;2023;1682;NBR;;;;;ANSD
SN1:DF_HOU(1.0);A10;SN-DB;SN-DB-BA;SN-DB-BA2-2;_T;HOU;_T;2023;1043;NBR;;;;;ANSD
SN1:DF_HOU(1.0);A10;SN-DB;SN-DB-BA;SN-DB-BA2-3;_T;HOU;_T;2023;1928;NBR;;;;;ANSD
SN1:DF_HOU(1.0);A10;SN-DB;SN-DB-BA;SN-DB-BA3-1;_T;HOU;_T;2023;1524;NBR;;;;;ANSD
SN1:DF_HOU(1.0);A10;SN-DB;SN-DB-BA;SN-DB-BA3-2;_T;HOU;_T;2023;2713;NBR;;;;;ANSD
SN1:DF_HOU(1.0);A10;SN-DB;SN-DB-BA;SN-DB-BA3-3;_T;HOU;_T;2023;3168;NBR;;;;;ANSD
SN1:DF_HOU(1.0);A10;SN-DB;SN-DB-BA;SN-DB-BA3-4;_T;HOU;_T;2023;3230;NBR;;;;;ANSD
SN1:DF_HOU(1.0);A10;SN-DB;SN-DB-BA;SN-DB-BA4-1;_T;HOU;_T;2023;3463;NBR;;;;;ANSD
SN1:DF_HOU(1.0);A10;SN-DB;SN-DB-BA;SN-DB-BA4-2;_T;HOU;_T;2023;2192;NBR;;;;;ANSD
SN1:DF_HOU(1.0);A10;SN-DB;SN-DB-BA;SN-DB-BA4-3;_T;HOU;_T;2023;4306;NBR;;;;;ANSD
SN1:DF_HOU(1.0);A10;SN-DB;SN-DB-BA;SN-DB-BA4-4;_T;HOU;_T;2023;2251;NBR;;;;;ANSD
SN1:DF_HOU(1.0);A10;SN-DB;SN-DB-DD;_T;_T;HOU;_T;2023;30802;NBR;;;;;ANSD
SN1:DF_HOU(1.0);A10;SN-DB;SN-DB-DD;SN-DB-DD1-1;_T;HOU;_T;2023;15974;NBR;;;;;ANSD
SN1:DF_HOU(1.0);A10;SN-DB;SN-DB-DD;SN-DB-DD2-1;_T;HOU;_T;2023;1018;NBR;;;;;ANSD
SN1:DF_HOU(1.0);A10;SN-DB;SN-DB-DD;SN-DB-DD2-2;_T;HOU;_T;2023;320;NBR;;;;;ANSD
SN1:DF_HOU(1.0);A10;SN-DB;SN-DB-DD;SN-DB-DD2-3;_T;HOU;_T;2023;1507;NBR;;;;;ANSD
SN1:DF_HOU(1.0);A10;SN-DB;SN-DB-DD;SN-DB-DD2-4;_T;HOU;_T;2023;704;NBR;;;;;ANSD
SN1:DF_HOU(1.0);A10;SN-DB;SN-DB-DD;SN-DB-DD2-5;_T;HOU;_T;2023;1031;NBR;;;;;ANSD
SN1:DF_HOU(1.0);A10;SN-DB;SN-DB-DD;SN-DB-DD2-6;_T;HOU;_T;2023;393;NBR;;;;;ANSD
SN1:DF_HOU(1.0);A10;SN-DB;SN-DB-DD;SN-DB-DD3-1;_T;HOU;_T;2023;1278;NBR;;;;;ANSD
SN1:DF_HOU(1.0);A10;SN-DB;SN-DB-DD;SN-DB-DD3-2;_T;HOU;_T;2023;3272;NBR;;;;;ANSD
SN1:DF_HOU(1.0);A10;SN-DB;SN-DB-DD;SN-DB-DD3-3;_T;HOU;_T;2023;2062;NBR;;;;;ANSD
SN1:DF_HOU(1.0);A10;SN-DB;SN-DB-DD;SN-DB-DD3-4;_T;HOU;_T;2023;1983;NBR;;;;;ANSD
SN1:DF_HOU(1.0);A10;SN-DB;SN-DB-DD;SN-DB-DD3-5;_T;HOU;_T;2023;1260;NBR;;;;;ANSD
SN1:DF_HOU(1.0);A10;SN-DB;SN-DB-MB;_T;_T;HOU;_T;2023;134321;NBR;;;;;ANSD
SN1:DF_HOU(1.0);A10;SN-DB;SN-DB-MB;SN-DB-MB1-1;_T;HOU;_T;2023;10588;NBR;;;;;ANSD
SN1:DF_HOU(1.0);A10;SN-DB;SN-DB-MB;SN-DB-MB2-1;_T;HOU;_T;2023;604;NBR;;;;;ANSD
SN1:DF_HOU(1.0);A10;SN-DB;SN-DB-MB;SN-DB-MB2-2;_T;HOU;_T;2023;591;NBR;;;;;ANSD
SN1:DF_HOU(1.0);A10;SN-DB;SN-DB-MB;SN-DB-MB2-3;_T;HOU;_T;2023;591;NBR;;;;;ANSD
SN1:DF_HOU(1.0);A10;SN-DB;SN-DB-MB;SN-DB-MB2-4;_T;HOU;_T;2023;729;NBR;;;;;ANSD
SN1:DF_HOU(1.0);A10;SN-DB;SN-DB-MB;SN-DB-MB2-5;_T;HOU;_T;2023;497;NBR;;;;;ANSD
SN1:DF_HOU(1.0);A10;SN-DB;SN-DB-MB;SN-DB-MB2-6;_T;HOU;_T;2023;1051;NBR;;;;;ANSD
SN1:DF_HOU(1.0);A10;SN-DB;SN-DB-MB;SN-DB-MB2-7;_T;HOU;_T;2023;268;NBR;;;;;ANSD
SN1:DF_HOU(1.0);A10;SN-DB;SN-DB-MB;SN-DB-MB2-8;_T;HOU;_T;2023;198;NBR;;;;;ANSD
SN1:DF_HOU(1.0);A10;SN-DB;SN-DB-MB;SN-DB-MB3-1;_T;HOU;_T;2023;1069;NBR;;;;;ANSD
SN1:DF_HOU(1.0);A10;SN-DB;SN-DB-MB;SN-DB-MB3-2;_T;HOU;_T;2023;708;NBR;;;;;ANSD
SN1:DF_HOU(1.0);A10;SN-DB;SN-DB-MB;SN-DB-MB3-3;_T;HOU;_T;2023;572;NBR;;;;;ANSD
SN1:DF_HOU(1.0);A10;SN-DB;SN-DB-MB;SN-DB-MB3-4;_T;HOU;_T;2023;1144;NBR;;;;;ANSD
SN1:DF_HOU(1.0);A10;SN-DB;SN-DB-MB;SN-DB-MB3-5;_T;HOU;_T;2023;112108;NBR;;;;;ANSD
SN1:DF_HOU(1.0);A10;SN-DB;SN-DB-MB;SN-DB-MB4-1;_T;HOU;_T;2023;2017;NBR;;;;;ANSD
SN1:DF_HOU(1.0);A10;SN-DB;SN-DB-MB;SN-DB-MB4-2;_T;HOU;_T;2023;1586;NBR;;;;;ANSD
SN1:DF_HOU(1.0);A10;SN-DK;_T;_T;_T;HOU;_T;2023;634999;NBR;;;;;ANSD
SN1:DF_HOU(1.0);A10;SN-DK;SN-DK-DD;_T;_T;HOU;_T;2023;243629;NBR;;;;;ANSD
SN1:DF_HOU(1.0);A10;SN-DK;SN-DK-DD;SN-DK-DD1-1;_T;HOU;_T;2023;290;NBR;;;;;ANSD
SN1:DF_HOU(1.0);A10;SN-DK;SN-DK-DD;SN-DK-DD1-2;_T;HOU;_T;2023;7479;NBR;;;;;ANSD
SN1:DF_HOU(1.0);A10;SN-DK;SN-DK-DD;SN-DK-DD1-3;_T;HOU;_T;2023;18235;NBR;;;;;ANSD
SN1:DF_HOU(1.0);A10;SN-DK;SN-DK-DD;SN-DK-DD1-4;_T;HOU;_T;2023;13072;NBR;;;;;ANSD
SN1:DF_HOU(1.0);A10;SN-DK;SN-DK-DD;SN-DK-DD1-5;_T;HOU;_T;2023;3501;NBR;;;;;ANSD
SN1:DF_HOU(1.0);A10;SN-DK;SN-DK-DD;SN-DK-DD2-1;_T;HOU;_T;2023;10569;NBR;;;;;ANSD
SN1:DF_HOU(1.0);A10;SN-DK;SN-DK-DD;SN-DK-DD2-2;_T;HOU;_T;2023;16939;NBR;;;;;ANSD
SN1:DF_HOU(1.0);A10;SN-DK;SN-DK-DD;SN-DK-DD2-3;_T;HOU;_T;2023;7500;NBR;;;;;ANSD
SN1:DF_HOU(1.0);A10;SN-DK;SN-DK-DD;SN-DK-DD2-4;_T;HOU;_T;2023;16345;NBR;;;;;ANSD
SN1:DF_HOU(1.0);A10;SN-DK;SN-DK-DD;SN-DK-DD2-5;_T;HOU;_T;2023;8112;NBR;;;;;ANSD
SN1:DF_HOU(1.0);A10;SN-DK;SN-DK-DD;SN-DK-DD2-6;_T;HOU;_T;2023;7652;NBR;;;;;ANSD
SN1:DF_HOU(1.0);A10;SN-DK;SN-DK-DD;SN-DK-DD3-1;_T;HOU;_T;2023;19811;NBR;;;;;ANSD
SN1:DF_HOU(1.0);A10;SN-DK;SN-DK-DD;SN-DK-DD3-2;_T;HOU;_T;2023;3386;NBR;;;;;ANSD
SN1:DF_HOU(1.0);A10;SN-DK;SN-DK-DD;SN-DK-DD3-3;_T;HOU;_T;2023;21028;NBR;;;;;ANSD
SN1:DF_HOU(1.0);A10;SN-DK;SN-DK-DD;SN-DK-DD3-4;_T;HOU;_T;2023;8075;NBR;;;;;ANSD
SN1:DF_HOU(1.0);A10;SN-DK;SN-DK-DD;SN-DK-DD4-1;_T;HOU;_T;2023;34894;NBR;;;;;ANSD
SN1:DF_HOU(1.0);A10;SN-DK;SN-DK-DD;SN-DK-DD4-2;_T;HOU;_T;2023;7980;NBR;;;;;ANSD
SN1:DF_HOU(1.0);A10;SN-DK;SN-DK-DD;SN-DK-DD4-3;_T;HOU;_T;2023;27556;NBR;;;;;ANSD
SN1:DF_HOU(1.0);A10;SN-DK;SN-DK-DD;SN-DK-DD4-4;_T;HOU;_T;2023;11205;NBR;;;;;ANSD
SN1:DF_HOU(1.0);A10;SN-DK;SN-DK-GU;_T;_T;HOU;_T;2023;55089;NBR;;;;;ANSD
SN1:DF_HOU(1.0);A10;SN-DK;SN-DK-GU;SN-DK-GU1-1;_T;HOU;_T;2023;19411;NBR;;;;;ANSD
SN1:DF_HOU(1.0);A10;SN-DK;SN-DK-GU;SN-DK-GU1-2;_T;HOU;_T;2023;11382;NBR;;;;;ANSD
SN1:DF_HOU(1.0);A10;SN-DK;SN-DK-GU;SN-DK-GU2-1;_T;HOU;_T;2023;5014;NBR;;;;;ANSD
SN1:DF_HOU(1.0);A10;SN-DK;SN-DK-GU;SN-DK-GU2-2;_T;HOU;_T;2023;14532;NBR;;;;;ANSD
SN1:DF_HOU(1.0);A10;SN-DK;SN-DK-GU;SN-DK-GU2-3;_T;HOU;_T;2023;4750;NBR;;;;;ANSD
SN1:DF_HOU(1.0);A10;SN-DK;SN-DK-KM;_T;_T;HOU;_T;2023;111067;NBR;;;;;ANSD
SN1:DF_HOU(1.0);A10;SN-DK;SN-DK-KM;SN-DK-KM1-1;_T;HOU;_T;2023;27902;NBR;;;;;ANSD
SN1:DF_HOU(1.0);A10;SN-DK;SN-DK-KM;SN-DK-KM1-2;_T;HOU;_T;2023;14488;NBR;;;;;ANSD
SN1:DF_HOU(1.0);A10;SN-DK;SN-DK-KM;SN-DK-KM2-1;_T;HOU;_T;2023;8472;NBR;;;;;ANSD
SN1:DF_HOU(1.0);A10;SN-DK;SN-DK-KM;SN-DK-KM2-2;_T;HOU;_T;2023;31764;NBR;;;;;ANSD
SN1:DF_HOU(1.0);A10;SN-DK;SN-DK-KM;SN-DK-KM3-1;_T;HOU;_T;2023;11067;NBR;;;;;ANSD
SN1:DF_HOU(1.0);A10;SN-DK;SN-DK-KM;SN-DK-KM3-2;_T;HOU;_T;2023;17374;NBR;;;;;ANSD
SN1:DF_HOU(1.0);A10;SN-DK;SN-DK-PI;_T;_T;HOU;_T;2023;116482;NBR;;;;;ANSD
SN1:DF_HOU(1.0);A10;SN-DK;SN-DK-PI;SN-DK-PI1-1;_T;HOU;_T;2023;9210;NBR;;;;;ANSD
SN1:DF_HOU(1.0);A10;SN-DK;SN-DK-PI;SN-DK-PI1-2;_T;HOU;_T;2023;5434;NBR;;;;;ANSD
SN1:DF_HOU(1.0);A10;SN-DK;SN-DK-PI;SN-DK-PI1-3;_T;HOU;_T;2023;7988;NBR;;;;;ANSD
SN1:DF_HOU(1.0);A10;SN-DK;SN-DK-PI;SN-DK-PI1-4;_T;HOU;_T;2023;7078;NBR;;;;;ANSD
SN1:DF_HOU(1.0);A10;SN-DK;SN-DK-PI;SN-DK-PI1-5;_T;HOU;_T;2023;13747;NBR;;;;;ANSD
SN1:DF_HOU(1.0);A10;SN-DK;SN-DK-PI;SN-DK-PI1-6;_T;HOU;_T;2023;4482;NBR;;;;;ANSD
SN1:DF_HOU(1.0);A10;SN-DK;SN-DK-PI;SN-DK-PI1-7;_T;HOU;_T;2023;5981;NBR;;;;;ANSD
SN1:DF_HOU(1.0);A10;SN-DK;SN-DK-PI;SN-DK-PI2-1;_T;HOU;_T;2023;8955;NBR;;;;;ANSD
SN1:DF_HOU(1.0);A10;SN-DK;SN-DK-PI;SN-DK-PI2-2;_T;HOU;_T;2023;6184;NBR;;;;;ANSD
SN1:DF_HOU(1.0);A10;SN-DK;SN-DK-PI;SN-DK-PI2-3;_T;HOU;_T;2023;20277;NBR;;;;;ANSD
SN1:DF_HOU(1.0);A10;SN-DK;SN-DK-PI;SN-DK-PI2-4;_T;HOU;_T;2023;3823;NBR;;;;;ANSD
SN1:DF_HOU(1.0);A10;SN-DK;SN-DK-PI;SN-DK-PI2-5;_T;HOU;_T;2023;23323;NBR;;;;;ANSD
SN1:DF_HOU(1.0);A10;SN-DK;SN-DK-RU;_T;_T;HOU;_T;2023;108732;NBR;;;;;ANSD
SN1:DF_HOU(1.0);A10;SN-DK;SN-DK-RU;SN-DK-RU1-1;_T;HOU;_T;2023;17005;NBR;;;;;ANSD
SN1:DF_HOU(1.0);A10;SN-DK;SN-DK-RU;SN-DK-RU1-2;_T;HOU;_T;2023;10582;NBR;;;;;ANSD
SN1:DF_HOU(1.0);A10;SN-DK;SN-DK-RU;SN-DK-RU1-3;_T;HOU;_T;2023;12826;NBR;;;;;ANSD
SN1:DF_HOU(1.0);A10;SN-DK;SN-DK-RU;SN-DK-RU2-1;_T;HOU;_T;2023;8380;NBR;;;;;ANSD
SN1:DF_HOU(1.0);A10;SN-DK;SN-DK-RU;SN-DK-RU3-1;_T;HOU;_T;2023;446;NBR;;;;;ANSD
SN1:DF_HOU(1.0);A10;SN-DK;SN-DK-RU;SN-DK-RU4-1;_T;HOU;_T;2023;3607;NBR;;;;;ANSD
SN1:DF_HOU(1.0);A10;SN-DK;SN-DK-RU;SN-DK-RU4-2;_T;HOU;_T;2023;6440;NBR;;;;;ANSD
SN1:DF_HOU(1.0);A10;SN-DK;SN-DK-RU;SN-DK-RU4-3;_T;HOU;_T;2023;5462;NBR;;;;;ANSD
SN1:DF_HOU(1.0);A10;SN-DK;SN-DK-RU;SN-DK-RU5-1;_T;HOU;_T;2023;8093;NBR;;;;;ANSD
SN1:DF_HOU(1.0);A10;SN-DK;SN-DK-RU;SN-DK-RU5-2;_T;HOU;_T;2023;20400;NBR;;;;;ANSD
SN1:DF_HOU(1.0);A10;SN-DK;SN-DK-RU;SN-DK-RU5-3;_T;HOU;_T;2023;15491;NBR;;;;;ANSD
SN1:DF_HOU(1.0);A10;SN-FK;_T;_T;_T;HOU;_T;2023;88454;NBR;;;;;ANSD
SN1:DF_HOU(1.0);A10;SN-FK;SN-FK-FD;_T;_T;HOU;_T;2023;43180;NBR;;;;;ANSD
SN1:DF_HOU(1.0);A10;SN-FK;SN-FK-FD;SN-FK-FD1-1;_T;HOU;_T;2023;5125;NBR;;;;;ANSD
SN1:DF_HOU(1.0);A10;SN-FK;SN-FK-FD;SN-FK-FD2-1;_T;HOU;_T;2023;1491;NBR;;;;;ANSD
SN1:DF_HOU(1.0);A10;SN-FK;SN-FK-FD;SN-FK-FD3-1;_T;HOU;_T;2023;1471;NBR;;;;;ANSD
SN1:DF_HOU(1.0);A10;SN-FK;SN-FK-FD;SN-FK-FD3-2;_T;HOU;_T;2023;1768;NBR;;;;;ANSD
SN1:DF_HOU(1.0);A10;SN-FK;SN-FK-FD;SN-FK-FD3-3;_T;HOU;_T;2023;2251;NBR;;;;;ANSD
SN1:DF_HOU(1.0);A10;SN-FK;SN-FK-FD;SN-FK-FD3-4;_T;HOU;_T;2023;2403;NBR;;;;;ANSD
SN1:DF_HOU(1.0);A10;SN-FK;SN-FK-FD;SN-FK-FD3-5;_T;HOU;_T;2023;698;NBR;;;;;ANSD
SN1:DF_HOU(1.0);A10;SN-FK;SN-FK-FD;SN-FK-FD4-1;_T;HOU;_T;2023;3789;NBR;;;;;ANSD
SN1:DF_HOU(1.0);A10;SN-FK;SN-FK-FD;SN-FK-FD4-2;_T;HOU;_T;2023;2334;NBR;;;;;ANSD
SN1:DF_HOU(1.0);A10;SN-FK;SN-FK-FD;SN-FK-FD4-3;_T;HOU;_T;2023;1833;NBR;;;;;ANSD
SN1:DF_HOU(1.0);A10;SN-FK;SN-FK-FD;SN-FK-FD4-4;_T;HOU;_T;2023;1109;NBR;;;;;ANSD
SN1:DF_HOU(1.0);A10;SN-FK;SN-FK-FD;SN-FK-FD5-1;_T;HOU;_T;2023;2546;NBR;;;;;ANSD
SN1:DF_HOU(1.0);A10;SN-FK;SN-FK-FD;SN-FK-FD5-2;_T;HOU;_T;2023;3524;NBR;;;;;ANSD
SN1:DF_HOU(1.0);A10;SN-FK;SN-FK-FD;SN-FK-FD5-3;_T;HOU;_T;2023;2813;NBR;;;;;ANSD
SN1:DF_HOU(1.0);A10;SN-FK;SN-FK-FD;SN-FK-FD6-1;_T;HOU;_T;2023;3413;NBR;;;;;ANSD
SN1:DF_HOU(1.0);A10;SN-FK;SN-FK-FD;SN-FK-FD6-2;_T;HOU;_T;2023;3105;NBR;;;;;ANSD
SN1:DF_HOU(1.0);A10;SN-FK;SN-FK-FD;SN-FK-FD6-3;_T;HOU;_T;2023;3507;NBR;;;;;ANSD
SN1:DF_HOU(1.0);A10;SN-FK;SN-FK-FO;_T;_T;HOU;_T;2023;34042;NBR;;;;;ANSD
SN1:DF_HOU(1.0);A10;SN-FK;SN-FK-FO;SN-FK-FO1-1;_T;HOU;_T;2023;1283;NBR;;;;;ANSD
SN1:DF_HOU(1.0);A10;SN-FK;SN-FK-FO;SN-FK-FO2-1;_T;HOU;_T;2023;2722;NBR;;;;;ANSD
SN1:DF_HOU(1.0);A10;SN-FK;SN-FK-FO;SN-FK-FO3-1;_T;HOU;_T;2023;2205;NBR;;;;;ANSD
SN1:DF_HOU(1.0);A10;SN-FK;SN-FK-FO;SN-FK-FO3-2;_T;HOU;_T;2023;2260;NBR;;;;;ANSD
SN1:DF_HOU(1.0);A10;SN-FK;SN-FK-FO;SN-FK-FO3-3;_T;HOU;_T;2023;882;NBR;;;;;ANSD
SN1:DF_HOU(1.0);A10;SN-FK;SN-FK-FO;SN-FK-FO3-4;_T;HOU;_T;2023;1349;NBR;;;;;ANSD
SN1:DF_HOU(1.0);A10;SN-FK;SN-FK-FO;SN-FK-FO3-5;_T;HOU;_T;2023;1585;NBR;;;;;ANSD
SN1:DF_HOU(1.0);A10;SN-FK;SN-FK-FO;SN-FK-FO3-6;_T;HOU;_T;2023;1931;NBR;;;;;ANSD
SN1:DF_HOU(1.0);A10;SN-FK;SN-FK-FO;SN-FK-FO3-7;_T;HOU;_T;2023;719;NBR;;;;;ANSD
SN1:DF_HOU(1.0);A10;SN-FK;SN-FK-FO;SN-FK-FO4-1;_T;HOU;_T;2023;994;NBR;;;;;ANSD
SN1:DF_HOU(1.0);A10;SN-FK;SN-FK-FO;SN-FK-FO4-2;_T;HOU;_T;2023;1176;NBR;;;;;ANSD
SN1:DF_HOU(1.0);A10;SN-FK;SN-FK-FO;SN-FK-FO4-3;_T;HOU;_T;2023;967;NBR;;;;;ANSD
SN1:DF_HOU(1.0);A10;SN-FK;SN-FK-FO;SN-FK-FO5-1;_T;HOU;_T;2023;2751;NBR;;;;;ANSD
SN1:DF_HOU(1.0);A10;SN-FK;SN-FK-FO;SN-FK-FO5-2;_T;HOU;_T;2023;2760;NBR;;;;;ANSD
SN1:DF_HOU(1.0);A10;SN-FK;SN-FK-FO;SN-FK-FO5-3;_T;HOU;_T;2023;3259;NBR;;;;;ANSD
SN1:DF_HOU(1.0);A10;SN-FK;SN-FK-FO;SN-FK-FO5-4;_T;HOU;_T;2023;4097;NBR;;;;;ANSD
SN1:DF_HOU(1.0);A10;SN-FK;SN-FK-FO;SN-FK-FO5-5;_T;HOU;_T;2023;3102;NBR;;;;;ANSD
SN1:DF_HOU(1.0);A10;SN-FK;SN-FK-GO;_T;_T;HOU;_T;2023;11232;NBR;;;;;ANSD
SN1:DF_HOU(1.0);A10;SN-FK;SN-FK-GO;SN-FK-GO1-1;_T;HOU;_T;2023;1705;NBR;;;;;ANSD
SN1:DF_HOU(1.0);A10;SN-FK;SN-FK-GO;SN-FK-GO2-1;_T;HOU;_T;2023;1995;NBR;;;;;ANSD
SN1:DF_HOU(1.0);A10;SN-FK;SN-FK-GO;SN-FK-GO2-2;_T;HOU;_T;2023;3131;NBR;;;;;ANSD
SN1:DF_HOU(1.0);A10;SN-FK;SN-FK-GO;SN-FK-GO3-1;_T;HOU;_T;2023;1204;NBR;;;;;ANSD
SN1:DF_HOU(1.0);A10;SN-FK;SN-FK-GO;SN-FK-GO3-2;_T;HOU;_T;2023;1399;NBR;;;;;ANSD
SN1:DF_HOU(1.0);A10;SN-FK;SN-FK-GO;SN-FK-GO3-3;_T;HOU;_T;2023;1798;NBR;;;;;ANSD
SN1:DF_HOU(1.0);A10;SN-KA;_T;_T;_T;HOU;_T;2023;72654;NBR;;;;;ANSD
SN1:DF_HOU(1.0);A10;SN-KA;SN-KA-BI;_T;_T;HOU;_T;2023;12993;NBR;;;;;ANSD
SN1:DF_HOU(1.0);A10;SN-KA;SN-KA-BI;SN-KA-BI1-1;_T;HOU;_T;2023;1218;NBR;;;;;ANSD
SN1:DF_HOU(1.0);A10;SN-KA;SN-KA-BI;SN-KA-BI2-1;_T;HOU;_T;2023;1287;NBR;;;;;ANSD
SN1:DF_HOU(1.0);A10;SN-KA;SN-KA-BI;SN-KA-BI2-2;_T;HOU;_T;2023;1425;NBR;;;;;ANSD
SN1:DF_HOU(1.0);A10;SN-KA;SN-KA-BI;SN-KA-BI2-3;_T;HOU;_T;2023;1295;NBR;;;;;ANSD
SN1:DF_HOU(1.0);A10;SN-KA;SN-KA-BI;SN-KA-BI3-1;_T;HOU;_T;2023;2832;NBR;;;;;ANSD
SN1:DF_HOU(1.0);A10;SN-KA;SN-KA-BI;SN-KA-BI3-2;_T;HOU;_T;2023;3618;NBR;;;;;ANSD
SN1:DF_HOU(1.0);A10;SN-KA;SN-KA-BI;SN-KA-BI3-3;_T;HOU;_T;2023;689;NBR;;;;;ANSD
SN1:DF_HOU(1.0);A10;SN-KA;SN-KA-BI;SN-KA-BI3-4;_T;HOU;_T;2023;629;NBR;;;;;ANSD
SN1:DF_HOU(1.0);A10;SN-KA;SN-KA-KA;_T;_T;HOU;_T;2023;25086;NBR;;;;;ANSD
SN1:DF_HOU(1.0);A10;SN-KA;SN-KA-KA;SN-KA-KA1-1;_T;HOU;_T;2023;6038;NBR;;;;;ANSD
SN1:DF_HOU(1.0);A10;SN-KA;SN-KA-KA;SN-KA-KA2-1;_T;HOU;_T;2023;2878;NBR;;;;;ANSD
SN1:DF_HOU(1.0);A10;SN-KA;SN-KA-KA;SN-KA-KA2-2;_T;HOU;_T;2023;1803;NBR;;;;;ANSD
SN1:DF_HOU(1.0);A10;SN-KA;SN-KA-KA;SN-KA-KA2-3;_T;HOU;_T;2023;2694;NBR;;;;;ANSD
SN1:DF_HOU(1.0);A10;SN-KA;SN-KA-KA;SN-KA-KA3-1;_T;HOU;_T;2023;2556;NBR;;;;;ANSD
SN1:DF_HOU(1.0);A10;SN-KA;SN-KA-KA;SN-KA-KA3-2;_T;HOU;_T;2023;3851;NBR;;;;;ANSD
SN1:DF_HOU(1.0);A10;SN-KA;SN-KA-KA;SN-KA-KA3-3;_T;HOU;_T;2023;2050;NBR;;;;;ANSD
SN1:DF_HOU(1.0);A10;SN-KA;SN-KA-KA;SN-KA-KA3-4;_T;HOU;_T;2023;2068;NBR;;;;;ANSD
SN1:DF_HOU(1.0);A10;SN-KA;SN-KA-KA;SN-KA-KA3-5;_T;HOU;_T;2023;1148;NBR;;;;;ANSD
SN1:DF_HOU(1.0);A10;SN-KA;SN-KA-KO;_T;_T;HOU;_T;2023;23226;NBR;;;;;ANSD
SN1:DF_HOU(1.0);A10;SN-KA;SN-KA-KO;SN-KA-KO1-1;_T;HOU;_T;2023;3651;NBR;;;;;ANSD
SN1:DF_HOU(1.0);A10;SN-KA;SN-KA-KO;SN-KA-KO2-1;_T;HOU;_T;2023;2859;NBR;;;;;ANSD
SN1:DF_HOU(1.0);A10;SN-KA;SN-KA-KO;SN-KA-KO2-2;_T;HOU;_T;2023;1843;NBR;;;;;ANSD
SN1:DF_HOU(1.0);A10;SN-KA;SN-KA-KO;SN-KA-KO2-3;_T;HOU;_T;2023;2527;NBR;;;;;ANSD
SN1:DF_HOU(1.0);A10;SN-KA;SN-KA-KO;SN-KA-KO3-1;_T;HOU;_T;2023;3413;NBR;;;;;ANSD
SN1:DF_HOU(1.0);A10;SN-KA;SN-KA-KO;SN-KA-KO3-2;_T;HOU;_T;2023;2265;NBR;;;;;ANSD
SN1:DF_HOU(1.0);A10;SN-KA;SN-KA-KO;SN-KA-KO4-1;_T;HOU;_T;2023;2451;NBR;;;;;ANSD
SN1:DF_HOU(1.0);A10;SN-KA;SN-KA-KO;SN-KA-KO4-2;_T;HOU;_T;2023;1663;NBR;;;;;ANSD
SN1:DF_HOU(1.0);A10;SN-KA;SN-KA-KO;SN-KA-KO4-3;_T;HOU;_T;2023;2554;NBR;;;;;ANSD
SN1:DF_HOU(1.0);A10;SN-KA;SN-KA-MH;_T;_T;HOU;_T;2023;11349;NBR;;;;;ANSD
SN1:DF_HOU(1.0);A10;SN-KA;SN-KA-MH;SN-KA-MH1-1;_T;HOU;_T;2023;993;NBR;;;;;ANSD
SN1:DF_HOU(1.0);A10;SN-KA;SN-KA-MH;SN-KA-MH2-1;_T;HOU;_T;2023;1996;NBR;;;;;ANSD
SN1:DF_HOU(1.0);A10;SN-KA;SN-KA-MH;SN-KA-MH2-2;_T;HOU;_T;2023;1208;NBR;;;;;ANSD
SN1:DF_HOU(1.0);A10;SN-KA;SN-KA-MH;SN-KA-MH2-3;_T;HOU;_T;2023;9;NBR;;;;;ANSD
SN1:DF_HOU(1.0);A10;SN-KA;SN-KA-MH;SN-KA-MH2-4;_T;HOU;_T;2023;846;NBR;;;;;ANSD
SN1:DF_HOU(1.0);A10;SN-KA;SN-KA-MH;SN-KA-MH3-1;_T;HOU;_T;2023;2256;NBR;;;;;ANSD
SN1:DF_HOU(1.0);A10;SN-KA;SN-KA-MH;SN-KA-MH3-2;_T;HOU;_T;2023;4041;NBR;;;;;ANSD
SN1:DF_HOU(1.0);A10;SN-KD;_T;_T;_T;HOU;_T;2023;31558;NBR;;;;;ANSD
SN1:DF_HOU(1.0);A10;SN-KD;SN-KD-KD;_T;_T;HOU;_T;2023;32308;NBR;;;;;ANSD
SN1:DF_HOU(1.0);A10;SN-KD;SN-KD-KD;SN-KD-KD1-1;_T;HOU;_T;2023;12539;NBR;;;;;ANSD
SN1:DF_HOU(1.0);A10;SN-KD;SN-KD-KD;SN-KD-KD2-1;_T;HOU;_T;2023;3361;NBR;;;;;ANSD
SN1:DF_HOU(1.0);A10;SN-KD;SN-KD-KD;SN-KD-KD2-2;_T;HOU;_T;2023;1111;NBR;;;;;ANSD
SN1:DF_HOU(1.0);A10;SN-KD;SN-KD-KD;SN-KD-KD2-3;_T;HOU;_T;2023;1463;NBR;;;;;ANSD
SN1:DF_HOU(1.0);A10;SN-KD;SN-KD-KD;SN-KD-KD2-4;_T;HOU;_T;2023;1453;NBR;;;;;ANSD
SN1:DF_HOU(1.0);A10;SN-KD;SN-KD-KD;SN-KD-KD2-5;_T;HOU;_T;2023;406;NBR;;;;;ANSD
SN1:DF_HOU(1.0);A10;SN-KD;SN-KD-KD;SN-KD-KD2-6;_T;HOU;_T;2023;418;NBR;;;;;ANSD
SN1:DF_HOU(1.0);A10;SN-KD;SN-KD-KD;SN-KD-KD3-1;_T;HOU;_T;2023;1863;NBR;;;;;ANSD
SN1:DF_HOU(1.0);A10;SN-KD;SN-KD-KD;SN-KD-KD3-2;_T;HOU;_T;2023;1282;NBR;;;;;ANSD
SN1:DF_HOU(1.0);A10;SN-KD;SN-KD-KD;SN-KD-KD3-3;_T;HOU;_T;2023;1956;NBR;;;;;ANSD
SN1:DF_HOU(1.0);A10;SN-KD;SN-KD-KD;SN-KD-KD3-4;_T;HOU;_T;2023;1459;NBR;;;;;ANSD
SN1:DF_HOU(1.0);A10;SN-KD;SN-KD-KD;SN-KD-KD3-5;_T;HOU;_T;2023;1482;NBR;;;;;ANSD
SN1:DF_HOU(1.0);A10;SN-KD;SN-KD-KD;SN-KD-KD3-6;_T;HOU;_T;2023;1010;NBR;;;;;ANSD
SN1:DF_HOU(1.0);A10;SN-KD;SN-KD-KD;SN-KD-KD4-1;_T;HOU;_T;2023;2012;NBR;;;;;ANSD
SN1:DF_HOU(1.0);A10;SN-KD;SN-KD-KD;SN-KD-KD4-2;_T;HOU;_T;2023;493;NBR;;;;;ANSD
SN1:DF_HOU(1.0);A10;SN-KD;SN-KD-MY;_T;_T;HOU;_T;2023;15182;NBR;;;;;ANSD
SN1:DF_HOU(1.0);A10;SN-KD;SN-KD-MY;SN-KD-MY1-1;_T;HOU;_T;2023;618;NBR;;;;;ANSD
SN1:DF_HOU(1.0);A10;SN-KD;SN-KD-MY;SN-KD-MY2-1;_T;HOU;_T;2023;787;NBR;;;;;ANSD
SN1:DF_HOU(1.0);A10;SN-KD;SN-KD-MY;SN-KD-MY2-2;_T;HOU;_T;2023;1202;NBR;;;;;ANSD
SN1:DF_HOU(1.0);A10;SN-KD;SN-KD-MY;SN-KD-MY3-1;_T;HOU;_T;2023;1877;NBR;;;;;ANSD
SN1:DF_HOU(1.0);A10;SN-KD;SN-KD-MY;SN-KD-MY3-2;_T;HOU;_T;2023;725;NBR;;;;;ANSD
SN1:DF_HOU(1.0);A10;SN-KD;SN-KD-MY;SN-KD-MY3-3;_T;HOU;_T;2023;2937;NBR;;;;;ANSD
SN1:DF_HOU(1.0);A10;SN-KD;SN-KD-MY;SN-KD-MY3-4;_T;HOU;_T;2023;651;NBR;;;;;ANSD
SN1:DF_HOU(1.0);A10;SN-KD;SN-KD-MY;SN-KD-MY4-1;_T;HOU;_T;2023;1564;NBR;;;;;ANSD
SN1:DF_HOU(1.0);A10;SN-KD;SN-KD-MY;SN-KD-MY4-2;_T;HOU;_T;2023;2956;NBR;;;;;ANSD
SN1:DF_HOU(1.0);A10;SN-KD;SN-KD-MY;SN-KD-MY4-3;_T;HOU;_T;2023;1519;NBR;;;;;ANSD
SN1:DF_HOU(1.0);A10;SN-KD;SN-KD-MY;SN-KD-MY4-4;_T;HOU;_T;2023;346;NBR;;;;;ANSD
SN1:DF_HOU(1.0);A10;SN-KD;SN-KD-VE;_T;_T;HOU;_T;2023;39051;NBR;;;;;ANSD
SN1:DF_HOU(1.0);A10;SN-KD;SN-KD-VE;SN-KD-VE1-1;_T;HOU;_T;2023;5694;NBR;;;;;ANSD
SN1:DF_HOU(1.0);A10;SN-KD;SN-KD-VE;SN-KD-VE2-1;_T;HOU;_T;2023;1444;NBR;;;;;ANSD
SN1:DF_HOU(1.0);A10;SN-KD;SN-KD-VE;SN-KD-VE2-2;_T;HOU;_T;2023;2477;NBR;;;;;ANSD
SN1:DF_HOU(1.0);A10;SN-KD;SN-KD-VE;SN-KD-VE2-3;_T;HOU;_T;2023;6878;NBR;;;;;ANSD
SN1:DF_HOU(1.0);A10;SN-KD;SN-KD-VE;SN-KD-VE2-4;_T;HOU;_T;2023;3747;NBR;;;;;ANSD
SN1:DF_HOU(1.0);A10;SN-KD;SN-KD-VE;SN-KD-VE3-1;_T;HOU;_T;2023;1934;NBR;;;;;ANSD
SN1:DF_HOU(1.0);A10;SN-KD;SN-KD-VE;SN-KD-VE3-2;_T;HOU;_T;2023;2071;NBR;;;;;ANSD
SN1:DF_HOU(1.0);A10;SN-KD;SN-KD-VE;SN-KD-VE3-3;_T;HOU;_T;2023;1521;NBR;;;;;ANSD
SN1:DF_HOU(1.0);A10;SN-KD;SN-KD-VE;SN-KD-VE4-1;_T;HOU;_T;2023;1768;NBR;;;;;ANSD
SN1:DF_HOU(1.0);A10;SN-KD;SN-KD-VE;SN-KD-VE4-2;_T;HOU;_T;2023;2291;NBR;;;;;ANSD
SN1:DF_HOU(1.0);A10;SN-KD;SN-KD-VE;SN-KD-VE4-3;_T;HOU;_T;2023;1126;NBR;;;;;ANSD
SN1:DF_HOU(1.0);A10;SN-KD;SN-KD-VE;SN-KD-VE4-4;_T;HOU;_T;2023;1461;NBR;;;;;ANSD
SN1:DF_HOU(1.0);A10;SN-KD;SN-KD-VE;SN-KD-VE4-5;_T;HOU;_T;2023;4913;NBR;;;;;ANSD
SN1:DF_HOU(1.0);A10;SN-KD;SN-KD-VE;SN-KD-VE4-6;_T;HOU;_T;2023;1726;NBR;;;;;ANSD
SN1:DF_HOU(1.0);A10;SN-KE;_T;_T;_T;HOU;_T;2023;86541;NBR;;;;;ANSD
SN1:DF_HOU(1.0);A10;SN-KE;SN-KE-KE;_T;_T;HOU;_T;2023;16110;NBR;;;;;ANSD
SN1:DF_HOU(1.0);A10;SN-KE;SN-KE-KE;SN-KE-KE1-1;_T;HOU;_T;2023;8116;NBR;;;;;ANSD
SN1:DF_HOU(1.0);A10;SN-KE;SN-KE-KE;SN-KE-KE2-1;_T;HOU;_T;2023;1806;NBR;;;;;ANSD
SN1:DF_HOU(1.0);A10;SN-KE;SN-KE-KE;SN-KE-KE2-2;_T;HOU;_T;2023;2259;NBR;;;;;ANSD
SN1:DF_HOU(1.0);A10;SN-KE;SN-KE-KE;SN-KE-KE2-3;_T;HOU;_T;2023;933;NBR;;;;;ANSD
SN1:DF_HOU(1.0);A10;SN-KE;SN-KE-KE;SN-KE-KE2-4;_T;HOU;_T;2023;892;NBR;;;;;ANSD
SN1:DF_HOU(1.0);A10;SN-KE;SN-KE-KE;SN-KE-KE3-1;_T;HOU;_T;2023;1324;NBR;;;;;ANSD
SN1:DF_HOU(1.0);A10;SN-KE;SN-KE-KE;SN-KE-KE3-2;_T;HOU;_T;2023;780;NBR;;;;;ANSD
SN1:DF_HOU(1.0);A10;SN-KE;SN-KE-SA;_T;_T;HOU;_T;2023;11389;NBR;;;;;ANSD
SN1:DF_HOU(1.0);A10;SN-KE;SN-KE-SA;SN-KE-SA1-1;_T;HOU;_T;2023;629;NBR;;;;;ANSD
SN1:DF_HOU(1.0);A10;SN-KE;SN-KE-SA;SN-KE-SA2-1;_T;HOU;_T;2023;1224;NBR;;;;;ANSD
SN1:DF_HOU(1.0);A10;SN-KE;SN-KE-SA;SN-KE-SA2-2;_T;HOU;_T;2023;3376;NBR;;;;;ANSD
SN1:DF_HOU(1.0);A10;SN-KE;SN-KE-SA;SN-KE-SA3-1;_T;HOU;_T;2023;1172;NBR;;;;;ANSD
SN1:DF_HOU(1.0);A10;SN-KE;SN-KE-SA;SN-KE-SA3-2;_T;HOU;_T;2023;2640;NBR;;;;;ANSD
SN1:DF_HOU(1.0);A10;SN-KE;SN-KE-SA;SN-KE-SA3-3;_T;HOU;_T;2023;2348;NBR;;;;;ANSD
SN1:DF_HOU(1.0);A10;SN-KE;SN-KE-SL;_T;_T;HOU;_T;2023;4059;NBR;;;;;ANSD
SN1:DF_HOU(1.0);A10;SN-KE;SN-KE-SL;SN-KE-SL1-1;_T;HOU;_T;2023;1066;NBR;;;;;ANSD
SN1:DF_HOU(1.0);A10;SN-KE;SN-KE-SL;SN-KE-SL2-1;_T;HOU;_T;2023;594;NBR;;;;;ANSD
SN1:DF_HOU(1.0);A10;SN-KE;SN-KE-SL;SN-KE-SL2-2;_T;HOU;_T;2023;748;NBR;;;;;ANSD
SN1:DF_HOU(1.0);A10;SN-KE;SN-KE-SL;SN-KE-SL3-1;_T;HOU;_T;2023;625;NBR;;;;;ANSD
SN1:DF_HOU(1.0);A10;SN-KE;SN-KE-SL;SN-KE-SL3-2;_T;HOU;_T;2023;613;NBR;;;;;ANSD
SN1:DF_HOU(1.0);A10;SN-KE;SN-KE-SL;SN-KE-SL3-3;_T;HOU;_T;2023;413;NBR;;;;;ANSD
SN1:DF_HOU(1.0);A10;SN-KL;_T;_T;_T;HOU;_T;2023;124298;NBR;;;;;ANSD
SN1:DF_HOU(1.0);A10;SN-KL;SN-KL-GU;_T;_T;HOU;_T;2023;14909;NBR;;;;;ANSD
SN1:DF_HOU(1.0);A10;SN-KL;SN-KL-GU;SN-KL-GU1-1;_T;HOU;_T;2023;2253;NBR;;;;;ANSD
SN1:DF_HOU(1.0);A10;SN-KL;SN-KL-GU;SN-KL-GU2-1;_T;HOU;_T;2023;2514;NBR;;;;;ANSD
SN1:DF_HOU(1.0);A10;SN-KL;SN-KL-GU;SN-KL-GU2-2;_T;HOU;_T;2023;1206;NBR;;;;;ANSD
SN1:DF_HOU(1.0);A10;SN-KL;SN-KL-GU;SN-KL-GU2-3;_T;HOU;_T;2023;1651;NBR;;;;;ANSD
SN1:DF_HOU(1.0);A10;SN-KL;SN-KL-GU;SN-KL-GU2-4;_T;HOU;_T;2023;1474;NBR;;;;;ANSD
SN1:DF_HOU(1.0);A10;SN-KL;SN-KL-GU;SN-KL-GU2-5;_T;HOU;_T;2023;699;NBR;;;;;ANSD
SN1:DF_HOU(1.0);A10;SN-KL;SN-KL-GU;SN-KL-GU3-1;_T;HOU;_T;2023;938;NBR;;;;;ANSD
SN1:DF_HOU(1.0);A10;SN-KL;SN-KL-GU;SN-KL-GU3-2;_T;HOU;_T;2023;1029;NBR;;;;;ANSD
SN1:DF_HOU(1.0);A10;SN-KL;SN-KL-GU;SN-KL-GU3-3;_T;HOU;_T;2023;1233;NBR;;;;;ANSD
SN1:DF_HOU(1.0);A10;SN-KL;SN-KL-GU;SN-KL-GU3-4;_T;HOU;_T;2023;578;NBR;;;;;ANSD
SN1:DF_HOU(1.0);A10;SN-KL;SN-KL-GU;SN-KL-GU3-5;_T;HOU;_T;2023;789;NBR;;;;;ANSD
SN1:DF_HOU(1.0);A10;SN-KL;SN-KL-GU;SN-KL-GU3-6;_T;HOU;_T;2023;545;NBR;;;;;ANSD
SN1:DF_HOU(1.0);A10;SN-KL;SN-KL-KA;_T;_T;HOU;_T;2023;67273;NBR;;;;;ANSD
SN1:DF_HOU(1.0);A10;SN-KL;SN-KL-KA;SN-KL-KA1-1;_T;HOU;_T;2023;34873;NBR;;;;;ANSD
SN1:DF_HOU(1.0);A10;SN-KL;SN-KL-KA;SN-KL-KA2-1;_T;HOU;_T;2023;3018;NBR;;;;;ANSD
SN1:DF_HOU(1.0);A10;SN-KL;SN-KL-KA;SN-KL-KA3-1;_T;HOU;_T;2023;3016;NBR;;;;;ANSD
SN1:DF_HOU(1.0);A10;SN-KL;SN-KL-KA;SN-KL-KA3-2;_T;HOU;_T;2023;4320;NBR;;;;;ANSD
SN1:DF_HOU(1.0);A10;SN-KL;SN-KL-KA;SN-KL-KA3-3;_T;HOU;_T;2023;3192;NBR;;;;;ANSD
SN1:DF_HOU(1.0);A10;SN-KL;SN-KL-KA;SN-KL-KA4-1;_T;HOU;_T;2023;3518;NBR;;;;;ANSD
SN1:DF_HOU(1.0);A10;SN-KL;SN-KL-KA;SN-KL-KA4-2;_T;HOU;_T;2023;2807;NBR;;;;;ANSD
SN1:DF_HOU(1.0);A10;SN-KL;SN-KL-KA;SN-KL-KA4-3;_T;HOU;_T;2023;2478;NBR;;;;;ANSD
SN1:DF_HOU(1.0);A10;SN-KL;SN-KL-KA;SN-KL-KA4-4;_T;HOU;_T;2023;2118;NBR;;;;;ANSD
SN1:DF_HOU(1.0);A10;SN-KL;SN-KL-KA;SN-KL-KA5-1;_T;HOU;_T;2023;1723;NBR;;;;;ANSD
SN1:DF_HOU(1.0);A10;SN-KL;SN-KL-KA;SN-KL-KA5-2;_T;HOU;_T;2023;1374;NBR;;;;;ANSD
SN1:DF_HOU(1.0);A10;SN-KL;SN-KL-KA;SN-KL-KA5-3;_T;HOU;_T;2023;1653;NBR;;;;;ANSD
SN1:DF_HOU(1.0);A10;SN-KL;SN-KL-KA;SN-KL-KA5-4;_T;HOU;_T;2023;1911;NBR;;;;;ANSD
SN1:DF_HOU(1.0);A10;SN-KL;SN-KL-KA;SN-KL-KA5-5;_T;HOU;_T;2023;1272;NBR;;;;;ANSD
SN1:DF_HOU(1.0);A10;SN-KL;SN-KL-ND;_T;_T;HOU;_T;2023;42116;NBR;;;;;ANSD
SN1:DF_HOU(1.0);A10;SN-KL;SN-KL-ND;SN-KL-ND1-1;_T;HOU;_T;2023;3030;NBR;;;;;ANSD
SN1:DF_HOU(1.0);A10;SN-KL;SN-KL-ND;SN-KL-ND2-1;_T;HOU;_T;2023;3006;NBR;;;;;ANSD
SN1:DF_HOU(1.0);A10;SN-KL;SN-KL-ND;SN-KL-ND2-2;_T;HOU;_T;2023;5667;NBR;;;;;ANSD
SN1:DF_HOU(1.0);A10;SN-KL;SN-KL-ND;SN-KL-ND2-3;_T;HOU;_T;2023;2821;NBR;;;;;ANSD
SN1:DF_HOU(1.0);A10;SN-KL;SN-KL-ND;SN-KL-ND3-1;_T;HOU;_T;2023;3161;NBR;;;;;ANSD
SN1:DF_HOU(1.0);A10;SN-KL;SN-KL-ND;SN-KL-ND3-2;_T;HOU;_T;2023;1965;NBR;;;;;ANSD
SN1:DF_HOU(1.0);A10;SN-KL;SN-KL-ND;SN-KL-ND3-3;_T;HOU;_T;2023;3679;NBR;;;;;ANSD
SN1:DF_HOU(1.0);A10;SN-KL;SN-KL-ND;SN-KL-ND3-4;_T;HOU;_T;2023;3051;NBR;;;;;ANSD
SN1:DF_HOU(1.0);A10;SN-KL;SN-KL-ND;SN-KL-ND3-5;_T;HOU;_T;2023;1068;NBR;;;;;ANSD
SN1:DF_HOU(1.0);A10;SN-KL;SN-KL-ND;SN-KL-ND3-6;_T;HOU;_T;2023;2838;NBR;;;;;ANSD
SN1:DF_HOU(1.0);A10;SN-KL;SN-KL-ND;SN-KL-ND4-1;_T;HOU;_T;2023;3024;NBR;;;;;ANSD
SN1:DF_HOU(1.0);A10;SN-KL;SN-KL-ND;SN-KL-ND4-2;_T;HOU;_T;2023;2397;NBR;;;;;ANSD
SN1:DF_HOU(1.0);A10;SN-KL;SN-KL-ND;SN-KL-ND4-3;_T;HOU;_T;2023;3824;NBR;;;;;ANSD
SN1:DF_HOU(1.0);A10;SN-KL;SN-KL-ND;SN-KL-ND4-4;_T;HOU;_T;2023;968;NBR;;;;;ANSD
SN1:DF_HOU(1.0);A10;SN-KL;SN-KL-ND;SN-KL-ND4-5;_T;HOU;_T;2023;1617;NBR;;;;;ANSD
SN1:DF_HOU(1.0);A10;SN-LG;_T;_T;_T;HOU;_T;2023;121186;NBR;;;;;ANSD
SN1:DF_HOU(1.0);A10;SN-LG;SN-LG-KE;_T;_T;HOU;_T;2023;34092;NBR;;;;;ANSD
SN1:DF_HOU(1.0);A10;SN-LG;SN-LG-KE;SN-LG-KE1-1;_T;HOU;_T;2023;3351;NBR;;;;;ANSD
SN1:DF_HOU(1.0);A10;SN-LG;SN-LG-KE;SN-LG-KE2-1;_T;HOU;_T;2023;1364;NBR;;;;;ANSD
SN1:DF_HOU(1.0);A10;SN-LG;SN-LG-KE;SN-LG-KE2-2;_T;HOU;_T;2023;5274;NBR;;;;;ANSD
SN1:DF_HOU(1.0);A10;SN-LG;SN-LG-KE;SN-LG-KE2-3;_T;HOU;_T;2023;981;NBR;;;;;ANSD
SN1:DF_HOU(1.0);A10;SN-LG;SN-LG-KE;SN-LG-KE2-4;_T;HOU;_T;2023;641;NBR;;;;;ANSD
SN1:DF_HOU(1.0);A10;SN-LG;SN-LG-KE;SN-LG-KE2-5;_T;HOU;_T;2023;1887;NBR;;;;;ANSD
SN1:DF_HOU(1.0);A10;SN-LG;SN-LG-KE;SN-LG-KE2-6;_T;HOU;_T;2023;1393;NBR;;;;;ANSD
SN1:DF_HOU(1.0);A10;SN-LG;SN-LG-KE;SN-LG-KE2-7;_T;HOU;_T;2023;697;NBR;;;;;ANSD
SN1:DF_HOU(1.0);A10;SN-LG;SN-LG-KE;SN-LG-KE3-1;_T;HOU;_T;2023;1898;NBR;;;;;ANSD
SN1:DF_HOU(1.0);A10;SN-LG;SN-LG-KE;SN-LG-KE3-2;_T;HOU;_T;2023;1966;NBR;;;;;ANSD
SN1:DF_HOU(1.0);A10;SN-LG;SN-LG-KE;SN-LG-KE3-3;_T;HOU;_T;2023;1255;NBR;;;;;ANSD
SN1:DF_HOU(1.0);A10;SN-LG;SN-LG-KE;SN-LG-KE3-4;_T;HOU;_T;2023;2731;NBR;;;;;ANSD
SN1:DF_HOU(1.0);A10;SN-LG;SN-LG-KE;SN-LG-KE3-5;_T;HOU;_T;2023;2394;NBR;;;;;ANSD
SN1:DF_HOU(1.0);A10;SN-LG;SN-LG-KE;SN-LG-KE3-6;_T;HOU;_T;2023;1081;NBR;;;;;ANSD
SN1:DF_HOU(1.0);A10;SN-LG;SN-LG-KE;SN-LG-KE4-1;_T;HOU;_T;2023;1007;NBR;;;;;ANSD
SN1:DF_HOU(1.0);A10;SN-LG;SN-LG-KE;SN-LG-KE4-2;_T;HOU;_T;2023;934;NBR;;;;;ANSD
SN1:DF_HOU(1.0);A10;SN-LG;SN-LG-KE;SN-LG-KE4-3;_T;HOU;_T;2023;1709;NBR;;;;;ANSD
SN1:DF_HOU(1.0);A10;SN-LG;SN-LG-KE;SN-LG-KE4-4;_T;HOU;_T;2023;2347;NBR;;;;;ANSD
SN1:DF_HOU(1.0);A10;SN-LG;SN-LG-KE;SN-LG-KE4-5;_T;HOU;_T;2023;1182;NBR;;;;;ANSD
SN1:DF_HOU(1.0);A10;SN-LG;SN-LG-LD;_T;_T;HOU;_T;2023;50558;NBR;;;;;ANSD
SN1:DF_HOU(1.0);A10;SN-LG;SN-LG-LD;SN-LG-LD1-1;_T;HOU;_T;2023;12931;NBR;;;;;ANSD
SN1:DF_HOU(1.0);A10;SN-LG;SN-LG-LD;SN-LG-LD2-1;_T;HOU;_T;2023;2513;NBR;;;;;ANSD
SN1:DF_HOU(1.0);A10;SN-LG;SN-LG-LD;SN-LG-LD2-2;_T;HOU;_T;2023;575;NBR;;;;;ANSD
SN1:DF_HOU(1.0);A10;SN-LG;SN-LG-LD;SN-LG-LD2-3;_T;HOU;_T;2023;2031;NBR;;;;;ANSD
SN1:DF_HOU(1.0);A10;SN-LG;SN-LG-LD;SN-LG-LD2-4;_T;HOU;_T;2023;1024;NBR;;;;;ANSD
SN1:DF_HOU(1.0);A10;SN-LG;SN-LG-LD;SN-LG-LD2-5;_T;HOU;_T;2023;854;NBR;;;;;ANSD
SN1:DF_HOU(1.0);A10;SN-LG;SN-LG-LD;SN-LG-LD3-1;_T;HOU;_T;2023;2159;NBR;;;;;ANSD
SN1:DF_HOU(1.0);A10;SN-LG;SN-LG-LD;SN-LG-LD3-2;_T;HOU;_T;2023;4734;NBR;;;;;ANSD
SN1:DF_HOU(1.0);A10;SN-LG;SN-LG-LD;SN-LG-LD3-3;_T;HOU;_T;2023;3480;NBR;;;;;ANSD
SN1:DF_HOU(1.0);A10;SN-LG;SN-LG-LD;SN-LG-LD3-4;_T;HOU;_T;2023;2230;NBR;;;;;ANSD
SN1:DF_HOU(1.0);A10;SN-LG;SN-LG-LD;SN-LG-LD4-1;_T;HOU;_T;2023;1171;NBR;;;;;ANSD
SN1:DF_HOU(1.0);A10;SN-LG;SN-LG-LD;SN-LG-LD4-2;_T;HOU;_T;2023;1420;NBR;;;;;ANSD
SN1:DF_HOU(1.0);A10;SN-LG;SN-LG-LD;SN-LG-LD4-3;_T;HOU;_T;2023;2965;NBR;;;;;ANSD
SN1:DF_HOU(1.0);A10;SN-LG;SN-LG-LD;SN-LG-LD4-4;_T;HOU;_T;2023;2021;NBR;;;;;ANSD
SN1:DF_HOU(1.0);A10;SN-LG;SN-LG-LD;SN-LG-LD5-1;_T;HOU;_T;2023;5303;NBR;;;;;ANSD
SN1:DF_HOU(1.0);A10;SN-LG;SN-LG-LD;SN-LG-LD5-2;_T;HOU;_T;2023;1909;NBR;;;;;ANSD
SN1:DF_HOU(1.0);A10;SN-LG;SN-LG-LD;SN-LG-LD5-3;_T;HOU;_T;2023;3238;NBR;;;;;ANSD
SN1:DF_HOU(1.0);A10;SN-LG;SN-LG-LI;_T;_T;HOU;_T;2023;36536;NBR;;;;;ANSD
SN1:DF_HOU(1.0);A10;SN-LG;SN-LG-LI;SN-LG-LI1-1;_T;HOU;_T;2023;2156;NBR;;;;;ANSD
SN1:DF_HOU(1.0);A10;SN-LG;SN-LG-LI;SN-LG-LI2-1;_T;HOU;_T;2023;4879;NBR;;;;;ANSD
SN1:DF_HOU(1.0);A10;SN-LG;SN-LG-LI;SN-LG-LI3-1;_T;HOU;_T;2023;3030;NBR;;;;;ANSD
SN1:DF_HOU(1.0);A10;SN-LG;SN-LG-LI;SN-LG-LI3-2;_T;HOU;_T;2023;2349;NBR;;;;;ANSD
SN1:DF_HOU(1.0);A10;SN-LG;SN-LG-LI;SN-LG-LI3-3;_T;HOU;_T;2023;1411;NBR;;;;;ANSD
SN1:DF_HOU(1.0);A10;SN-LG;SN-LG-LI;SN-LG-LI3-4;_T;HOU;_T;2023;2084;NBR;;;;;ANSD
SN1:DF_HOU(1.0);A10;SN-LG;SN-LG-LI;SN-LG-LI4-1;_T;HOU;_T;2023;2590;NBR;;;;;ANSD
SN1:DF_HOU(1.0);A10;SN-LG;SN-LG-LI;SN-LG-LI4-2;_T;HOU;_T;2023;1493;NBR;;;;;ANSD
SN1:DF_HOU(1.0);A10;SN-LG;SN-LG-LI;SN-LG-LI4-3;_T;HOU;_T;2023;2662;NBR;;;;;ANSD
SN1:DF_HOU(1.0);A10;SN-LG;SN-LG-LI;SN-LG-LI5-1;_T;HOU;_T;2023;1564;NBR;;;;;ANSD
SN1:DF_HOU(1.0);A10;SN-LG;SN-LG-LI;SN-LG-LI5-2;_T;HOU;_T;2023;1200;NBR;;;;;ANSD
SN1:DF_HOU(1.0);A10;SN-LG;SN-LG-LI;SN-LG-LI5-3;_T;HOU;_T;2023;1745;NBR;;;;;ANSD
SN1:DF_HOU(1.0);A10;SN-LG;SN-LG-LI;SN-LG-LI5-4;_T;HOU;_T;2023;775;NBR;;;;;ANSD
SN1:DF_HOU(1.0);A10;SN-LG;SN-LG-LI;SN-LG-LI5-5;_T;HOU;_T;2023;191;NBR;;;;;ANSD
SN1:DF_HOU(1.0);A10;SN-LG;SN-LG-LI;SN-LG-LI6-1;_T;HOU;_T;2023;1640;NBR;;;;;ANSD
SN1:DF_HOU(1.0);A10;SN-LG;SN-LG-LI;SN-LG-LI6-2;_T;HOU;_T;2023;2626;NBR;;;;;ANSD
SN1:DF_HOU(1.0);A10;SN-LG;SN-LG-LI;SN-LG-LI6-3;_T;HOU;_T;2023;1354;NBR;;;;;ANSD
SN1:DF_HOU(1.0);A10;SN-LG;SN-LG-LI;SN-LG-LI6-4;_T;HOU;_T;2023;2116;NBR;;;;;ANSD
SN1:DF_HOU(1.0);A10;SN-LG;SN-LG-LI;SN-LG-LI6-5;_T;HOU;_T;2023;671;NBR;;;;;ANSD
SN1:DF_HOU(1.0);A10;SN-MT;_T;_T;_T;HOU;_T;2023;71971;NBR;;;;;ANSD
SN1:DF_HOU(1.0);A10;SN-MT;SN-MT-KA;_T;_T;HOU;_T;2023;24272;NBR;;;;;ANSD
SN1:DF_HOU(1.0);A10;SN-MT;SN-MT-KA;SN-MT-KA1-1;_T;HOU;_T;2023;1249;NBR;;;;;ANSD
SN1:DF_HOU(1.0);A10;SN-MT;SN-MT-KA;SN-MT-KA2-1;_T;HOU;_T;2023;2770;NBR;;;;;ANSD
SN1:DF_HOU(1.0);A10;SN-MT;SN-MT-KA;SN-MT-KA2-2;_T;HOU;_T;2023;3656;NBR;;;;;ANSD
SN1:DF_HOU(1.0);A10;SN-MT;SN-MT-KA;SN-MT-KA2-3;_T;HOU;_T;2023;3933;NBR;;;;;ANSD
SN1:DF_HOU(1.0);A10;SN-MT;SN-MT-KA;SN-MT-KA2-4;_T;HOU;_T;2023;349;NBR;;;;;ANSD
SN1:DF_HOU(1.0);A10;SN-MT;SN-MT-KA;SN-MT-KA2-5;_T;HOU;_T;2023;508;NBR;;;;;ANSD
SN1:DF_HOU(1.0);A10;SN-MT;SN-MT-KA;SN-MT-KA2-6;_T;HOU;_T;2023;653;NBR;;;;;ANSD
SN1:DF_HOU(1.0);A10;SN-MT;SN-MT-KA;SN-MT-KA2-7;_T;HOU;_T;2023;748;NBR;;;;;ANSD
SN1:DF_HOU(1.0);A10;SN-MT;SN-MT-KA;SN-MT-KA3-1;_T;HOU;_T;2023;3607;NBR;;;;;ANSD
SN1:DF_HOU(1.0);A10;SN-MT;SN-MT-KA;SN-MT-KA3-2;_T;HOU;_T;2023;4660;NBR;;;;;ANSD
SN1:DF_HOU(1.0);A10;SN-MT;SN-MT-KA;SN-MT-KA3-3;_T;HOU;_T;2023;862;NBR;;;;;ANSD
SN1:DF_HOU(1.0);A10;SN-MT;SN-MT-KA;SN-MT-KA3-4;_T;HOU;_T;2023;1277;NBR;;;;;ANSD
SN1:DF_HOU(1.0);A10;SN-MT;SN-MT-MA;_T;_T;HOU;_T;2023;34612;NBR;;;;;ANSD
SN1:DF_HOU(1.0);A10;SN-MT;SN-MT-MA;SN-MT-MA1-1;_T;HOU;_T;2023;2757;NBR;;;;;ANSD
SN1:DF_HOU(1.0);A10;SN-MT;SN-MT-MA;SN-MT-MA2-1;_T;HOU;_T;2023;3024;NBR;;;;;ANSD
SN1:DF_HOU(1.0);A10;SN-MT;SN-MT-MA;SN-MT-MA3-1;_T;HOU;_T;2023;3114;NBR;;;;;ANSD
SN1:DF_HOU(1.0);A10;SN-MT;SN-MT-MA;SN-MT-MA3-2;_T;HOU;_T;2023;2597;NBR;;;;;ANSD
SN1:DF_HOU(1.0);A10;SN-MT;SN-MT-MA;SN-MT-MA3-3;_T;HOU;_T;2023;2742;NBR;;;;;ANSD
SN1:DF_HOU(1.0);A10;SN-MT;SN-MT-MA;SN-MT-MA3-4;_T;HOU;_T;2023;1181;NBR;;;;;ANSD
SN1:DF_HOU(1.0);A10;SN-MT;SN-MT-MA;SN-MT-MA3-5;_T;HOU;_T;2023;1453;NBR;;;;;ANSD
SN1:DF_HOU(1.0);A10;SN-MT;SN-MT-MA;SN-MT-MA4-1;_T;HOU;_T;2023;6062;NBR;;;;;ANSD
SN1:DF_HOU(1.0);A10;SN-MT;SN-MT-MA;SN-MT-MA4-2;_T;HOU;_T;2023;6293;NBR;;;;;ANSD
SN1:DF_HOU(1.0);A10;SN-MT;SN-MT-MA;SN-MT-MA4-3;_T;HOU;_T;2023;5389;NBR;;;;;ANSD
SN1:DF_HOU(1.0);A10;SN-MT;SN-MT-RF;_T;_T;HOU;_T;2023;13087;NBR;;;;;ANSD
SN1:DF_HOU(1.0);A10;SN-MT;SN-MT-RF;SN-MT-RF1-1;_T;HOU;_T;2023;673;NBR;;;;;ANSD
SN1:DF_HOU(1.0);A10;SN-MT;SN-MT-RF;SN-MT-RF2-1;_T;HOU;_T;2023;1681;NBR;;;;;ANSD
SN1:DF_HOU(1.0);A10;SN-MT;SN-MT-RF;SN-MT-RF2-2;_T;HOU;_T;2023;4514;NBR;;;;;ANSD
SN1:DF_HOU(1.0);A10;SN-MT;SN-MT-RF;SN-MT-RF2-3;_T;HOU;_T;2023;6219;NBR;;;;;ANSD
SN1:DF_HOU(1.0);A10;SN-SE;_T;_T;_T;HOU;_T;2023;48713;NBR;;;;;ANSD
SN1:DF_HOU(1.0);A10;SN-SE;SN-SE-BO;_T;_T;HOU;_T;2023;17334;NBR;;;;;ANSD
SN1:DF_HOU(1.0);A10;SN-SE;SN-SE-BO;SN-SE-BO1-1;_T;HOU;_T;2023;923;NBR;;;;;ANSD
SN1:DF_HOU(1.0);A10;SN-SE;SN-SE-BO;SN-SE-BO2-1;_T;HOU;_T;2023;1746;NBR;;;;;ANSD
SN1:DF_HOU(1.0);A10;SN-SE;SN-SE-BO;SN-SE-BO2-2;_T;HOU;_T;2023;2622;NBR;;;;;ANSD
SN1:DF_HOU(1.0);A10;SN-SE;SN-SE-BO;SN-SE-BO2-3;_T;HOU;_T;2023;479;NBR;;;;;ANSD
SN1:DF_HOU(1.0);A10;SN-SE;SN-SE-BO;SN-SE-BO2-4;_T;HOU;_T;2023;1914;NBR;;;;;ANSD
SN1:DF_HOU(1.0);A10;SN-SE;SN-SE-BO;SN-SE-BO2-5;_T;HOU;_T;2023;912;NBR;;;;;ANSD
SN1:DF_HOU(1.0);A10;SN-SE;SN-SE-BO;SN-SE-BO3-1;_T;HOU;_T;2023;874;NBR;;;;;ANSD
SN1:DF_HOU(1.0);A10;SN-SE;SN-SE-BO;SN-SE-BO3-2;_T;HOU;_T;2023;723;NBR;;;;;ANSD
SN1:DF_HOU(1.0);A10;SN-SE;SN-SE-BO;SN-SE-BO3-3;_T;HOU;_T;2023;954;NBR;;;;;ANSD
SN1:DF_HOU(1.0);A10;SN-SE;SN-SE-BO;SN-SE-BO3-4;_T;HOU;_T;2023;216;NBR;;;;;ANSD
SN1:DF_HOU(1.0);A10;SN-SE;SN-SE-BO;SN-SE-BO4-1;_T;HOU;_T;2023;1615;NBR;;;;;ANSD
SN1:DF_HOU(1.0);A10;SN-SE;SN-SE-BO;SN-SE-BO4-2;_T;HOU;_T;2023;1074;NBR;;;;;ANSD
SN1:DF_HOU(1.0);A10;SN-SE;SN-SE-BO;SN-SE-BO4-3;_T;HOU;_T;2023;1564;NBR;;;;;ANSD
SN1:DF_HOU(1.0);A10;SN-SE;SN-SE-BO;SN-SE-BO4-4;_T;HOU;_T;2023;1718;NBR;;;;;ANSD
SN1:DF_HOU(1.0);A10;SN-SE;SN-SE-GO;_T;_T;HOU;_T;2023;15226;NBR;;;;;ANSD
SN1:DF_HOU(1.0);A10;SN-SE;SN-SE-GO;SN-SE-GO1-1;_T;HOU;_T;2023;1582;NBR;;;;;ANSD
SN1:DF_HOU(1.0);A10;SN-SE;SN-SE-GO;SN-SE-GO2-1;_T;HOU;_T;2023;1128;NBR;;;;;ANSD
SN1:DF_HOU(1.0);A10;SN-SE;SN-SE-GO;SN-SE-GO2-2;_T;HOU;_T;2023;549;NBR;;;;;ANSD
SN1:DF_HOU(1.0);A10;SN-SE;SN-SE-GO;SN-SE-GO2-3;_T;HOU;_T;2023;1105;NBR;;;;;ANSD
SN1:DF_HOU(1.0);A10;SN-SE;SN-SE-GO;SN-SE-GO2-4;_T;HOU;_T;2023;2080;NBR;;;;;ANSD
SN1:DF_HOU(1.0);A10;SN-SE;SN-SE-GO;SN-SE-GO2-5;_T;HOU;_T;2023;1321;NBR;;;;;ANSD
SN1:DF_HOU(1.0);A10;SN-SE;SN-SE-GO;SN-SE-GO2-6;_T;HOU;_T;2023;581;NBR;;;;;ANSD
SN1:DF_HOU(1.0);A10;SN-SE;SN-SE-GO;SN-SE-GO2-7;_T;HOU;_T;2023;585;NBR;;;;;ANSD
SN1:DF_HOU(1.0);A10;SN-SE;SN-SE-GO;SN-SE-GO3-1;_T;HOU;_T;2023;1119;NBR;;;;;ANSD
SN1:DF_HOU(1.0);A10;SN-SE;SN-SE-GO;SN-SE-GO3-2;_T;HOU;_T;2023;843;NBR;;;;;ANSD
SN1:DF_HOU(1.0);A10;SN-SE;SN-SE-GO;SN-SE-GO4-1;_T;HOU;_T;2023;1054;NBR;;;;;ANSD
SN1:DF_HOU(1.0);A10;SN-SE;SN-SE-GO;SN-SE-GO4-2;_T;HOU;_T;2023;1267;NBR;;;;;ANSD
SN1:DF_HOU(1.0);A10;SN-SE;SN-SE-GO;SN-SE-GO4-3;_T;HOU;_T;2023;936;NBR;;;;;ANSD
SN1:DF_HOU(1.0);A10;SN-SE;SN-SE-GO;SN-SE-GO4-4;_T;HOU;_T;2023;433;NBR;;;;;ANSD
SN1:DF_HOU(1.0);A10;SN-SE;SN-SE-GO;SN-SE-GO4-5;_T;HOU;_T;2023;643;NBR;;;;;ANSD
SN1:DF_HOU(1.0);A10;SN-SE;SN-SE-SD;_T;_T;HOU;_T;2023;16153;NBR;;;;;ANSD
SN1:DF_HOU(1.0);A10;SN-SE;SN-SE-SD;SN-SE-SD1-1;_T;HOU;_T;2023;3674;NBR;;;;;ANSD
SN1:DF_HOU(1.0);A10;SN-SE;SN-SE-SD;SN-SE-SD2-1;_T;HOU;_T;2023;825;NBR;;;;;ANSD
SN1:DF_HOU(1.0);A10;SN-SE;SN-SE-SD;SN-SE-SD3-1;_T;HOU;_T;2023;1337;NBR;;;;;ANSD
SN1:DF_HOU(1.0);A10;SN-SE;SN-SE-SD;SN-SE-SD3-2;_T;HOU;_T;2023;874;NBR;;;;;ANSD
SN1:DF_HOU(1.0);A10;SN-SE;SN-SE-SD;SN-SE-SD3-3;_T;HOU;_T;2023;771;NBR;;;;;ANSD
SN1:DF_HOU(1.0);A10;SN-SE;SN-SE-SD;SN-SE-SD3-4;_T;HOU;_T;2023;1171;NBR;;;;;ANSD
SN1:DF_HOU(1.0);A10;SN-SE;SN-SE-SD;SN-SE-SD3-5;_T;HOU;_T;2023;891;NBR;;;;;ANSD
SN1:DF_HOU(1.0);A10;SN-SE;SN-SE-SD;SN-SE-SD3-6;_T;HOU;_T;2023;403;NBR;;;;;ANSD
SN1:DF_HOU(1.0);A10;SN-SE;SN-SE-SD;SN-SE-SD3-7;_T;HOU;_T;2023;333;NBR;;;;;ANSD
SN1:DF_HOU(1.0);A10;SN-SE;SN-SE-SD;SN-SE-SD4-1;_T;HOU;_T;2023;963;NBR;;;;;ANSD
SN1:DF_HOU(1.0);A10;SN-SE;SN-SE-SD;SN-SE-SD4-2;_T;HOU;_T;2023;1363;NBR;;;;;ANSD
SN1:DF_HOU(1.0);A10;SN-SE;SN-SE-SD;SN-SE-SD4-3;_T;HOU;_T;2023;455;NBR;;;;;ANSD
SN1:DF_HOU(1.0);A10;SN-SE;SN-SE-SD;SN-SE-SD5-1;_T;HOU;_T;2023;1481;NBR;;;;;ANSD
SN1:DF_HOU(1.0);A10;SN-SE;SN-SE-SD;SN-SE-SD5-2;_T;HOU;_T;2023;1612;NBR;;;;;ANSD
SN1:DF_HOU(1.0);A10;SN-SL;_T;_T;_T;HOU;_T;2023;139550;NBR;;;;;ANSD
SN1:DF_HOU(1.0);A10;SN-SL;SN-SL-DA;_T;_T;HOU;_T;2023;39452;NBR;;;;;ANSD
SN1:DF_HOU(1.0);A10;SN-SL;SN-SL-DA;SN-SL-DA1-1;_T;HOU;_T;2023;3189;NBR;;;;;ANSD
SN1:DF_HOU(1.0);A10;SN-SL;SN-SL-DA;SN-SL-DA2-1;_T;HOU;_T;2023;9173;NBR;;;;;ANSD
SN1:DF_HOU(1.0);A10;SN-SL;SN-SL-DA;SN-SL-DA3-1;_T;HOU;_T;2023;5258;NBR;;;;;ANSD
SN1:DF_HOU(1.0);A10;SN-SL;SN-SL-DA;SN-SL-DA3-2;_T;HOU;_T;2023;2577;NBR;;;;;ANSD
SN1:DF_HOU(1.0);A10;SN-SL;SN-SL-DA;SN-SL-DA3-3;_T;HOU;_T;2023;1129;NBR;;;;;ANSD
SN1:DF_HOU(1.0);A10;SN-SL;SN-SL-DA;SN-SL-DA3-4;_T;HOU;_T;2023;637;NBR;;;;;ANSD
SN1:DF_HOU(1.0);A10;SN-SL;SN-SL-DA;SN-SL-DA4-1;_T;HOU;_T;2023;5888;NBR;;;;;ANSD
SN1:DF_HOU(1.0);A10;SN-SL;SN-SL-DA;SN-SL-DA4-2;_T;HOU;_T;2023;3677;NBR;;;;;ANSD
SN1:DF_HOU(1.0);A10;SN-SL;SN-SL-DA;SN-SL-DA4-3;_T;HOU;_T;2023;3542;NBR;;;;;ANSD
SN1:DF_HOU(1.0);A10;SN-SL;SN-SL-DA;SN-SL-DA4-4;_T;HOU;_T;2023;1859;NBR;;;;;ANSD
SN1:DF_HOU(1.0);A10;SN-SL;SN-SL-DA;SN-SL-DA4-5;_T;HOU;_T;2023;2523;NBR;;;;;ANSD
SN1:DF_HOU(1.0);A10;SN-SL;SN-SL-PO;_T;_T;HOU;_T;2023;54382;NBR;;;;;ANSD
SN1:DF_HOU(1.0);A10;SN-SL;SN-SL-PO;SN-SL-PO1-1;_T;HOU;_T;2023;1544;NBR;;;;;ANSD
SN1:DF_HOU(1.0);A10;SN-SL;SN-SL-PO;SN-SL-PO2-1;_T;HOU;_T;2023;2033;NBR;;;;;ANSD
SN1:DF_HOU(1.0);A10;SN-SL;SN-SL-PO;SN-SL-PO3-1;_T;HOU;_T;2023;4681;NBR;;;;;ANSD
SN1:DF_HOU(1.0);A10;SN-SL;SN-SL-PO;SN-SL-PO3-2;_T;HOU;_T;2023;5050;NBR;;;;;ANSD
SN1:DF_HOU(1.0);A10;SN-SL;SN-SL-PO;SN-SL-PO3-3;_T;HOU;_T;2023;2387;NBR;;;;;ANSD
SN1:DF_HOU(1.0);A10;SN-SL;SN-SL-PO;SN-SL-PO3-4;_T;HOU;_T;2023;1516;NBR;;;;;ANSD
SN1:DF_HOU(1.0);A10;SN-SL;SN-SL-PO;SN-SL-PO3-5;_T;HOU;_T;2023;679;NBR;;;;;ANSD
SN1:DF_HOU(1.0);A10;SN-SL;SN-SL-PO;SN-SL-PO3-6;_T;HOU;_T;2023;617;NBR;;;;;ANSD
SN1:DF_HOU(1.0);A10;SN-SL;SN-SL-PO;SN-SL-PO3-7;_T;HOU;_T;2023;416;NBR;;;;;ANSD
SN1:DF_HOU(1.0);A10;SN-SL;SN-SL-PO;SN-SL-PO4-1;_T;HOU;_T;2023;4556;NBR;;;;;ANSD
SN1:DF_HOU(1.0);A10;SN-SL;SN-SL-PO;SN-SL-PO4-2;_T;HOU;_T;2023;3577;NBR;;;;;ANSD
SN1:DF_HOU(1.0);A10;SN-SL;SN-SL-PO;SN-SL-PO4-3;_T;HOU;_T;2023;690;NBR;;;;;ANSD
SN1:DF_HOU(1.0);A10;SN-SL;SN-SL-PO;SN-SL-PO4-4;_T;HOU;_T;2023;526;NBR;;;;;ANSD
SN1:DF_HOU(1.0);A10;SN-SL;SN-SL-PO;SN-SL-PO5-1;_T;HOU;_T;2023;5873;NBR;;;;;ANSD
SN1:DF_HOU(1.0);A10;SN-SL;SN-SL-PO;SN-SL-PO5-2;_T;HOU;_T;2023;4223;NBR;;;;;ANSD
SN1:DF_HOU(1.0);A10;SN-SL;SN-SL-PO;SN-SL-PO5-3;_T;HOU;_T;2023;668;NBR;;;;;ANSD
SN1:DF_HOU(1.0);A10;SN-SL;SN-SL-PO;SN-SL-PO6-1;_T;HOU;_T;2023;5139;NBR;;;;;ANSD
SN1:DF_HOU(1.0);A10;SN-SL;SN-SL-PO;SN-SL-PO6-2;_T;HOU;_T;2023;3540;NBR;;;;;ANSD
SN1:DF_HOU(1.0);A10;SN-SL;SN-SL-PO;SN-SL-PO6-3;_T;HOU;_T;2023;5413;NBR;;;;;ANSD
SN1:DF_HOU(1.0);A10;SN-SL;SN-SL-PO;SN-SL-PO6-4;_T;HOU;_T;2023;326;NBR;;;;;ANSD
SN1:DF_HOU(1.0);A10;SN-SL;SN-SL-PO;SN-SL-PO6-5;_T;HOU;_T;2023;354;NBR;;;;;ANSD
SN1:DF_HOU(1.0);A10;SN-SL;SN-SL-PO;SN-SL-PO6-6;_T;HOU;_T;2023;574;NBR;;;;;ANSD
SN1:DF_HOU(1.0);A10;SN-SL;SN-SL-SD;_T;_T;HOU;_T;2023;45716;NBR;;;;;ANSD
SN1:DF_HOU(1.0);A10;SN-SL;SN-SL-SD;SN-SL-SD1-1;_T;HOU;_T;2023;30865;NBR;;;;;ANSD
SN1:DF_HOU(1.0);A10;SN-SL;SN-SL-SD;SN-SL-SD2-1;_T;HOU;_T;2023;8072;NBR;;;;;ANSD
SN1:DF_HOU(1.0);A10;SN-SL;SN-SL-SD;SN-SL-SD2-2;_T;HOU;_T;2023;2550;NBR;;;;;ANSD
SN1:DF_HOU(1.0);A10;SN-SL;SN-SL-SD;SN-SL-SD2-3;_T;HOU;_T;2023;2966;NBR;;;;;ANSD
SN1:DF_HOU(1.0);A10;SN-SL;SN-SL-SD;SN-SL-SD2-4;_T;HOU;_T;2023;1263;NBR;;;;;ANSD
SN1:DF_HOU(1.0);A10;SN-TC;_T;_T;_T;HOU;_T;2023;87192;NBR;;;;;ANSD
SN1:DF_HOU(1.0);A10;SN-TC;SN-TC-BA;_T;_T;HOU;_T;2023;14167;NBR;;;;;ANSD
SN1:DF_HOU(1.0);A10;SN-TC;SN-TC-BA;SN-TC-BA1-1;_T;HOU;_T;2023;2127;NBR;;;;;ANSD
SN1:DF_HOU(1.0);A10;SN-TC;SN-TC-BA;SN-TC-BA2-1;_T;HOU;_T;2023;169;NBR;;;;;ANSD
SN1:DF_HOU(1.0);A10;SN-TC;SN-TC-BA;SN-TC-BA2-2;_T;HOU;_T;2023;413;NBR;;;;;ANSD
SN1:DF_HOU(1.0);A10;SN-TC;SN-TC-BA;SN-TC-BA2-3;_T;HOU;_T;2023;1854;NBR;;;;;ANSD
SN1:DF_HOU(1.0);A10;SN-TC;SN-TC-BA;SN-TC-BA2-4;_T;HOU;_T;2023;315;NBR;;;;;ANSD
SN1:DF_HOU(1.0);A10;SN-TC;SN-TC-BA;SN-TC-BA3-1;_T;HOU;_T;2023;1670;NBR;;;;;ANSD
SN1:DF_HOU(1.0);A10;SN-TC;SN-TC-BA;SN-TC-BA3-2;_T;HOU;_T;2023;768;NBR;;;;;ANSD
SN1:DF_HOU(1.0);A10;SN-TC;SN-TC-BA;SN-TC-BA3-3;_T;HOU;_T;2023;1404;NBR;;;;;ANSD
SN1:DF_HOU(1.0);A10;SN-TC;SN-TC-BA;SN-TC-BA4-1;_T;HOU;_T;2023;1240;NBR;;;;;ANSD
SN1:DF_HOU(1.0);A10;SN-TC;SN-TC-BA;SN-TC-BA4-2;_T;HOU;_T;2023;1781;NBR;;;;;ANSD
SN1:DF_HOU(1.0);A10;SN-TC;SN-TC-BA;SN-TC-BA4-3;_T;HOU;_T;2023;1547;NBR;;;;;ANSD
SN1:DF_HOU(1.0);A10;SN-TC;SN-TC-BA;SN-TC-BA4-4;_T;HOU;_T;2023;879;NBR;;;;;ANSD
SN1:DF_HOU(1.0);A10;SN-TC;SN-TC-GO;_T;_T;HOU;_T;2023;12311;NBR;;;;;ANSD
SN1:DF_HOU(1.0);A10;SN-TC;SN-TC-GO;SN-TC-GO1-1;_T;HOU;_T;2023;1167;NBR;;;;;ANSD
SN1:DF_HOU(1.0);A10;SN-TC;SN-TC-GO;SN-TC-GO2-1;_T;HOU;_T;2023;936;NBR;;;;;ANSD
SN1:DF_HOU(1.0);A10;SN-TC;SN-TC-GO;SN-TC-GO2-2;_T;HOU;_T;2023;697;NBR;;;;;ANSD
SN1:DF_HOU(1.0);A10;SN-TC;SN-TC-GO;SN-TC-GO2-3;_T;HOU;_T;2023;760;NBR;;;;;ANSD
SN1:DF_HOU(1.0);A10;SN-TC;SN-TC-GO;SN-TC-GO3-1;_T;HOU;_T;2023;547;NBR;;;;;ANSD
SN1:DF_HOU(1.0);A10;SN-TC;SN-TC-GO;SN-TC-GO3-2;_T;HOU;_T;2023;953;NBR;;;;;ANSD
SN1:DF_HOU(1.0);A10;SN-TC;SN-TC-GO;SN-TC-GO3-3;_T;HOU;_T;2023;609;NBR;;;;;ANSD
SN1:DF_HOU(1.0);A10;SN-TC;SN-TC-GO;SN-TC-GO3-4;_T;HOU;_T;2023;1346;NBR;;;;;ANSD
SN1:DF_HOU(1.0);A10;SN-TC;SN-TC-GO;SN-TC-GO4-1;_T;HOU;_T;2023;523;NBR;;;;;ANSD
SN1:DF_HOU(1.0);A10;SN-TC;SN-TC-GO;SN-TC-GO4-2;_T;HOU;_T;2023;570;NBR;;;;;ANSD
SN1:DF_HOU(1.0);A10;SN-TC;SN-TC-GO;SN-TC-GO4-3;_T;HOU;_T;2023;740;NBR;;;;;ANSD
SN1:DF_HOU(1.0);A10;SN-TC;SN-TC-GO;SN-TC-GO4-4;_T;HOU;_T;2023;877;NBR;;;;;ANSD
SN1:DF_HOU(1.0);A10;SN-TC;SN-TC-GO;SN-TC-GO5-1;_T;HOU;_T;2023;1235;NBR;;;;;ANSD
SN1:DF_HOU(1.0);A10;SN-TC;SN-TC-GO;SN-TC-GO5-2;_T;HOU;_T;2023;785;NBR;;;;;ANSD
SN1:DF_HOU(1.0);A10;SN-TC;SN-TC-GO;SN-TC-GO5-3;_T;HOU;_T;2023;566;NBR;;;;;ANSD
SN1:DF_HOU(1.0);A10;SN-TC;SN-TC-KO;_T;_T;HOU;_T;2023;19695;NBR;;;;;ANSD
SN1:DF_HOU(1.0);A10;SN-TC;SN-TC-KO;SN-TC-KO1-1;_T;HOU;_T;2023;1695;NBR;;;;;ANSD
SN1:DF_HOU(1.0);A10;SN-TC;SN-TC-KO;SN-TC-KO2-1;_T;HOU;_T;2023;1803;NBR;;;;;ANSD
SN1:DF_HOU(1.0);A10;SN-TC;SN-TC-KO;SN-TC-KO2-2;_T;HOU;_T;2023;1787;NBR;;;;;ANSD
SN1:DF_HOU(1.0);A10;SN-TC;SN-TC-KO;SN-TC-KO2-3;_T;HOU;_T;2023;1673;NBR;;;;;ANSD
SN1:DF_HOU(1.0);A10;SN-TC;SN-TC-KO;SN-TC-KO2-4;_T;HOU;_T;2023;1341;NBR;;;;;ANSD
SN1:DF_HOU(1.0);A10;SN-TC;SN-TC-KO;SN-TC-KO3-1;_T;HOU;_T;2023;2109;NBR;;;;;ANSD
SN1:DF_HOU(1.0);A10;SN-TC;SN-TC-KO;SN-TC-KO3-2;_T;HOU;_T;2023;3117;NBR;;;;;ANSD
SN1:DF_HOU(1.0);A10;SN-TC;SN-TC-KO;SN-TC-KO3-3;_T;HOU;_T;2023;1727;NBR;;;;;ANSD
SN1:DF_HOU(1.0);A10;SN-TC;SN-TC-KO;SN-TC-KO3-4;_T;HOU;_T;2023;4055;NBR;;;;;ANSD
SN1:DF_HOU(1.0);A10;SN-TC;SN-TC-KO;SN-TC-KO3-5;_T;HOU;_T;2023;388;NBR;;;;;ANSD
SN1:DF_HOU(1.0);A10;SN-TC;SN-TC-TD;_T;_T;HOU;_T;2023;41019;NBR;;;;;ANSD
SN1:DF_HOU(1.0);A10;SN-TC;SN-TC-TD;SN-TC-TD1-1;_T;HOU;_T;2023;18631;NBR;;;;;ANSD
SN1:DF_HOU(1.0);A10;SN-TC;SN-TC-TD;SN-TC-TD2-1;_T;HOU;_T;2023;3915;NBR;;;;;ANSD
SN1:DF_HOU(1.0);A10;SN-TC;SN-TC-TD;SN-TC-TD2-2;_T;HOU;_T;2023;2761;NBR;;;;;ANSD
SN1:DF_HOU(1.0);A10;SN-TC;SN-TC-TD;SN-TC-TD3-1;_T;HOU;_T;2023;3486;NBR;;;;;ANSD
SN1:DF_HOU(1.0);A10;SN-TC;SN-TC-TD;SN-TC-TD3-2;_T;HOU;_T;2023;2089;NBR;;;;;ANSD
SN1:DF_HOU(1.0);A10;SN-TC;SN-TC-TD;SN-TC-TD3-3;_T;HOU;_T;2023;1359;NBR;;;;;ANSD
SN1:DF_HOU(1.0);A10;SN-TC;SN-TC-TD;SN-TC-TD4-1;_T;HOU;_T;2023;2328;NBR;;;;;ANSD
SN1:DF_HOU(1.0);A10;SN-TC;SN-TC-TD;SN-TC-TD4-2;_T;HOU;_T;2023;4779;NBR;;;;;ANSD
SN1:DF_HOU(1.0);A10;SN-TC;SN-TC-TD;SN-TC-TD4-3;_T;HOU;_T;2023;1671;NBR;;;;;ANSD
SN1:DF_HOU(1.0);A10;SN-TH;_T;_T;_T;HOU;_T;2023;267648;NBR;;;;;ANSD
SN1:DF_HOU(1.0);A10;SN-TH;SN-TH-MB;_T;_T;HOU;_T;2023;112079;NBR;;;;;ANSD
SN1:DF_HOU(1.0);A10;SN-TH;SN-TH-MB;SN-TH-MB1-1;_T;HOU;_T;2023;8197;NBR;;;;;ANSD
SN1:DF_HOU(1.0);A10;SN-TH;SN-TH-MB;SN-TH-MB2-1;_T;HOU;_T;2023;35479;NBR;;;;;ANSD
SN1:DF_HOU(1.0);A10;SN-TH;SN-TH-MB;SN-TH-MB3-1;_T;HOU;_T;2023;4637;NBR;;;;;ANSD
SN1:DF_HOU(1.0);A10;SN-TH;SN-TH-MB;SN-TH-MB3-2;_T;HOU;_T;2023;5138;NBR;;;;;ANSD
SN1:DF_HOU(1.0);A10;SN-TH;SN-TH-MB;SN-TH-MB4-1;_T;HOU;_T;2023;4767;NBR;;;;;ANSD
SN1:DF_HOU(1.0);A10;SN-TH;SN-TH-MB;SN-TH-MB4-2;_T;HOU;_T;2023;3494;NBR;;;;;ANSD
SN1:DF_HOU(1.0);A10;SN-TH;SN-TH-MB;SN-TH-MB4-3;_T;HOU;_T;2023;2823;NBR;;;;;ANSD
SN1:DF_HOU(1.0);A10;SN-TH;SN-TH-MB;SN-TH-MB4-4;_T;HOU;_T;2023;2422;NBR;;;;;ANSD
SN1:DF_HOU(1.0);A10;SN-TH;SN-TH-MB;SN-TH-MB5-1;_T;HOU;_T;2023;15236;NBR;;;;;ANSD
SN1:DF_HOU(1.0);A10;SN-TH;SN-TH-MB;SN-TH-MB5-2;_T;HOU;_T;2023;4663;NBR;;;;;ANSD
SN1:DF_HOU(1.0);A10;SN-TH;SN-TH-MB;SN-TH-MB5-3;_T;HOU;_T;2023;6645;NBR;;;;;ANSD
SN1:DF_HOU(1.0);A10;SN-TH;SN-TH-MB;SN-TH-MB5-4;_T;HOU;_T;2023;5817;NBR;;;;;ANSD
SN1:DF_HOU(1.0);A10;SN-TH;SN-TH-MB;SN-TH-MB5-5;_T;HOU;_T;2023;2329;NBR;;;;;ANSD
SN1:DF_HOU(1.0);A10;SN-TH;SN-TH-MB;SN-TH-MB5-6;_T;HOU;_T;2023;1426;NBR;;;;;ANSD
SN1:DF_HOU(1.0);A10;SN-TH;SN-TH-MB;SN-TH-MB5-7;_T;HOU;_T;2023;7505;NBR;;;;;ANSD
SN1:DF_HOU(1.0);A10;SN-TH;SN-TH-MB;SN-TH-MB5-8;_T;HOU;_T;2023;1501;NBR;;;;;ANSD
SN1:DF_HOU(1.0);A10;SN-TH;SN-TH-TD;_T;_T;HOU;_T;2023;95010;NBR;;;;;ANSD
SN1:DF_HOU(1.0);A10;SN-TH;SN-TH-TD;SN-TH-TD1-1;_T;HOU;_T;2023;15733;NBR;;;;;ANSD
SN1:DF_HOU(1.0);A10;SN-TH;SN-TH-TD;SN-TH-TD2-1;_T;HOU;_T;2023;19601;NBR;;;;;ANSD
SN1:DF_HOU(1.0);A10;SN-TH;SN-TH-TD;SN-TH-TD2-2;_T;HOU;_T;2023;12247;NBR;;;;;ANSD
SN1:DF_HOU(1.0);A10;SN-TH;SN-TH-TD;SN-TH-TD3-1;_T;HOU;_T;2023;2402;NBR;;;;;ANSD
SN1:DF_HOU(1.0);A10;SN-TH;SN-TH-TD;SN-TH-TD4-1;_T;HOU;_T;2023;3636;NBR;;;;;ANSD
SN1:DF_HOU(1.0);A10;SN-TH;SN-TH-TD;SN-TH-TD5-1;_T;HOU;_T;2023;4964;NBR;;;;;ANSD
SN1:DF_HOU(1.0);A10;SN-TH;SN-TH-TD;SN-TH-TD5-2;_T;HOU;_T;2023;2346;NBR;;;;;ANSD
SN1:DF_HOU(1.0);A10;SN-TH;SN-TH-TD;SN-TH-TD6-1;_T;HOU;_T;2023;2881;NBR;;;;;ANSD
SN1:DF_HOU(1.0);A10;SN-TH;SN-TH-TD;SN-TH-TD6-2;_T;HOU;_T;2023;2403;NBR;;;;;ANSD
SN1:DF_HOU(1.0);A10;SN-TH;SN-TH-TD;SN-TH-TD6-3;_T;HOU;_T;2023;2772;NBR;;;;;ANSD
SN1:DF_HOU(1.0);A10;SN-TH;SN-TH-TD;SN-TH-TD6-4;_T;HOU;_T;2023;5474;NBR;;;;;ANSD
SN1:DF_HOU(1.0);A10;SN-TH;SN-TH-TD;SN-TH-TD7-1;_T;HOU;_T;2023;4240;NBR;;;;;ANSD
SN1:DF_HOU(1.0);A10;SN-TH;SN-TH-TD;SN-TH-TD7-2;_T;HOU;_T;2023;6593;NBR;;;;;ANSD
SN1:DF_HOU(1.0);A10;SN-TH;SN-TH-TD;SN-TH-TD7-3;_T;HOU;_T;2023;6392;NBR;;;;;ANSD
SN1:DF_HOU(1.0);A10;SN-TH;SN-TH-TD;SN-TH-TD7-4;_T;HOU;_T;2023;3326;NBR;;;;;ANSD
SN1:DF_HOU(1.0);A10;SN-TH;SN-TH-TI;_T;_T;HOU;_T;2023;60559;NBR;;;;;ANSD
SN1:DF_HOU(1.0);A10;SN-TH;SN-TH-TI;SN-TH-TI1-1;_T;HOU;_T;2023;2689;NBR;;;;;ANSD
SN1:DF_HOU(1.0);A10;SN-TH;SN-TH-TI;SN-TH-TI2-1;_T;HOU;_T;2023;10869;NBR;;;;;ANSD
SN1:DF_HOU(1.0);A10;SN-TH;SN-TH-TI;SN-TH-TI3-1;_T;HOU;_T;2023;3739;NBR;;;;;ANSD
SN1:DF_HOU(1.0);A10;SN-TH;SN-TH-TI;SN-TH-TI3-2;_T;HOU;_T;2023;2899;NBR;;;;;ANSD
SN1:DF_HOU(1.0);A10;SN-TH;SN-TH-TI;SN-TH-TI3-3;_T;HOU;_T;2023;10251;NBR;;;;;ANSD
SN1:DF_HOU(1.0);A10;SN-TH;SN-TH-TI;SN-TH-TI3-4;_T;HOU;_T;2023;4599;NBR;;;;;ANSD
SN1:DF_HOU(1.0);A10;SN-TH;SN-TH-TI;SN-TH-TI4-1;_T;HOU;_T;2023;2572;NBR;;;;;ANSD
SN1:DF_HOU(1.0);A10;SN-TH;SN-TH-TI;SN-TH-TI4-2;_T;HOU;_T;2023;3305;NBR;;;;;ANSD
SN1:DF_HOU(1.0);A10;SN-TH;SN-TH-TI;SN-TH-TI4-3;_T;HOU;_T;2023;2268;NBR;;;;;ANSD
SN1:DF_HOU(1.0);A10;SN-TH;SN-TH-TI;SN-TH-TI5-1;_T;HOU;_T;2023;962;NBR;;;;;ANSD
SN1:DF_HOU(1.0);A10;SN-TH;SN-TH-TI;SN-TH-TI5-2;_T;HOU;_T;2023;2716;NBR;;;;;ANSD
SN1:DF_HOU(1.0);A10;SN-TH;SN-TH-TI;SN-TH-TI5-3;_T;HOU;_T;2023;895;NBR;;;;;ANSD
SN1:DF_HOU(1.0);A10;SN-TH;SN-TH-TI;SN-TH-TI5-4;_T;HOU;_T;2023;1246;NBR;;;;;ANSD
SN1:DF_HOU(1.0);A10;SN-TH;SN-TH-TI;SN-TH-TI6-1;_T;HOU;_T;2023;2690;NBR;;;;;ANSD
SN1:DF_HOU(1.0);A10;SN-TH;SN-TH-TI;SN-TH-TI6-2;_T;HOU;_T;2023;1927;NBR;;;;;ANSD
SN1:DF_HOU(1.0);A10;SN-TH;SN-TH-TI;SN-TH-TI6-3;_T;HOU;_T;2023;3157;NBR;;;;;ANSD
SN1:DF_HOU(1.0);A10;SN-TH;SN-TH-TI;SN-TH-TI6-4;_T;HOU;_T;2023;2755;NBR;;;;;ANSD
SN1:DF_HOU(1.0);A10;SN-TH;SN-TH-TI;SN-TH-TI6-5;_T;HOU;_T;2023;1020;NBR;;;;;ANSD
SN1:DF_HOU(1.0);A10;SN-ZG;_T;_T;_T;HOU;_T;2023;87961;NBR;;;;;ANSD
SN1:DF_HOU(1.0);A10;SN-ZG;SN-ZG-BI;_T;_T;HOU;_T;2023;37345;NBR;;;;;ANSD
SN1:DF_HOU(1.0);A10;SN-ZG;SN-ZG-BI;SN-ZG-BI1-1;_T;HOU;_T;2023;4096;NBR;;;;;ANSD
SN1:DF_HOU(1.0);A10;SN-ZG;SN-ZG-BI;SN-ZG-BI2-1;_T;HOU;_T;2023;1315;NBR;;;;;ANSD
SN1:DF_HOU(1.0);A10;SN-ZG;SN-ZG-BI;SN-ZG-BI3-1;_T;HOU;_T;2023;1021;NBR;;;;;ANSD
SN1:DF_HOU(1.0);A10;SN-ZG;SN-ZG-BI;SN-ZG-BI3-2;_T;HOU;_T;2023;1432;NBR;;;;;ANSD
SN1:DF_HOU(1.0);A10;SN-ZG;SN-ZG-BI;SN-ZG-BI3-3;_T;HOU;_T;2023;1208;NBR;;;;;ANSD
SN1:DF_HOU(1.0);A10;SN-ZG;SN-ZG-BI;SN-ZG-BI3-4;_T;HOU;_T;2023;1310;NBR;;;;;ANSD
SN1:DF_HOU(1.0);A10;SN-ZG;SN-ZG-BI;SN-ZG-BI4-1;_T;HOU;_T;2023;780;NBR;;;;;ANSD
SN1:DF_HOU(1.0);A10;SN-ZG;SN-ZG-BI;SN-ZG-BI4-2;_T;HOU;_T;2023;938;NBR;;;;;ANSD
SN1:DF_HOU(1.0);A10;SN-ZG;SN-ZG-BI;SN-ZG-BI4-3;_T;HOU;_T;2023;1076;NBR;;;;;ANSD
SN1:DF_HOU(1.0);A10;SN-ZG;SN-ZG-BI;SN-ZG-BI4-4;_T;HOU;_T;2023;1370;NBR;;;;;ANSD
SN1:DF_HOU(1.0);A10;SN-ZG;SN-ZG-BI;SN-ZG-BI4-5;_T;HOU;_T;2023;415;NBR;;;;;ANSD
SN1:DF_HOU(1.0);A10;SN-ZG;SN-ZG-BI;SN-ZG-BI5-1;_T;HOU;_T;2023;1291;NBR;;;;;ANSD
SN1:DF_HOU(1.0);A10;SN-ZG;SN-ZG-BI;SN-ZG-BI5-2;_T;HOU;_T;2023;1056;NBR;;;;;ANSD
SN1:DF_HOU(1.0);A10;SN-ZG;SN-ZG-BI;SN-ZG-BI5-3;_T;HOU;_T;2023;1035;NBR;;;;;ANSD
SN1:DF_HOU(1.0);A10;SN-ZG;SN-ZG-BI;SN-ZG-BI5-4;_T;HOU;_T;2023;4952;NBR;;;;;ANSD
SN1:DF_HOU(1.0);A10;SN-ZG;SN-ZG-BI;SN-ZG-BI6-1;_T;HOU;_T;2023;2265;NBR;;;;;ANSD
SN1:DF_HOU(1.0);A10;SN-ZG;SN-ZG-BI;SN-ZG-BI6-2;_T;HOU;_T;2023;6967;NBR;;;;;ANSD
SN1:DF_HOU(1.0);A10;SN-ZG;SN-ZG-BI;SN-ZG-BI6-3;_T;HOU;_T;2023;3589;NBR;;;;;ANSD
SN1:DF_HOU(1.0);A10;SN-ZG;SN-ZG-BI;SN-ZG-BI6-4;_T;HOU;_T;2023;1229;NBR;;;;;ANSD
SN1:DF_HOU(1.0);A10;SN-ZG;SN-ZG-OU;_T;_T;HOU;_T;2023;11856;NBR;;;;;ANSD
SN1:DF_HOU(1.0);A10;SN-ZG;SN-ZG-OU;SN-ZG-OU1-1;_T;HOU;_T;2023;1195;NBR;;;;;ANSD
SN1:DF_HOU(1.0);A10;SN-ZG;SN-ZG-OU;SN-ZG-OU2-1;_T;HOU;_T;2023;5710;NBR;;;;;ANSD
SN1:DF_HOU(1.0);A10;SN-ZG;SN-ZG-OU;SN-ZG-OU2-2;_T;HOU;_T;2023;684;NBR;;;;;ANSD
SN1:DF_HOU(1.0);A10;SN-ZG;SN-ZG-OU;SN-ZG-OU3-1;_T;HOU;_T;2023;2435;NBR;;;;;ANSD
SN1:DF_HOU(1.0);A10;SN-ZG;SN-ZG-OU;SN-ZG-OU3-2;_T;HOU;_T;2023;1832;NBR;;;;;ANSD
SN1:DF_HOU(1.0);A10;SN-ZG;SN-ZG-ZD;_T;_T;HOU;_T;2023;38760;NBR;;;;;ANSD
SN1:DF_HOU(1.0);A10;SN-ZG;SN-ZG-ZD;SN-ZG-ZD1-1;_T;HOU;_T;2023;30700;NBR;;;;;ANSD
SN1:DF_HOU(1.0);A10;SN-ZG;SN-ZG-ZD;SN-ZG-ZD2-1;_T;HOU;_T;2023;1919;NBR;;;;;ANSD
SN1:DF_HOU(1.0);A10;SN-ZG;SN-ZG-ZD;SN-ZG-ZD2-2;_T;HOU;_T;2023;1249;NBR;;;;;ANSD
SN1:DF_HOU(1.0);A10;SN-ZG;SN-ZG-ZD;SN-ZG-ZD2-3;_T;HOU;_T;2023;2786;NBR;;;;;ANSD
SN1:DF_HOU(1.0);A10;SN-ZG;SN-ZG-ZD;SN-ZG-ZD3-1;_T;HOU;_T;2023;1084;NBR;;;;;ANSD
SN1:DF_HOU(1.0);A10;SN-ZG;SN-ZG-ZD;SN-ZG-ZD3-2;_T;HOU;_T;2023;1022;NBR;;;;;ANSD
