DATAFLOW;FREQ;TX_PAUV;REF_AREA;TIME_PERIOD;OBS_VALUE;UNIT;SOURCE;COMMENT;OBS_STATUS
SN1:DF_TX_PAUV(1.0);A;P_PAUV;SN;2011;14.5;PER;ANSD;;
SN1:DF_TX_PAUV(1.0);A;P_PAUV;SN;2019;10.3;PER;ANSD;;
SN1:DF_TX_PAUV(1.0);A;P_PAUV;SN;2022;10.2;PER;ANSD;;
SN1:DF_TX_PAUV(1.0);A;P_PAUV;SN-DB;2011;13;PER;ANSD;;
SN1:DF_TX_PAUV(1.0);A;P_PAUV;SN-DB;2019;10.6;PER;ANSD;;
SN1:DF_TX_PAUV(1.0);A;P_PAUV;SN-DB;2022;9;PER;ANSD;;
SN1:DF_TX_PAUV(1.0);A;P_PAUV;SN-DK;2011;5.8;PER;ANSD;;
SN1:DF_TX_PAUV(1.0);A;P_PAUV;SN-DK;2019;1.4;PER;ANSD;;
SN1:DF_TX_PAUV(1.0);A;P_PAUV;SN-DK;2022;1.1;PER;ANSD;;
SN1:DF_TX_PAUV(1.0);A;P_PAUV;SN-FK;2011;21.7;PER;ANSD;;
SN1:DF_TX_PAUV(1.0);A;P_PAUV;SN-FK;2019;13;PER;ANSD;;
SN1:DF_TX_PAUV(1.0);A;P_PAUV;SN-FK;2022;11.9;PER;ANSD;;
SN1:DF_TX_PAUV(1.0);A;P_PAUV;SN-KA;2011;21.2;PER;ANSD;;
SN1:DF_TX_PAUV(1.0);A;P_PAUV;SN-KA;2019;16.8;PER;ANSD;;
SN1:DF_TX_PAUV(1.0);A;P_PAUV;SN-KA;2022;16.3;PER;ANSD;;
SN1:DF_TX_PAUV(1.0);A;P_PAUV;SN-KD;2011;35.5;PER;ANSD;;
SN1:DF_TX_PAUV(1.0);A;P_PAUV;SN-KD;2019;16.3;PER;ANSD;;
SN1:DF_TX_PAUV(1.0);A;P_PAUV;SN-KD;2022;19.1;PER;ANSD;;
SN1:DF_TX_PAUV(1.0);A;P_PAUV;SN-KE;2011;27.4;PER;ANSD;;
SN1:DF_TX_PAUV(1.0);A;P_PAUV;SN-KE;2019;22.1;PER;ANSD;;
SN1:DF_TX_PAUV(1.0);A;P_PAUV;SN-KE;2022;25.4;PER;ANSD;;
SN1:DF_TX_PAUV(1.0);A;P_PAUV;SN-KL;2011;19.5;PER;ANSD;;
SN1:DF_TX_PAUV(1.0);A;P_PAUV;SN-KL;2019;11.9;PER;ANSD;;
SN1:DF_TX_PAUV(1.0);A;P_PAUV;SN-KL;2022;13.7;PER;ANSD;;
SN1:DF_TX_PAUV(1.0);A;P_PAUV;SN-LG;2011;5.7;PER;ANSD;;
SN1:DF_TX_PAUV(1.0);A;P_PAUV;SN-LG;2019;11.3;PER;ANSD;;
SN1:DF_TX_PAUV(1.0);A;P_PAUV;SN-LG;2022;12.4;PER;ANSD;;
SN1:DF_TX_PAUV(1.0);A;P_PAUV;SN-MT;2011;14.1;PER;ANSD;;
SN1:DF_TX_PAUV(1.0);A;P_PAUV;SN-MT;2019;14.6;PER;ANSD;;
SN1:DF_TX_PAUV(1.0);A;P_PAUV;SN-MT;2022;12.9;PER;ANSD;;
SN1:DF_TX_PAUV(1.0);A;P_PAUV;SN-SE;2011;23.5;PER;ANSD;;
SN1:DF_TX_PAUV(1.0);A;P_PAUV;SN-SE;2019;21.6;PER;ANSD;;
SN1:DF_TX_PAUV(1.0);A;P_PAUV;SN-SE;2022;20.3;PER;ANSD;;
SN1:DF_TX_PAUV(1.0);A;P_PAUV;SN-SL;2011;11.8;PER;ANSD;;
SN1:DF_TX_PAUV(1.0);A;P_PAUV;SN-SL;2019;11.1;PER;ANSD;;
SN1:DF_TX_PAUV(1.0);A;P_PAUV;SN-SL;2022;9.8;PER;ANSD;;
SN1:DF_TX_PAUV(1.0);A;P_PAUV;SN-TC;2011;21.7;PER;ANSD;;
SN1:DF_TX_PAUV(1.0);A;P_PAUV;SN-TC;2019;19.6;PER;ANSD;;
SN1:DF_TX_PAUV(1.0);A;P_PAUV;SN-TC;2022;21.6;PER;ANSD;;
SN1:DF_TX_PAUV(1.0);A;P_PAUV;SN-TH;2011;10.5;PER;ANSD;;
SN1:DF_TX_PAUV(1.0);A;P_PAUV;SN-TH;2019;7.7;PER;ANSD;;
SN1:DF_TX_PAUV(1.0);A;P_PAUV;SN-TH;2022;8.3;PER;ANSD;;
SN1:DF_TX_PAUV(1.0);A;P_PAUV;SN-ZG;2011;26.6;PER;ANSD;;
SN1:DF_TX_PAUV(1.0);A;P_PAUV;SN-ZG;2019;15.5;PER;ANSD;;
SN1:DF_TX_PAUV(1.0);A;P_PAUV;SN-ZG;2022;11;PER;ANSD;;
SN1:DF_TX_PAUV(1.0);A;S_PAUV;SN;2011;6.6;PER;ANSD;;
SN1:DF_TX_PAUV(1.0);A;S_PAUV;SN;2019;3.9;PER;ANSD;;
SN1:DF_TX_PAUV(1.0);A;S_PAUV;SN;2022;4;PER;ANSD;;
SN1:DF_TX_PAUV(1.0);A;S_PAUV;SN-DB;2011;5.1;PER;ANSD;;
SN1:DF_TX_PAUV(1.0);A;S_PAUV;SN-DB;2019;3.6;PER;ANSD;;
SN1:DF_TX_PAUV(1.0);A;S_PAUV;SN-DB;2022;3.2;PER;ANSD;;
SN1:DF_TX_PAUV(1.0);A;S_PAUV;SN-DK;2011;2.1;PER;ANSD;;
SN1:DF_TX_PAUV(1.0);A;S_PAUV;SN-DK;2019;0.4;PER;ANSD;;
SN1:DF_TX_PAUV(1.0);A;S_PAUV;SN-DK;2022;0.3;PER;ANSD;;
SN1:DF_TX_PAUV(1.0);A;S_PAUV;SN-FK;2011;9.5;PER;ANSD;;
SN1:DF_TX_PAUV(1.0);A;S_PAUV;SN-FK;2019;4.5;PER;ANSD;;
SN1:DF_TX_PAUV(1.0);A;S_PAUV;SN-FK;2022;4.2;PER;ANSD;;
SN1:DF_TX_PAUV(1.0);A;S_PAUV;SN-KA;2011;10.5;PER;ANSD;;
SN1:DF_TX_PAUV(1.0);A;S_PAUV;SN-KA;2019;7.3;PER;ANSD;;
SN1:DF_TX_PAUV(1.0);A;S_PAUV;SN-KA;2022;6.2;PER;ANSD;;
SN1:DF_TX_PAUV(1.0);A;S_PAUV;SN-KD;2011;20.8;PER;ANSD;;
SN1:DF_TX_PAUV(1.0);A;S_PAUV;SN-KD;2019;6.3;PER;ANSD;;
SN1:DF_TX_PAUV(1.0);A;S_PAUV;SN-KD;2022;7.9;PER;ANSD;;
SN1:DF_TX_PAUV(1.0);A;S_PAUV;SN-KE;2011;14.1;PER;ANSD;;
SN1:DF_TX_PAUV(1.0);A;S_PAUV;SN-KE;2019;10.6;PER;ANSD;;
SN1:DF_TX_PAUV(1.0);A;S_PAUV;SN-KE;2022;12.9;PER;ANSD;;
SN1:DF_TX_PAUV(1.0);A;S_PAUV;SN-KL;2011;8.1;PER;ANSD;;
SN1:DF_TX_PAUV(1.0);A;S_PAUV;SN-KL;2019;4.9;PER;ANSD;;
SN1:DF_TX_PAUV(1.0);A;S_PAUV;SN-KL;2022;5.3;PER;ANSD;;
SN1:DF_TX_PAUV(1.0);A;S_PAUV;SN-LG;2011;2.1;PER;ANSD;;
SN1:DF_TX_PAUV(1.0);A;S_PAUV;SN-LG;2019;4;PER;ANSD;;
SN1:DF_TX_PAUV(1.0);A;S_PAUV;SN-LG;2022;4.5;PER;ANSD;;
SN1:DF_TX_PAUV(1.0);A;S_PAUV;SN-MT;2011;6.4;PER;ANSD;;
SN1:DF_TX_PAUV(1.0);A;S_PAUV;SN-MT;2019;6.1;PER;ANSD;;
SN1:DF_TX_PAUV(1.0);A;S_PAUV;SN-MT;2022;5.2;PER;ANSD;;
SN1:DF_TX_PAUV(1.0);A;S_PAUV;SN-SE;2011;11;PER;ANSD;;
SN1:DF_TX_PAUV(1.0);A;S_PAUV;SN-SE;2019;9.1;PER;ANSD;;
SN1:DF_TX_PAUV(1.0);A;S_PAUV;SN-SE;2022;8.7;PER;ANSD;;
SN1:DF_TX_PAUV(1.0);A;S_PAUV;SN-SL;2011;4.9;PER;ANSD;;
SN1:DF_TX_PAUV(1.0);A;S_PAUV;SN-SL;2019;4.2;PER;ANSD;;
SN1:DF_TX_PAUV(1.0);A;S_PAUV;SN-SL;2022;3.6;PER;ANSD;;
SN1:DF_TX_PAUV(1.0);A;S_PAUV;SN-TC;2011;9.9;PER;ANSD;;
SN1:DF_TX_PAUV(1.0);A;S_PAUV;SN-TC;2019;8.1;PER;ANSD;;
SN1:DF_TX_PAUV(1.0);A;S_PAUV;SN-TC;2022;9.5;PER;ANSD;;
SN1:DF_TX_PAUV(1.0);A;S_PAUV;SN-TH;2011;4.3;PER;ANSD;;
SN1:DF_TX_PAUV(1.0);A;S_PAUV;SN-TH;2019;2.5;PER;ANSD;;
SN1:DF_TX_PAUV(1.0);A;S_PAUV;SN-TH;2022;3.5;PER;ANSD;;
SN1:DF_TX_PAUV(1.0);A;S_PAUV;SN-ZG;2011;13.5;PER;ANSD;;
SN1:DF_TX_PAUV(1.0);A;S_PAUV;SN-ZG;2019;6.5;PER;ANSD;;
SN1:DF_TX_PAUV(1.0);A;S_PAUV;SN-ZG;2022;3.8;PER;ANSD;;
SN1:DF_TX_PAUV(1.0);A;T_PAUV;SN;2011;46.7;PER;ANSD;;
SN1:DF_TX_PAUV(1.0);A;T_PAUV;SN;2019;37.8;PER;ANSD;;
SN1:DF_TX_PAUV(1.0);A;T_PAUV;SN;2022;37.5;PER;ANSD;;
SN1:DF_TX_PAUV(1.0);A;T_PAUV;SN-DB;2011;47.8;PER;ANSD;;
SN1:DF_TX_PAUV(1.0);A;T_PAUV;SN-DB;2019;43.9;PER;ANSD;;
SN1:DF_TX_PAUV(1.0);A;T_PAUV;SN-DB;2022;37.4;PER;ANSD;;
SN1:DF_TX_PAUV(1.0);A;T_PAUV;SN-DK;2011;26.1;PER;ANSD;;
SN1:DF_TX_PAUV(1.0);A;T_PAUV;SN-DK;2019;9;PER;ANSD;;
SN1:DF_TX_PAUV(1.0);A;T_PAUV;SN-DK;2022;9.3;PER;ANSD;;
SN1:DF_TX_PAUV(1.0);A;T_PAUV;SN-FK;2011;67.8;PER;ANSD;;
SN1:DF_TX_PAUV(1.0);A;T_PAUV;SN-FK;2019;49.2;PER;ANSD;;
SN1:DF_TX_PAUV(1.0);A;T_PAUV;SN-FK;2022;46.5;PER;ANSD;;
SN1:DF_TX_PAUV(1.0);A;T_PAUV;SN-KA;2011;63.8;PER;ANSD;;
SN1:DF_TX_PAUV(1.0);A;T_PAUV;SN-KA;2019;53;PER;ANSD;;
SN1:DF_TX_PAUV(1.0);A;T_PAUV;SN-KA;2022;58.2;PER;ANSD;;
SN1:DF_TX_PAUV(1.0);A;T_PAUV;SN-KD;2011;76.6;PER;ANSD;;
SN1:DF_TX_PAUV(1.0);A;T_PAUV;SN-KD;2019;56.6;PER;ANSD;;
SN1:DF_TX_PAUV(1.0);A;T_PAUV;SN-KD;2022;62.5;PER;ANSD;;
SN1:DF_TX_PAUV(1.0);A;T_PAUV;SN-KE;2011;71.3;PER;ANSD;;
SN1:DF_TX_PAUV(1.0);A;T_PAUV;SN-KE;2019;61.9;PER;ANSD;;
SN1:DF_TX_PAUV(1.0);A;T_PAUV;SN-KE;2022;65.7;PER;ANSD;;
SN1:DF_TX_PAUV(1.0);A;T_PAUV;SN-KL;2011;61.7;PER;ANSD;;
SN1:DF_TX_PAUV(1.0);A;T_PAUV;SN-KL;2019;41.5;PER;ANSD;;
SN1:DF_TX_PAUV(1.0);A;T_PAUV;SN-KL;2022;49.6;PER;ANSD;;
SN1:DF_TX_PAUV(1.0);A;T_PAUV;SN-LG;2011;26.8;PER;ANSD;;
SN1:DF_TX_PAUV(1.0);A;T_PAUV;SN-LG;2019;43.4;PER;ANSD;;
SN1:DF_TX_PAUV(1.0);A;T_PAUV;SN-LG;2022;47;PER;ANSD;;
SN1:DF_TX_PAUV(1.0);A;T_PAUV;SN-MT;2011;45.2;PER;ANSD;;
SN1:DF_TX_PAUV(1.0);A;T_PAUV;SN-MT;2019;47.7;PER;ANSD;;
SN1:DF_TX_PAUV(1.0);A;T_PAUV;SN-MT;2022;44.7;PER;ANSD;;
SN1:DF_TX_PAUV(1.0);A;T_PAUV;SN-SE;2011;68.3;PER;ANSD;;
SN1:DF_TX_PAUV(1.0);A;T_PAUV;SN-SE;2019;65.6;PER;ANSD;;
SN1:DF_TX_PAUV(1.0);A;T_PAUV;SN-SE;2022;64.4;PER;ANSD;;
SN1:DF_TX_PAUV(1.0);A;T_PAUV;SN-SL;2011;39.5;PER;ANSD;;
SN1:DF_TX_PAUV(1.0);A;T_PAUV;SN-SL;2019;40.1;PER;ANSD;;
SN1:DF_TX_PAUV(1.0);A;T_PAUV;SN-SL;2022;37.3;PER;ANSD;;
SN1:DF_TX_PAUV(1.0);A;T_PAUV;SN-TC;2011;62.5;PER;ANSD;;
SN1:DF_TX_PAUV(1.0);A;T_PAUV;SN-TC;2019;61.9;PER;ANSD;;
SN1:DF_TX_PAUV(1.0);A;T_PAUV;SN-TC;2022;62.8;PER;ANSD;;
SN1:DF_TX_PAUV(1.0);A;T_PAUV;SN-TH;2011;41.3;PER;ANSD;;
SN1:DF_TX_PAUV(1.0);A;T_PAUV;SN-TH;2019;34.1;PER;ANSD;;
SN1:DF_TX_PAUV(1.0);A;T_PAUV;SN-TH;2022;29.9;PER;ANSD;;
SN1:DF_TX_PAUV(1.0);A;T_PAUV;SN-ZG;2011;66.8;PER;ANSD;;
SN1:DF_TX_PAUV(1.0);A;T_PAUV;SN-ZG;2019;51.1;PER;ANSD;;
SN1:DF_TX_PAUV(1.0);A;T_PAUV;SN-ZG;2022;48.3;PER;ANSD;;
