pcode,nom,region,touche_A,population_2023,bati_km2,U_abs_km2,U,E_exposition,indice_risque
SN0602,Salémata,Kédougou,False,28026.0,0.9989,0.7231,0.7239,0.0326,0.2662
SN0603,Saraya,Kédougou,False,92855.0,4.3039,2.7539,0.6399,0.0652,0.3966
SN1202,Goudiry,Tambacounda,False,170601.0,5.9287,3.2246,0.5439,0.1087,0.43
SN0701,Kolda,Kolda,True,324192.0,15.0775,7.5665,0.5018,0.5435,0.7155
SN0702,Médina-Yorofoula,Kolda,False,185456.0,7.2482,3.5484,0.4896,0.2065,0.5029
SN0601,Kédougou,Kédougou,True,124266.0,5.6485,2.7652,0.4895,0.087,0.4366
SN1204,Tambacounda,Tambacounda,True,427419.0,16.2275,7.1595,0.4412,0.4783,0.7175
SN1101,Bounkiling,Sédhiou,False,207872.0,9.3103,3.5205,0.3781,0.3587,0.6108
SN0903,Ranérou,Matam,False,103225.0,3.608,1.2995,0.3602,0.0326,0.2448
SN0703,Vélingara,Kolda,True,405149.0,16.6694,5.284,0.317,0.6087,0.7816
SN0104,Rufisque,Dakar,True,818337.0,28.5178,8.3328,0.2922,0.913,0.4987
SN0101,Dakar,Dakar,True,1278469.0,28.8735,7.6671,0.2655,1.0,0.2022
SN1103,Sédhiou,Sédhiou,True,193295.0,9.3627,2.4089,0.2573,0.3152,0.5364
SN0102,Guédiawaye,Dakar,True,372708.0,5.4157,1.3873,0.2562,0.8261,0.2137
SN0503,Nioro du Rip,Kaolack,False,512608.0,18.9967,4.7156,0.2482,0.7935,0.7076
SN1102,Goudomp,Sédhiou,False,188097.0,8.5739,2.0327,0.2371,0.4239,0.5844
SN0105,Keur Massar,Dakar,True,770314.0,12.245,2.8663,0.2341,0.9565,0.4134
SN1201,Bakel,Tambacounda,False,189937.0,7.5163,1.7472,0.2325,0.163,0.4573
SN0402,Kaffrine,Kaffrine,True,280787.0,11.2759,2.5675,0.2277,0.5,0.4786
SN1403,Ziguinchor,Ziguinchor,False,303174.0,11.2073,2.3407,0.2089,0.6304,0.4816
SN1302,Thiès,Thiès,True,879186.0,37.3003,7.6831,0.206,0.8804,0.3002
SN1203,Koumpentoum,Tambacounda,False,199197.0,7.4272,1.5087,0.2031,0.2065,0.5106
SN0401,Birkelane,Kaffrine,False,151064.0,6.102,1.2159,0.1993,0.3913,0.5288
SN0103,Pikine,Dakar,True,763377.0,14.4466,2.7062,0.1873,0.9348,0.2852
SN0802,Linguère,Louga,False,312224.0,15.5654,2.769,0.1779,0.2391,0.3468
SN0403,Koungheul,Kaffrine,False,253304.0,9.5684,1.6816,0.1757,0.2826,0.4976
SN1301,Mbour,Thiès,True,935304.0,42.9588,7.1168,0.1657,0.8804,0.5613
SN0404,Malem-Hodar,Kaffrine,False,135249.0,4.4541,0.7076,0.1589,0.163,0.2565
SN0901,Kanel,Matam,False,341520.0,11.5996,1.6812,0.1449,0.3587,0.5191
SN0203,Mbacké,Diourbel,True,1359756.0,57.5403,7.6808,0.1335,0.9783,0.3636
SN0202,Diourbel,Diourbel,False,344109.0,13.0896,1.732,0.1323,0.6957,0.2018
SN0502,Kaolack,Kaolack,True,664053.0,24.2325,3.0416,0.1255,0.8478,0.5133
SN0902,Matam,Matam,True,386887.0,16.1403,2.0172,0.125,0.5761,0.4846
SN1401,Bignona,Ziguinchor,False,287500.0,20.2298,2.3769,0.1175,0.3152,0.3856
SN1303,Tivaouane,Thiès,False,649189.0,30.6834,3.4642,0.1129,0.7935,0.3806
SN0501,Guinguinéo,Kaolack,False,160057.0,6.9988,0.7408,0.1058,0.4239,0.2316
SN0803,Louga,Louga,False,477765.0,25.8571,2.6824,0.1037,0.6739,0.3503
SN0302,Foundiougne,Fatick,False,375388.0,15.7096,1.5441,0.0983,0.6522,0.5633
SN0801,Kébémer,Louga,True,335873.0,18.7982,1.7017,0.0905,0.5761,0.5123
SN1002,Podor,Saint-Louis,True,486007.0,21.1156,1.8768,0.0889,0.5217,0.1948
SN1402,Oussouye,Ziguinchor,False,54567.0,4.8467,0.4076,0.0841,0.1304,0.271
SN1001,Dagana,Saint-Louis,True,329063.0,13.2715,1.0224,0.077,0.4565,0.1511
SN1003,Saint Louis,Saint-Louis,True,387368.0,14.0587,0.7344,0.0522,0.7609,0.2902
SN0201,Bambey,Diourbel,True,376467.0,16.7142,0.8571,0.0513,0.7391,0.3225
SN0303,Gossas,Fatick,False,122968.0,5.6764,0.2447,0.0431,0.2609,0.3386
SN0301,Fatick,Fatick,True,408566.0,21.9274,0.5184,0.0236,0.7174,0.3209
