metric,metric_label,index,lag_months,pearson_r,pearson_p,pearson_p_neff,spearman_r,spearman_p,spearman_p_neff,n,n_eff,sig_pearson_nom,sig_spearman_nom,sig_pearson,sig_spearman
max_precip,Precipitation max mensuel (mm),Nino12,0,-0.0871,0.1816,0.2736,-0.0507,0.4377,0.5247,237,160,,,,
max_precip,Precipitation max mensuel (mm),Nino3,0,-0.041,0.5301,0.6046,-0.0334,0.6085,0.6727,237,162,,,,
max_precip,Precipitation max mensuel (mm),Nino34,0,-0.0141,0.8293,0.8593,-0.0168,0.7967,0.8323,237,161,,,,
max_precip,Precipitation max mensuel (mm),Nino4,0,-0.0149,0.8198,0.8528,-0.0024,0.9705,0.976,237,158,,,,
max_precip,Precipitation max mensuel (mm),IOD,0,-0.0596,0.3607,0.4344,-0.0624,0.3392,0.4137,237,174,,,,
max_precip,Precipitation max mensuel (mm),IOBM,0,-0.2179,0.0007,0.0042,-0.2208,0.0006,0.0037,237,171,***,***,**,**
max_precip,Precipitation max mensuel (mm),TNA,0,-0.0203,0.7562,0.7948,-0.0243,0.7096,0.7551,237,167,,,,
max_precip,Precipitation max mensuel (mm),TSA,0,-0.0755,0.2469,0.3263,-0.116,0.0747,0.1308,237,171,,,,
max_precip,Precipitation max mensuel (mm),ATL3,0,-0.0073,0.9106,0.924,-0.0362,0.5797,0.6377,237,172,,,,
max_precip,Precipitation max mensuel (mm),AMM,0,0.037,0.5711,0.6301,0.0419,0.5208,0.5851,237,172,,,,
max_precip,Precipitation max mensuel (mm),AMO,0,0.1779,0.006,0.0203,0.1995,0.002,0.0091,237,170,**,**,*,**
mean_precip,Precipitation moy. (mm),Nino12,0,-0.0634,0.3308,0.4912,-0.0476,0.466,0.6059,237,120,,,,
mean_precip,Precipitation moy. (mm),Nino3,0,-0.0406,0.534,0.6571,-0.0431,0.5093,0.6376,237,122,,,,
mean_precip,Precipitation moy. (mm),Nino34,0,-0.0297,0.6493,0.7465,-0.0372,0.5691,0.6857,237,121,,,,
mean_precip,Precipitation moy. (mm),Nino4,0,-0.004,0.9507,0.9655,-0.0041,0.9505,0.9654,237,117,,,,
mean_precip,Precipitation moy. (mm),IOD,0,-0.0783,0.2297,0.3577,-0.0834,0.2005,0.327,237,140,,,,
mean_precip,Precipitation moy. (mm),IOBM,0,-0.2405,0.0002,0.0049,-0.2405,0.0002,0.0049,237,135,***,***,**,**
mean_precip,Precipitation moy. (mm),TNA,0,-0.0465,0.4766,0.6012,-0.0542,0.4063,0.5419,237,129,,,,
mean_precip,Precipitation moy. (mm),TSA,0,-0.071,0.2765,0.4134,-0.1204,0.0642,0.1642,237,135,,,,
mean_precip,Precipitation moy. (mm),ATL3,0,-0.0143,0.8263,0.8685,-0.0596,0.3612,0.4909,237,136,,,,
mean_precip,Precipitation moy. (mm),AMM,0,0.0146,0.8225,0.8656,0.0284,0.6638,0.7429,237,136,,,,
mean_precip,Precipitation moy. (mm),AMO,0,0.2164,0.0008,0.0124,0.2022,0.0018,0.0196,237,133,***,**,*,*
max_anomaly,Anomalie max moy. (sigma),Nino12,0,0.0223,0.7329,0.7698,0.0056,0.9321,0.9417,237,175,,,,
max_anomaly,Anomalie max moy. (sigma),Nino3,0,-0.0241,0.7119,0.7508,-0.0577,0.3762,0.4466,237,176,,,,
max_anomaly,Anomalie max moy. (sigma),Nino34,0,-0.0605,0.3536,0.4262,-0.0829,0.2032,0.2751,237,175,,,,
max_anomaly,Anomalie max moy. (sigma),Nino4,0,-0.1222,0.0602,0.1091,-0.1444,0.0263,0.0581,237,173,,*,,
max_anomaly,Anomalie max moy. (sigma),IOD,0,-0.0149,0.8198,0.8398,-0.0808,0.2154,0.2719,237,187,,,,
max_anomaly,Anomalie max moy. (sigma),IOBM,0,0.1373,0.0346,0.0631,0.1291,0.0471,0.0807,237,184,*,*,,
max_anomaly,Anomalie max moy. (sigma),TNA,0,-0.0566,0.3855,0.4502,-0.0128,0.8447,0.8647,237,180,,,,
max_anomaly,Anomalie max moy. (sigma),TSA,0,0.183,0.0047,0.0129,0.2527,0.0001,0.0005,237,184,**,***,*,***
max_anomaly,Anomalie max moy. (sigma),ATL3,0,0.0867,0.1837,0.2421,0.1493,0.0215,0.0431,237,184,,*,,*
max_anomaly,Anomalie max moy. (sigma),AMM,0,-0.1673,0.0099,0.0229,-0.1571,0.0155,0.0328,237,185,**,*,*,*
max_anomaly,Anomalie max moy. (sigma),AMO,0,-0.2164,0.0008,0.0033,-0.1484,0.0223,0.045,237,183,***,*,**,*
coverage_percent,Couverture spatiale moy. (%),Nino12,0,-0.0872,0.1811,0.1926,-0.036,0.581,0.5908,237,225,,,,
coverage_percent,Couverture spatiale moy. (%),Nino3,0,-0.0948,0.1456,0.1554,-0.0215,0.7414,0.7473,237,226,,,,
coverage_percent,Couverture spatiale moy. (%),Nino34,0,-0.0656,0.3148,0.3275,-0.0095,0.8837,0.8867,237,225,,,,
coverage_percent,Couverture spatiale moy. (%),Nino4,0,-0.0479,0.4626,0.4742,-0.0123,0.8509,0.8547,237,225,,,,
coverage_percent,Couverture spatiale moy. (%),IOD,0,-0.0671,0.3033,0.3128,-0.1524,0.0189,0.0213,237,228,,*,,*
coverage_percent,Couverture spatiale moy. (%),IOBM,0,0.0083,0.899,0.9012,0.0082,0.9002,0.9023,237,227,,,,
coverage_percent,Couverture spatiale moy. (%),TNA,0,0.0698,0.2845,0.2961,0.0812,0.2129,0.224,237,226,,,,
coverage_percent,Couverture spatiale moy. (%),TSA,0,0.0754,0.2478,0.2582,0.0495,0.4482,0.458,237,227,,,,
coverage_percent,Couverture spatiale moy. (%),ATL3,0,0.0991,0.1282,0.1366,0.0682,0.2954,0.306,237,227,,,,
coverage_percent,Couverture spatiale moy. (%),AMM,0,-0.0005,0.9937,0.9938,0.0202,0.7572,0.7623,237,227,,,,
coverage_percent,Couverture spatiale moy. (%),AMO,0,0.0881,0.1763,0.1858,0.0863,0.1853,0.195,237,227,,,,
n_events,Nombre d evenements,Nino12,0,-0.0446,0.4863,0.5423,-0.0191,0.7655,0.7941,246,189,,,,
n_events,Nombre d evenements,Nino3,0,-0.0131,0.8385,0.8581,-0.0053,0.934,0.9421,246,190,,,,
n_events,Nombre d evenements,Nino34,0,-0.0104,0.8716,0.8875,-0.0027,0.9664,0.9706,246,189,,,,
n_events,Nombre d evenements,Nino4,0,-0.0868,0.1748,0.2375,-0.0358,0.5764,0.6267,246,187,,,,
n_events,Nombre d evenements,IOD,0,-0.0151,0.8139,0.8321,-0.0405,0.5275,0.5693,246,200,,,,
n_events,Nombre d evenements,IOBM,0,-0.1287,0.0437,0.0722,-0.1309,0.0401,0.0673,246,196,*,*,,
n_events,Nombre d evenements,TNA,0,0.1866,0.0033,0.0094,0.1634,0.0103,0.0232,246,193,**,*,**,*
n_events,Nombre d evenements,TSA,0,-0.1305,0.0409,0.0677,-0.1612,0.0113,0.0236,246,197,*,*,,*
n_events,Nombre d evenements,ATL3,0,-0.0958,0.1342,0.1807,-0.1042,0.1029,0.1449,246,197,,,,
n_events,Nombre d evenements,AMM,0,0.2246,0.0004,0.0015,0.2108,0.0009,0.0029,246,197,***,***,**,**
n_events,Nombre d evenements,AMO,0,0.2954,0.0,0.0,0.2871,0.0,0.0,246,196,***,***,***,***
max_precip,Precipitation max mensuel (mm),Nino12,1,-0.1161,0.0745,0.1464,-0.1069,0.1007,0.1813,237,158,,,,
max_precip,Precipitation max mensuel (mm),Nino3,1,-0.0639,0.327,0.4219,-0.0441,0.4994,0.5799,237,160,,,,
max_precip,Precipitation max mensuel (mm),Nino34,1,-0.0268,0.681,0.7378,-0.0084,0.8972,0.9162,237,158,,,,
max_precip,Precipitation max mensuel (mm),Nino4,1,0.013,0.8424,0.8722,0.0239,0.7142,0.767,237,156,,,,
max_precip,Precipitation max mensuel (mm),IOD,1,-0.194,0.0027,0.0091,-0.1831,0.0047,0.0139,237,180,**,**,**,*
max_precip,Precipitation max mensuel (mm),IOBM,1,-0.1962,0.0024,0.0103,-0.188,0.0037,0.0141,237,170,**,**,*,*
max_precip,Precipitation max mensuel (mm),TNA,1,-0.0531,0.4154,0.4991,-0.0589,0.3669,0.454,237,164,,,,
max_precip,Precipitation max mensuel (mm),TSA,1,0.0117,0.8578,0.88,-0.0055,0.9329,0.9434,237,169,,,,
max_precip,Precipitation max mensuel (mm),ATL3,1,0.0671,0.3034,0.3844,0.054,0.4082,0.4845,237,170,,,,
max_precip,Precipitation max mensuel (mm),AMM,1,-0.0485,0.4575,0.5313,-0.0524,0.422,0.4986,237,169,,,,
max_precip,Precipitation max mensuel (mm),AMO,1,0.1042,0.1095,0.1749,0.1085,0.0956,0.1577,237,171,,,,
mean_precip,Precipitation moy. (mm),Nino12,1,-0.0809,0.2148,0.386,-0.0854,0.1899,0.3597,237,117,,,,
mean_precip,Precipitation moy. (mm),Nino3,1,-0.0485,0.4573,0.5988,-0.0371,0.5693,0.6871,237,120,,,,
mean_precip,Precipitation moy. (mm),Nino34,1,-0.0146,0.8232,0.8759,0.0,0.9999,0.9999,237,117,,,,
mean_precip,Precipitation moy. (mm),Nino4,1,0.0361,0.5805,0.7031,0.0302,0.6439,0.7499,237,114,,,,
mean_precip,Precipitation moy. (mm),IOD,1,-0.2312,0.0003,0.0047,-0.2158,0.0008,0.0084,237,148,***,***,**,**
mean_precip,Precipitation moy. (mm),IOBM,1,-0.2168,0.0008,0.0122,-0.1938,0.0027,0.0254,237,133,***,**,*,*
mean_precip,Precipitation moy. (mm),TNA,1,-0.0607,0.3519,0.5011,-0.0606,0.3529,0.5019,237,125,,,,
mean_precip,Precipitation moy. (mm),TSA,1,-0.0033,0.9592,0.9695,-0.0185,0.7768,0.8325,237,133,,,,
mean_precip,Precipitation moy. (mm),ATL3,1,0.034,0.6021,0.6962,0.0272,0.6765,0.7547,237,134,,,,
mean_precip,Precipitation moy. (mm),AMM,1,-0.0441,0.4993,0.6157,-0.0435,0.5054,0.6206,237,132,,,,
mean_precip,Precipitation moy. (mm),AMO,1,0.0837,0.1991,0.3345,0.0756,0.2461,0.3833,237,135,,,,
max_anomaly,Anomalie max moy. (sigma),Nino12,1,-0.0114,0.8612,0.8815,-0.0072,0.9127,0.9255,237,173,,,,
max_anomaly,Anomalie max moy. (sigma),Nino3,1,-0.0749,0.2504,0.3243,-0.1156,0.0756,0.1275,237,175,,,,
max_anomaly,Anomalie max moy. (sigma),Nino34,1,-0.1237,0.0573,0.105,-0.1516,0.0195,0.0465,237,173,,*,,*
max_anomaly,Anomalie max moy. (sigma),Nino4,1,-0.137,0.035,0.074,-0.1595,0.014,0.0372,237,171,*,*,,*
max_anomaly,Anomalie max moy. (sigma),IOD,1,0.0721,0.2692,0.3206,0.0117,0.8574,0.8717,237,192,,,,
max_anomaly,Anomalie max moy. (sigma),IOBM,1,0.1289,0.0475,0.0821,0.1094,0.0928,0.1404,237,183,*,,,
max_anomaly,Anomalie max moy. (sigma),TNA,1,-0.0416,0.5238,0.5813,0.0072,0.9126,0.9243,237,178,,,,
max_anomaly,Anomalie max moy. (sigma),TSA,1,0.1632,0.0118,0.0272,0.196,0.0024,0.0078,237,183,*,**,*,**
max_anomaly,Anomalie max moy. (sigma),ATL3,1,0.0439,0.5011,0.555,0.064,0.3269,0.3897,237,183,,,,
max_anomaly,Anomalie max moy. (sigma),AMM,1,-0.1423,0.0285,0.0554,-0.0938,0.15,0.2079,237,182,*,,,
max_anomaly,Anomalie max moy. (sigma),AMO,1,-0.1761,0.0066,0.0168,-0.1055,0.105,0.1539,237,184,**,,*,
coverage_percent,Couverture spatiale moy. (%),Nino12,1,-0.1013,0.1198,0.1297,-0.0695,0.2864,0.2991,237,225,,,,
coverage_percent,Couverture spatiale moy. (%),Nino3,1,-0.1311,0.0438,0.0495,-0.0835,0.2001,0.212,237,225,*,,*,
coverage_percent,Couverture spatiale moy. (%),Nino34,1,-0.0853,0.1907,0.2024,-0.0333,0.6099,0.6192,237,225,,,,
coverage_percent,Couverture spatiale moy. (%),Nino4,1,-0.0199,0.7602,0.7668,0.0187,0.7748,0.7809,237,224,,,,
coverage_percent,Couverture spatiale moy. (%),IOD,1,-0.0283,0.665,0.6704,-0.0789,0.2261,0.2342,237,229,,,,
coverage_percent,Couverture spatiale moy. (%),IOBM,1,0.0173,0.7912,0.7956,0.0236,0.7177,0.7236,237,227,,,,
coverage_percent,Couverture spatiale moy. (%),TNA,1,0.0243,0.7093,0.7159,0.0363,0.5779,0.587,237,226,,,,
coverage_percent,Couverture spatiale moy. (%),TSA,1,0.0867,0.1834,0.193,0.0664,0.309,0.3195,237,227,,,,
coverage_percent,Couverture spatiale moy. (%),ATL3,1,0.0734,0.2607,0.2711,0.031,0.6349,0.6423,237,227,,,,
coverage_percent,Couverture spatiale moy. (%),AMM,1,-0.0401,0.5387,0.5475,0.0006,0.9921,0.9923,237,227,,,,
coverage_percent,Couverture spatiale moy. (%),AMO,1,0.0639,0.3275,0.338,0.074,0.2563,0.2667,237,227,,,,
n_events,Nombre d evenements,Nino12,1,-0.0672,0.2939,0.3596,-0.0446,0.4859,0.543,246,188,,,,
n_events,Nombre d evenements,Nino3,1,-0.0431,0.5014,0.5574,-0.0334,0.6016,0.6486,246,188,,,,
n_events,Nombre d evenements,Nino34,1,-0.0626,0.3281,0.3947,-0.0459,0.4736,0.5327,246,187,,,,
n_events,Nombre d evenements,Nino4,1,-0.0953,0.1363,0.1959,-0.0657,0.305,0.3732,246,186,,,,
n_events,Nombre d evenements,IOD,1,-0.0863,0.1773,0.2175,-0.1164,0.0683,0.0956,246,206,,,,
n_events,Nombre d evenements,IOBM,1,-0.1663,0.009,0.0202,-0.1596,0.0122,0.0259,246,195,**,*,*,*
n_events,Nombre d evenements,TNA,1,0.1097,0.0861,0.131,0.0719,0.261,0.3227,246,191,,,,
n_events,Nombre d evenements,TSA,1,-0.0915,0.1525,0.201,-0.1186,0.0633,0.0969,246,197,,,,
n_events,Nombre d evenements,ATL3,1,-0.0301,0.6388,0.6757,-0.0319,0.6185,0.6571,246,196,,,,
n_events,Nombre d evenements,AMM,1,0.1455,0.0224,0.0424,0.1337,0.0362,0.0625,246,195,*,*,*,
n_events,Nombre d evenements,AMO,1,0.2621,0.0,0.0002,0.253,0.0001,0.0003,246,197,***,***,***,***
max_precip,Precipitation max mensuel (mm),Nino12,2,-0.1021,0.1169,0.2002,-0.1067,0.1012,0.1806,237,159,,,,
max_precip,Precipitation max mensuel (mm),Nino3,2,-0.0745,0.2531,0.3489,-0.0434,0.5056,0.5854,237,160,,,,
max_precip,Precipitation max mensuel (mm),Nino34,2,-0.0388,0.5525,0.6286,0.0125,0.8485,0.8764,237,158,,,,
max_precip,Precipitation max mensuel (mm),Nino4,2,-0.0107,0.8701,0.8947,-0.0039,0.9519,0.9611,237,156,,,,
max_precip,Precipitation max mensuel (mm),IOD,2,-0.1719,0.008,0.0193,-0.1844,0.0044,0.012,237,185,**,**,*,*
max_precip,Precipitation max mensuel (mm),IOBM,2,-0.0923,0.1565,0.2325,-0.0347,0.5946,0.6538,237,169,,,,
max_precip,Precipitation max mensuel (mm),TNA,2,-0.0732,0.2619,0.3564,-0.076,0.2438,0.3379,237,161,,,,
max_precip,Precipitation max mensuel (mm),TSA,2,0.0651,0.3185,0.3978,0.0896,0.1691,0.2438,237,171,,,,
max_precip,Precipitation max mensuel (mm),ATL3,2,0.1046,0.1083,0.1747,0.1249,0.0549,0.1047,237,170,,,,
max_precip,Precipitation max mensuel (mm),AMM,2,-0.1029,0.114,0.1869,-0.1128,0.0832,0.148,237,166,,,,
max_precip,Precipitation max mensuel (mm),AMO,2,-0.0691,0.2896,0.368,-0.0733,0.2608,0.339,237,172,,,,
mean_precip,Precipitation moy. (mm),Nino12,2,-0.0731,0.2622,0.4314,-0.1024,0.1159,0.2699,237,118,,,,
mean_precip,Precipitation moy. (mm),Nino3,2,-0.0305,0.6403,0.7419,-0.0003,0.9968,0.9978,237,119,,,,
mean_precip,Precipitation moy. (mm),Nino34,2,0.006,0.9271,0.949,0.0512,0.433,0.5838,237,117,,,,
mean_precip,Precipitation moy. (mm),Nino4,2,0.0161,0.8049,0.8648,0.0077,0.9067,0.9356,237,114,,,,
mean_precip,Precipitation moy. (mm),IOD,2,-0.1577,0.0151,0.05,-0.158,0.0149,0.0495,237,155,*,*,,*
mean_precip,Precipitation moy. (mm),IOBM,2,-0.0348,0.5943,0.6923,0.0115,0.8598,0.8955,237,132,,,,
mean_precip,Precipitation moy. (mm),TNA,2,-0.0452,0.4891,0.6214,-0.0477,0.4645,0.6015,237,122,,,,
mean_precip,Precipitation moy. (mm),TSA,2,0.0511,0.4337,0.5562,0.0746,0.2528,0.39,237,135,,,,
mean_precip,Precipitation moy. (mm),ATL3,2,0.0759,0.2446,0.3854,0.0988,0.1292,0.2577,237,133,,,,
mean_precip,Precipitation moy. (mm),AMM,2,-0.0709,0.2767,0.4262,-0.0853,0.1908,0.3386,237,128,,,,
mean_precip,Precipitation moy. (mm),AMO,2,-0.1023,0.1163,0.2361,-0.1005,0.1228,0.2443,237,136,,,,
max_anomaly,Anomalie max moy. (sigma),Nino12,2,-0.0336,0.607,0.6601,-0.0088,0.8927,0.9082,237,174,,,,
max_anomaly,Anomalie max moy. (sigma),Nino3,2,-0.1271,0.0507,0.0947,-0.1598,0.0138,0.0352,237,174,,*,,*
max_anomaly,Anomalie max moy. (sigma),Nino34,2,-0.1567,0.0157,0.0395,-0.1897,0.0034,0.0124,237,173,*,**,*,*
max_anomaly,Anomalie max moy. (sigma),Nino4,2,-0.1248,0.0551,0.1039,-0.1536,0.018,0.0449,237,171,,*,,*
max_anomaly,Anomalie max moy. (sigma),IOD,2,0.0803,0.2182,0.2633,0.0042,0.9488,0.9535,237,196,,,,
max_anomaly,Anomalie max moy. (sigma),IOBM,2,0.0211,0.7471,0.7779,-0.017,0.7944,0.8196,237,182,,,,
max_anomaly,Anomalie max moy. (sigma),TNA,2,-0.0459,0.4817,0.545,-0.0131,0.8413,0.8632,237,176,,,,
max_anomaly,Anomalie max moy. (sigma),TSA,2,0.1152,0.0768,0.1196,0.125,0.0545,0.0908,237,184,,,,
max_anomaly,Anomalie max moy. (sigma),ATL3,2,0.0154,0.8136,0.8362,0.0312,0.6322,0.6745,237,183,,,,
max_anomaly,Anomalie max moy. (sigma),AMM,2,-0.115,0.0773,0.1243,-0.0747,0.2518,0.3188,237,180,,,,
max_anomaly,Anomalie max moy. (sigma),AMO,2,-0.0452,0.4882,0.5409,0.027,0.6788,0.7149,237,185,,,,
coverage_percent,Couverture spatiale moy. (%),Nino12,2,-0.1064,0.1021,0.1113,-0.1016,0.1186,0.1285,237,225,,,,
coverage_percent,Couverture spatiale moy. (%),Nino3,2,-0.0766,0.24,0.2524,-0.0563,0.3879,0.4004,237,225,,,,
coverage_percent,Couverture spatiale moy. (%),Nino34,2,-0.0293,0.6538,0.6622,0.0057,0.9299,0.9317,237,225,,,,
coverage_percent,Couverture spatiale moy. (%),Nino4,2,-0.0022,0.9736,0.9744,0.0035,0.9575,0.9587,237,224,,,,
coverage_percent,Couverture spatiale moy. (%),IOD,2,-0.0749,0.2504,0.2587,-0.1412,0.0297,0.0327,237,229,,*,,*
coverage_percent,Couverture spatiale moy. (%),IOBM,2,0.0173,0.7915,0.7959,-0.01,0.8784,0.881,237,227,,,,
coverage_percent,Couverture spatiale moy. (%),TNA,2,-0.0018,0.9786,0.9791,0.0139,0.8309,0.8352,237,225,,,,
coverage_percent,Couverture spatiale moy. (%),TSA,2,0.069,0.29,0.3005,0.0276,0.6721,0.6788,237,227,,,,
coverage_percent,Couverture spatiale moy. (%),ATL3,2,0.0677,0.2996,0.3102,0.0392,0.5483,0.5569,237,227,,,,
coverage_percent,Couverture spatiale moy. (%),AMM,2,-0.0482,0.4603,0.471,0.0035,0.9578,0.9588,237,226,,,,
coverage_percent,Couverture spatiale moy. (%),AMO,2,0.034,0.6024,0.6103,0.0326,0.617,0.6247,237,227,,,,
n_events,Nombre d evenements,Nino12,2,-0.0907,0.1559,0.2156,-0.0858,0.1799,0.2418,246,188,,,,
n_events,Nombre d evenements,Nino3,2,-0.061,0.3403,0.4053,-0.0495,0.4396,0.4999,246,188,,,,
n_events,Nombre d evenements,Nino34,2,-0.0759,0.2354,0.303,-0.0624,0.3295,0.3973,246,186,,,,
n_events,Nombre d evenements,Nino4,2,-0.1016,0.1119,0.1687,-0.0886,0.1658,0.2303,246,185,,,,
n_events,Nombre d evenements,IOD,2,-0.0768,0.2298,0.2688,-0.0947,0.1387,0.1727,246,209,,,,
n_events,Nombre d evenements,IOBM,2,-0.1246,0.0509,0.0826,-0.1184,0.0636,0.0991,246,195,,,,
n_events,Nombre d evenements,TNA,2,0.0681,0.2873,0.3505,0.0309,0.6292,0.6717,246,190,,,,
n_events,Nombre d evenements,TSA,2,0.0073,0.9088,0.9185,-0.001,0.9873,0.9886,246,197,,,,
n_events,Nombre d evenements,ATL3,2,0.0553,0.3881,0.4405,0.0308,0.6305,0.6672,246,197,,,,
n_events,Nombre d evenements,AMM,2,0.0494,0.4401,0.4947,0.0445,0.4875,0.5392,246,193,,,,
n_events,Nombre d evenements,AMO,2,0.1425,0.0254,0.0452,0.1243,0.0514,0.0809,246,198,*,,*,
max_precip,Precipitation max mensuel (mm),Nino12,3,-0.0778,0.2326,0.3234,-0.0659,0.3121,0.403,237,163,,,,
max_precip,Precipitation max mensuel (mm),Nino3,3,-0.0601,0.3572,0.4491,-0.0088,0.8929,0.9119,237,161,,,,
max_precip,Precipitation max mensuel (mm),Nino34,3,-0.0221,0.7353,0.7831,0.034,0.6021,0.6711,237,158,,,,
max_precip,Precipitation max mensuel (mm),Nino4,3,-0.0211,0.7462,0.7934,-0.018,0.7823,0.8231,237,156,,,,
max_precip,Precipitation max mensuel (mm),IOD,3,0.0602,0.3559,0.4116,0.0206,0.7527,0.7793,237,188,,,,
max_precip,Precipitation max mensuel (mm),IOBM,3,0.0991,0.1283,0.2028,0.1634,0.0118,0.0349,237,167,,*,,*
max_precip,Precipitation max mensuel (mm),TNA,3,-0.0627,0.3363,0.4307,-0.0496,0.4475,0.5336,237,160,,,,
max_precip,Precipitation max mensuel (mm),TSA,3,0.1296,0.0462,0.0911,0.158,0.0149,0.039,237,171,*,*,,*
max_precip,Precipitation max mensuel (mm),ATL3,3,0.1559,0.0163,0.0382,0.1765,0.0064,0.0187,237,177,*,**,*,*
max_precip,Precipitation max mensuel (mm),AMM,3,-0.14,0.0312,0.0729,-0.1402,0.0309,0.0724,237,165,*,*,,
max_precip,Precipitation max mensuel (mm),AMO,3,-0.1699,0.0088,0.0272,-0.1648,0.0111,0.0323,237,169,**,*,*,*
mean_precip,Precipitation moy. (mm),Nino12,3,-0.0378,0.5624,0.6767,-0.0501,0.4431,0.5809,237,124,,,,
mean_precip,Precipitation moy. (mm),Nino3,3,0.0005,0.9933,0.9952,0.0322,0.6222,0.7261,237,121,,,,
mean_precip,Precipitation moy. (mm),Nino34,3,0.0201,0.7577,0.8286,0.0606,0.3528,0.5143,237,118,,,,
mean_precip,Precipitation moy. (mm),Nino4,3,-0.014,0.8307,0.8828,-0.0236,0.7182,0.8035,237,114,,,,
mean_precip,Precipitation moy. (mm),IOD,3,0.106,0.1034,0.182,0.0939,0.1496,0.2376,237,160,,,,
mean_precip,Precipitation moy. (mm),IOBM,3,0.157,0.0156,0.0745,0.2092,0.0012,0.0169,237,130,*,**,,*
mean_precip,Precipitation moy. (mm),TNA,3,-0.0188,0.7732,0.8383,-0.0226,0.7293,0.8065,237,120,,,,
mean_precip,Precipitation moy. (mm),TSA,3,0.1341,0.0391,0.1209,0.1549,0.017,0.0729,237,135,*,*,,
mean_precip,Precipitation moy. (mm),ATL3,3,0.1421,0.0288,0.0905,0.1777,0.0061,0.0337,237,143,*,**,,*
mean_precip,Precipitation moy. (mm),AMM,3,-0.1072,0.0998,0.2323,-0.118,0.0697,0.1881,237,126,,,,
mean_precip,Precipitation moy. (mm),AMO,3,-0.1641,0.0114,0.0601,-0.1661,0.0104,0.057,237,132,*,*,,
max_anomaly,Anomalie max moy. (sigma),Nino12,3,-0.067,0.3046,0.3758,-0.0698,0.2847,0.3561,237,177,,,,
max_anomaly,Anomalie max moy. (sigma),Nino3,3,-0.2021,0.0018,0.0073,-0.2295,0.0004,0.0023,237,175,**,***,**,**
max_anomaly,Anomalie max moy. (sigma),Nino34,3,-0.2121,0.001,0.0051,-0.2295,0.0004,0.0024,237,173,**,***,**,**
max_anomaly,Anomalie max moy. (sigma),Nino4,3,-0.1258,0.053,0.101,-0.1186,0.0684,0.1224,237,171,,,,
max_anomaly,Anomalie max moy. (sigma),IOD,3,-0.0257,0.6941,0.7195,-0.0316,0.6281,0.6583,237,198,,,,
max_anomaly,Anomalie max moy. (sigma),IOBM,3,-0.1439,0.0267,0.0532,-0.1582,0.0147,0.0334,237,181,*,*,,*
max_anomaly,Anomalie max moy. (sigma),TNA,3,-0.048,0.4621,0.5282,-0.0394,0.5456,0.6042,237,175,,,,
max_anomaly,Anomalie max moy. (sigma),TSA,3,0.0596,0.3612,0.4218,0.0718,0.2711,0.3329,237,184,,,,
max_anomaly,Anomalie max moy. (sigma),ATL3,3,-0.0252,0.6996,0.7307,-0.0437,0.5032,0.5505,237,189,,,,
max_anomaly,Anomalie max moy. (sigma),AMM,3,-0.08,0.2197,0.287,-0.0545,0.4032,0.4683,237,179,,,,
max_anomaly,Anomalie max moy. (sigma),AMO,3,0.0281,0.6671,0.7067,0.0745,0.2534,0.3177,237,182,,,,
coverage_percent,Couverture spatiale moy. (%),Nino12,3,-0.0812,0.2131,0.2242,-0.091,0.1624,0.1726,237,226,,,,
coverage_percent,Couverture spatiale moy. (%),Nino3,3,-0.0462,0.4793,0.4908,-0.0561,0.39,0.4024,237,225,,,,
coverage_percent,Couverture spatiale moy. (%),Nino34,3,0.0094,0.8852,0.8881,0.0083,0.8984,0.901,237,225,,,,
coverage_percent,Couverture spatiale moy. (%),Nino4,3,0.0449,0.4917,0.504,0.0389,0.5511,0.5623,237,224,,,,
coverage_percent,Couverture spatiale moy. (%),IOD,3,-0.0505,0.4389,0.4458,-0.0874,0.1797,0.1863,237,230,,,,
coverage_percent,Couverture spatiale moy. (%),IOBM,3,0.0237,0.7163,0.7228,0.0518,0.4274,0.4384,237,226,,,,
coverage_percent,Couverture spatiale moy. (%),TNA,3,-0.0194,0.766,0.7719,0.0109,0.8674,0.8708,237,225,,,,
coverage_percent,Couverture spatiale moy. (%),TSA,3,0.0639,0.327,0.3375,0.0399,0.5406,0.5493,237,227,,,,
coverage_percent,Couverture spatiale moy. (%),ATL3,3,0.0171,0.7929,0.7969,0.0036,0.9564,0.9573,237,228,,,,
coverage_percent,Couverture spatiale moy. (%),AMM,3,-0.0596,0.3607,0.3722,0.0115,0.8604,0.8636,237,226,,,,
coverage_percent,Couverture spatiale moy. (%),AMO,3,-0.0064,0.9215,0.9232,0.0143,0.8264,0.8301,237,227,,,,
n_events,Nombre d evenements,Nino12,3,-0.0669,0.2958,0.3576,-0.0765,0.2317,0.2927,246,191,,,,
n_events,Nombre d evenements,Nino3,3,-0.0735,0.2505,0.3146,-0.0569,0.3745,0.4371,246,189,,,,
n_events,Nombre d evenements,Nino34,3,-0.069,0.281,0.348,-0.0626,0.3285,0.395,246,187,,,,
n_events,Nombre d evenements,Nino4,3,-0.0853,0.1825,0.2485,-0.1047,0.1014,0.1562,246,185,,,,
n_events,Nombre d evenements,IOD,3,-0.014,0.8274,0.8401,-0.01,0.8756,0.8849,246,211,,,,
n_events,Nombre d evenements,IOBM,3,-0.0086,0.8928,0.9048,-0.0052,0.9351,0.9424,246,194,,,,
n_events,Nombre d evenements,TNA,3,0.0372,0.5619,0.6118,-0.0176,0.7832,0.8097,246,189,,,,
n_events,Nombre d evenements,TSA,3,0.075,0.2412,0.2949,0.0669,0.2957,0.35,246,197,,,,
n_events,Nombre d evenements,ATL3,3,0.0824,0.1978,0.2437,0.0797,0.213,0.2596,246,202,,,,
n_events,Nombre d evenements,AMM,3,-0.0213,0.7395,0.7693,-0.0277,0.6655,0.703,246,192,,,,
n_events,Nombre d evenements,AMO,3,0.002,0.9753,0.978,-0.0331,0.6051,0.6457,246,195,,,,
max_precip,Precipitation max mensuel (mm),Nino12,4,-0.0745,0.2536,0.3419,-0.0437,0.5028,0.577,237,165,,,,
max_precip,Precipitation max mensuel (mm),Nino3,4,-0.0227,0.7277,0.7727,0.0212,0.7455,0.7876,237,164,,,,
max_precip,Precipitation max mensuel (mm),Nino34,4,-0.0318,0.6263,0.6908,0.0075,0.9083,0.9251,237,159,,,,
max_precip,Precipitation max mensuel (mm),Nino4,4,-0.056,0.3911,0.4878,-0.0421,0.5187,0.6016,237,156,,,,
max_precip,Precipitation max mensuel (mm),IOD,4,0.1838,0.0045,0.0109,0.192,0.003,0.0078,237,191,**,**,*,**
max_precip,Precipitation max mensuel (mm),IOBM,4,0.1272,0.0505,0.1003,0.1319,0.0424,0.0882,237,168,,*,,
max_precip,Precipitation max mensuel (mm),TNA,4,-0.1112,0.0875,0.1588,-0.1125,0.084,0.1542,237,162,,,,
max_precip,Precipitation max mensuel (mm),TSA,4,0.1478,0.0228,0.0537,0.1452,0.0254,0.0581,237,171,*,*,,
max_precip,Precipitation max mensuel (mm),ATL3,4,0.1001,0.1244,0.1752,0.1219,0.0609,0.0983,237,185,,,,
max_precip,Precipitation max mensuel (mm),AMM,4,-0.195,0.0026,0.0118,-0.1921,0.003,0.0132,237,166,**,**,*,*
max_precip,Precipitation max mensuel (mm),AMO,4,-0.2035,0.0016,0.0083,-0.1798,0.0055,0.0201,237,167,**,**,**,*
mean_precip,Precipitation moy. (mm),Nino12,4,-0.0071,0.9128,0.9364,0.007,0.9147,0.9378,237,127,,,,
mean_precip,Precipitation moy. (mm),Nino3,4,0.0445,0.4955,0.6223,0.075,0.2499,0.4056,237,125,,,,
mean_precip,Precipitation moy. (mm),Nino34,4,0.0172,0.7921,0.8526,0.0409,0.531,0.6588,237,119,,,,
mean_precip,Precipitation moy. (mm),Nino4,4,-0.0336,0.6069,0.7216,-0.034,0.6023,0.7181,237,115,,,,
mean_precip,Precipitation moy. (mm),IOD,4,0.2406,0.0002,0.0018,0.2304,0.0003,0.0029,237,165,***,***,**,**
mean_precip,Precipitation moy. (mm),IOBM,4,0.1787,0.0058,0.0411,0.1792,0.0057,0.0406,237,131,**,**,*,*
mean_precip,Precipitation moy. (mm),TNA,4,-0.0659,0.312,0.4705,-0.0771,0.2373,0.3989,237,122,,,,
mean_precip,Precipitation moy. (mm),TSA,4,0.1584,0.0147,0.0665,0.1457,0.0249,0.0918,237,135,*,*,,
mean_precip,Precipitation moy. (mm),ATL3,4,0.0942,0.1482,0.2436,0.1008,0.1219,0.2123,237,155,,,,
mean_precip,Precipitation moy. (mm),AMM,4,-0.1649,0.011,0.0629,-0.1512,0.0199,0.0884,237,128,*,*,,
mean_precip,Precipitation moy. (mm),AMO,4,-0.1645,0.0112,0.0614,-0.1597,0.0138,0.0695,237,130,*,*,,
max_anomaly,Anomalie max moy. (sigma),Nino12,4,-0.0872,0.1809,0.2457,-0.1008,0.1217,0.1794,237,179,,,,
max_anomaly,Anomalie max moy. (sigma),Nino3,4,-0.1845,0.0044,0.0137,-0.1867,0.0039,0.0126,237,178,**,**,*,*
max_anomaly,Anomalie max moy. (sigma),Nino34,4,-0.1717,0.0081,0.0235,-0.1689,0.0092,0.0258,237,174,**,**,*,*
max_anomaly,Anomalie max moy. (sigma),Nino4,4,-0.1165,0.0735,0.1281,-0.1055,0.1053,0.1686,237,172,,,,
max_anomaly,Anomalie max moy. (sigma),IOD,4,-0.1134,0.0816,0.1091,-0.1442,0.0264,0.0411,237,201,,*,,*
max_anomaly,Anomalie max moy. (sigma),IOBM,4,-0.1487,0.0221,0.0452,-0.1555,0.0166,0.0361,237,182,*,*,*,*
max_anomaly,Anomalie max moy. (sigma),TNA,4,0.011,0.8661,0.8846,-0.0085,0.8962,0.9106,237,176,,,,
max_anomaly,Anomalie max moy. (sigma),TSA,4,-0.0493,0.4503,0.5066,-0.0393,0.5475,0.5967,237,184,,,,
max_anomaly,Anomalie max moy. (sigma),ATL3,4,-0.0712,0.2746,0.3223,-0.0708,0.2774,0.3251,237,195,,,,
max_anomaly,Anomalie max moy. (sigma),AMM,4,0.0434,0.5058,0.5637,0.018,0.7834,0.8115,237,179,,,,
max_anomaly,Anomalie max moy. (sigma),AMO,4,0.0744,0.2542,0.3199,0.09,0.1675,0.2284,237,181,,,,
coverage_percent,Couverture spatiale moy. (%),Nino12,4,-0.0488,0.4546,0.4654,-0.0242,0.7109,0.7175,237,226,,,,
coverage_percent,Couverture spatiale moy. (%),Nino3,4,0.0072,0.9119,0.914,0.0018,0.9783,0.9788,237,226,,,,
coverage_percent,Couverture spatiale moy. (%),Nino34,4,0.0418,0.5223,0.5332,0.0193,0.7677,0.7736,237,225,,,,
coverage_percent,Couverture spatiale moy. (%),Nino4,4,0.0472,0.47,0.4816,0.0211,0.7462,0.7525,237,225,,,,
coverage_percent,Couverture spatiale moy. (%),IOD,4,-0.0211,0.7467,0.7504,-0.0051,0.9378,0.9387,237,230,,,,
coverage_percent,Couverture spatiale moy. (%),IOBM,4,0.0507,0.437,0.447,0.0624,0.339,0.3496,237,227,,,,
coverage_percent,Couverture spatiale moy. (%),TNA,4,0.0193,0.7675,0.7729,0.0385,0.555,0.5645,237,226,,,,
coverage_percent,Couverture spatiale moy. (%),TSA,4,0.081,0.2141,0.2241,0.0634,0.3314,0.3419,237,227,,,,
coverage_percent,Couverture spatiale moy. (%),ATL3,4,0.0014,0.9834,0.9837,0.0068,0.9174,0.9188,237,229,,,,
coverage_percent,Couverture spatiale moy. (%),AMM,4,-0.0405,0.5353,0.5451,0.008,0.9023,0.9046,237,226,,,,
coverage_percent,Couverture spatiale moy. (%),AMO,4,0.0279,0.6686,0.6754,0.0431,0.5089,0.5181,237,227,,,,
n_events,Nombre d evenements,Nino12,4,-0.0178,0.7818,0.8064,0.0149,0.816,0.8369,246,193,,,,
n_events,Nombre d evenements,Nino3,4,-0.0424,0.5077,0.56,-0.0068,0.9156,0.9257,246,191,,,,
n_events,Nombre d evenements,Nino34,4,-0.0673,0.2931,0.3601,-0.0556,0.3853,0.4498,246,187,,,,
n_events,Nombre d evenements,Nino4,4,-0.1109,0.0826,0.1329,-0.1368,0.032,0.0633,246,185,,*,,
n_events,Nombre d evenements,IOD,4,0.0255,0.6906,0.7107,0.0627,0.3275,0.3615,246,214,,,,
n_events,Nombre d evenements,IOBM,4,0.0103,0.8721,0.8862,-0.0045,0.9443,0.9505,246,195,,,,
n_events,Nombre d evenements,TNA,4,-0.0339,0.5962,0.642,-0.0812,0.2042,0.2652,246,190,,,,
n_events,Nombre d evenements,TSA,4,0.0586,0.3605,0.4125,0.0439,0.4929,0.5389,246,198,,,,
n_events,Nombre d evenements,ATL3,4,0.0139,0.8283,0.8417,0.0364,0.5697,0.6006,246,209,,,,
n_events,Nombre d evenements,AMM,4,-0.0686,0.2841,0.3421,-0.0736,0.2499,0.3075,246,194,,,,
n_events,Nombre d evenements,AMO,4,-0.0781,0.2224,0.2779,-0.0927,0.1472,0.1975,246,195,,,,
max_precip,Precipitation max mensuel (mm),Nino12,5,-0.0184,0.7785,0.8128,0.0472,0.4703,0.5433,236,168,,,,
max_precip,Precipitation max mensuel (mm),Nino3,5,-0.023,0.725,0.7705,0.0412,0.5287,0.6015,236,163,,,,
max_precip,Precipitation max mensuel (mm),Nino34,5,-0.0508,0.4369,0.5258,-0.0121,0.8533,0.8801,236,158,,,,
max_precip,Precipitation max mensuel (mm),Nino4,5,-0.0768,0.24,0.3439,-0.0511,0.4349,0.5294,236,154,,,,
max_precip,Precipitation max mensuel (mm),IOD,5,0.1254,0.0544,0.0807,0.1426,0.0285,0.0467,236,195,,*,,*
max_precip,Precipitation max mensuel (mm),IOBM,5,-0.0164,0.8018,0.8316,-0.0262,0.6884,0.7341,236,170,,,,
max_precip,Precipitation max mensuel (mm),TNA,5,-0.1591,0.0144,0.0445,-0.1663,0.0105,0.0356,236,160,*,*,*,*
max_precip,Precipitation max mensuel (mm),TSA,5,0.1494,0.0217,0.0498,0.1416,0.0296,0.0631,236,173,*,*,*,
max_precip,Precipitation max mensuel (mm),ATL3,5,0.0383,0.5585,0.608,0.009,0.8907,0.9041,236,182,,,,
max_precip,Precipitation max mensuel (mm),AMM,5,-0.2346,0.0003,0.0022,-0.2262,0.0005,0.0032,236,168,***,***,**,**
max_precip,Precipitation max mensuel (mm),AMO,5,-0.115,0.0778,0.1424,-0.0921,0.1583,0.2407,236,164,,,,
mean_precip,Precipitation moy. (mm),Nino12,5,0.0533,0.4152,0.5455,0.0976,0.135,0.2675,236,131,,,,
mean_precip,Precipitation moy. (mm),Nino3,5,0.0348,0.5943,0.6997,0.0703,0.2818,0.4356,236,125,,,,
mean_precip,Precipitation moy. (mm),Nino34,5,-0.017,0.7949,0.8556,0.0033,0.9592,0.9714,236,117,,,,
mean_precip,Precipitation moy. (mm),Nino4,5,-0.0586,0.3702,0.5395,-0.0358,0.5843,0.7079,236,112,,,,
mean_precip,Precipitation moy. (mm),IOD,5,0.1497,0.0214,0.0506,0.1606,0.0135,0.0358,236,171,*,*,,*
mean_precip,Precipitation moy. (mm),IOBM,5,-0.0245,0.7085,0.779,-0.0335,0.6087,0.7008,236,134,,,,
mean_precip,Precipitation moy. (mm),TNA,5,-0.1166,0.0739,0.2048,-0.1267,0.0519,0.1679,236,120,,,,
mean_precip,Precipitation moy. (mm),TSA,5,0.149,0.022,0.08,0.1287,0.0482,0.1309,236,139,*,*,,
mean_precip,Precipitation moy. (mm),ATL3,5,0.0285,0.6637,0.7279,-0.0121,0.8535,0.8826,236,152,,,,
mean_precip,Precipitation moy. (mm),AMM,5,-0.1999,0.002,0.0221,-0.1776,0.0062,0.0424,236,131,**,**,*,*
mean_precip,Precipitation moy. (mm),AMO,5,-0.0749,0.2518,0.4046,-0.0705,0.2805,0.4325,236,126,,,,
max_anomaly,Anomalie max moy. (sigma),Nino12,5,-0.0855,0.1903,0.2535,-0.1293,0.0472,0.0835,236,180,,*,,
max_anomaly,Anomalie max moy. (sigma),Nino3,5,-0.0965,0.1394,0.2013,-0.1223,0.0606,0.1047,236,177,,,,
max_anomaly,Anomalie max moy. (sigma),Nino34,5,-0.0776,0.2347,0.3113,-0.0895,0.1707,0.2432,236,172,,,,
max_anomaly,Anomalie max moy. (sigma),Nino4,5,-0.0834,0.2017,0.281,-0.0745,0.2543,0.3358,236,169,,,,
max_anomaly,Anomalie max moy. (sigma),IOD,5,-0.1087,0.0958,0.1227,-0.1194,0.0671,0.0897,236,203,,,,
max_anomaly,Anomalie max moy. (sigma),IOBM,5,-0.0278,0.6709,0.7095,-0.0359,0.5834,0.6306,236,182,,,,
max_anomaly,Anomalie max moy. (sigma),TNA,5,0.0503,0.4417,0.5097,0.0476,0.4666,0.5327,236,174,,,,
max_anomaly,Anomalie max moy. (sigma),TSA,5,-0.0763,0.2431,0.3021,-0.0508,0.4376,0.4926,236,185,,,,
max_anomaly,Anomalie max moy. (sigma),ATL3,5,0.0057,0.9308,0.9377,0.0274,0.6759,0.7065,236,192,,,,
max_anomaly,Anomalie max moy. (sigma),AMM,5,0.0947,0.1469,0.2047,0.0722,0.2691,0.3339,236,181,,,,
max_anomaly,Anomalie max moy. (sigma),AMO,5,0.0328,0.6165,0.665,0.0678,0.2994,0.3697,236,177,,,,
coverage_percent,Couverture spatiale moy. (%),Nino12,5,0.0164,0.8019,0.8066,0.0221,0.7358,0.7418,236,225,,,,
coverage_percent,Couverture spatiale moy. (%),Nino3,5,0.0482,0.4614,0.4731,0.0378,0.5633,0.5735,236,224,,,,
coverage_percent,Couverture spatiale moy. (%),Nino34,5,0.061,0.3508,0.3645,0.0405,0.5355,0.5471,236,223,,,,
coverage_percent,Couverture spatiale moy. (%),Nino4,5,0.0377,0.5642,0.5761,0.0229,0.7263,0.7343,236,222,,,,
coverage_percent,Couverture spatiale moy. (%),IOD,5,-0.0279,0.6698,0.6738,-0.0122,0.8526,0.8545,236,230,,,,
coverage_percent,Couverture spatiale moy. (%),IOBM,5,0.0523,0.4243,0.4354,0.0867,0.1845,0.1952,236,225,,,,
coverage_percent,Couverture spatiale moy. (%),TNA,5,0.0089,0.8923,0.8954,0.0283,0.6651,0.674,236,223,,,,
coverage_percent,Couverture spatiale moy. (%),TSA,5,0.0249,0.7037,0.7099,0.0019,0.9766,0.9771,236,226,,,,
coverage_percent,Couverture spatiale moy. (%),ATL3,5,0.0124,0.8494,0.8523,-0.0562,0.3903,0.3996,236,227,,,,
coverage_percent,Couverture spatiale moy. (%),AMM,5,-0.0104,0.8738,0.8767,0.0292,0.6552,0.6629,236,225,,,,
coverage_percent,Couverture spatiale moy. (%),AMO,5,-0.0011,0.9872,0.9875,0.0151,0.8178,0.8225,236,224,,,,
n_events,Nombre d evenements,Nino12,5,-0.0158,0.8051,0.8264,0.026,0.6855,0.7189,245,194,,,,
n_events,Nombre d evenements,Nino3,5,-0.0457,0.4767,0.5315,0.0013,0.9834,0.9854,245,190,,,,
n_events,Nombre d evenements,Nino34,5,-0.0942,0.1415,0.201,-0.0772,0.2287,0.295,245,186,,,,
n_events,Nombre d evenements,Nino4,5,-0.1382,0.0306,0.0621,-0.1434,0.0248,0.0529,245,183,*,*,,
n_events,Nombre d evenements,IOD,5,0.0222,0.73,0.7467,0.0477,0.4576,0.4868,245,215,,,,
n_events,Nombre d evenements,IOBM,5,-0.0255,0.691,0.7239,-0.0534,0.405,0.4593,245,194,,,,
n_events,Nombre d evenements,TNA,5,-0.0877,0.1711,0.2313,-0.1302,0.0417,0.0749,245,188,,*,,
n_events,Nombre d evenements,TSA,5,0.1271,0.047,0.0745,0.1097,0.0868,0.1241,245,198,*,,,
n_events,Nombre d evenements,ATL3,5,-0.0017,0.9783,0.9803,-0.0116,0.8572,0.8697,245,204,,,,
n_events,Nombre d evenements,AMM,5,-0.1598,0.0123,0.026,-0.1592,0.0126,0.0266,245,194,*,*,*,*
n_events,Nombre d evenements,AMO,5,-0.0905,0.1579,0.2131,-0.0965,0.132,0.1842,245,191,,,,
