indicateur,libelle,carte,page_pdf,page_imprimee,annee,echelle,valeur_nationale,unite,groupe,seuil,departement,mention,extrait
densite,Densité de population,Carte I-2,3,5,2023,département,92,hab/km²,classe_haute,> 349,Mbacké,nommé,"Les plus fortes densités sont observées dans les départements de la région de Dakar, et dans les départements de Mbacké, Thiès, Saint-Louis et Mbour (plus de 349 habitants au km²)"
densite,Densité de population,Carte I-2,3,5,2023,département,92,hab/km²,classe_haute,> 349,Thiès,nommé,"Les plus fortes densités sont observées dans les départements de la région de Dakar, et dans les départements de Mbacké, Thiès, Saint-Louis et Mbour (plus de 349 habitants au km²)"
densite,Densité de population,Carte I-2,3,5,2023,département,92,hab/km²,classe_haute,> 349,Saint Louis,nommé,"Les plus fortes densités sont observées dans les départements de la région de Dakar, et dans les départements de Mbacké, Thiès, Saint-Louis et Mbour (plus de 349 habitants au km²)"
densite,Densité de population,Carte I-2,3,5,2023,département,92,hab/km²,classe_haute,> 349,Mbour,nommé,"Les plus fortes densités sont observées dans les départements de la région de Dakar, et dans les départements de Mbacké, Thiès, Saint-Louis et Mbour (plus de 349 habitants au km²)"
densite,Densité de population,Carte I-2,3,5,2023,département,92,hab/km²,classe_haute,> 349,Dakar,via région de Dakar,"Les plus fortes densités sont observées dans les départements de la région de Dakar, et dans les départements de Mbacké, Thiès, Saint-Louis et Mbour (plus de 349 habitants au km²)"
densite,Densité de population,Carte I-2,3,5,2023,département,92,hab/km²,classe_haute,> 349,Pikine,via région de Dakar,"Les plus fortes densités sont observées dans les départements de la région de Dakar, et dans les départements de Mbacké, Thiès, Saint-Louis et Mbour (plus de 349 habitants au km²)"
densite,Densité de population,Carte I-2,3,5,2023,département,92,hab/km²,classe_haute,> 349,Guédiawaye,via région de Dakar,"Les plus fortes densités sont observées dans les départements de la région de Dakar, et dans les départements de Mbacké, Thiès, Saint-Louis et Mbour (plus de 349 habitants au km²)"
densite,Densité de population,Carte I-2,3,5,2023,département,92,hab/km²,classe_haute,> 349,Rufisque,via région de Dakar,"Les plus fortes densités sont observées dans les départements de la région de Dakar, et dans les départements de Mbacké, Thiès, Saint-Louis et Mbour (plus de 349 habitants au km²)"
densite,Densité de population,Carte I-2,3,5,2023,département,92,hab/km²,classe_haute,> 349,Keur Massar,via région de Dakar,"Les plus fortes densités sont observées dans les départements de la région de Dakar, et dans les départements de Mbacké, Thiès, Saint-Louis et Mbour (plus de 349 habitants au km²)"
densite,Densité de population,Carte I-2,3,5,2023,département,92,hab/km²,classe_basse,< 39,Podor,nommé,"au nord sur l'axe Podor, Linguère, Ranérou, à l'Est au niveau des départements des régions de Tambacounda et Kédougou (moins de 39 habitants au km²)"
densite,Densité de population,Carte I-2,3,5,2023,département,92,hab/km²,classe_basse,< 39,Linguère,nommé,"au nord sur l'axe Podor, Linguère, Ranérou, à l'Est au niveau des départements des régions de Tambacounda et Kédougou (moins de 39 habitants au km²)"
densite,Densité de population,Carte I-2,3,5,2023,département,92,hab/km²,classe_basse,< 39,Ranérou,nommé,"au nord sur l'axe Podor, Linguère, Ranérou, à l'Est au niveau des départements des régions de Tambacounda et Kédougou (moins de 39 habitants au km²)"
densite,Densité de population,Carte I-2,3,5,2023,département,92,hab/km²,classe_basse,< 39,Tambacounda,via région de Tambacounda,"au nord sur l'axe Podor, Linguère, Ranérou, à l'Est au niveau des départements des régions de Tambacounda et Kédougou (moins de 39 habitants au km²)"
densite,Densité de population,Carte I-2,3,5,2023,département,92,hab/km²,classe_basse,< 39,Bakel,via région de Tambacounda,"au nord sur l'axe Podor, Linguère, Ranérou, à l'Est au niveau des départements des régions de Tambacounda et Kédougou (moins de 39 habitants au km²)"
densite,Densité de population,Carte I-2,3,5,2023,département,92,hab/km²,classe_basse,< 39,Goudiry,via région de Tambacounda,"au nord sur l'axe Podor, Linguère, Ranérou, à l'Est au niveau des départements des régions de Tambacounda et Kédougou (moins de 39 habitants au km²)"
densite,Densité de population,Carte I-2,3,5,2023,département,92,hab/km²,classe_basse,< 39,Koumpentoum,via région de Tambacounda,"au nord sur l'axe Podor, Linguère, Ranérou, à l'Est au niveau des départements des régions de Tambacounda et Kédougou (moins de 39 habitants au km²)"
densite,Densité de population,Carte I-2,3,5,2023,département,92,hab/km²,classe_basse,< 39,Kédougou,via région de Kédougou,"au nord sur l'axe Podor, Linguère, Ranérou, à l'Est au niveau des départements des régions de Tambacounda et Kédougou (moins de 39 habitants au km²)"
densite,Densité de population,Carte I-2,3,5,2023,département,92,hab/km²,classe_basse,< 39,Salémata,via région de Kédougou,"au nord sur l'axe Podor, Linguère, Ranérou, à l'Est au niveau des départements des régions de Tambacounda et Kédougou (moins de 39 habitants au km²)"
densite,Densité de population,Carte I-2,3,5,2023,département,92,hab/km²,classe_basse,< 39,Saraya,via région de Kédougou,"au nord sur l'axe Podor, Linguère, Ranérou, à l'Est au niveau des départements des régions de Tambacounda et Kédougou (moins de 39 habitants au km²)"
part_0_5_ans,Proportion de la population âgée de 0-5 ans,Carte I-5,4,7,2023,département,15.1,%,classe_haute,"> 17,6",Ranérou,nommé,"les départements de Ranérou, Koumpentoum, Goudiry, Saraya, Medina Yoro Foulah, Birkilane, Nioro et Foundiougne [...] (plus de 17,6%)"
part_0_5_ans,Proportion de la population âgée de 0-5 ans,Carte I-5,4,7,2023,département,15.1,%,classe_haute,"> 17,6",Koumpentoum,nommé,"les départements de Ranérou, Koumpentoum, Goudiry, Saraya, Medina Yoro Foulah, Birkilane, Nioro et Foundiougne [...] (plus de 17,6%)"
part_0_5_ans,Proportion de la population âgée de 0-5 ans,Carte I-5,4,7,2023,département,15.1,%,classe_haute,"> 17,6",Goudiry,nommé,"les départements de Ranérou, Koumpentoum, Goudiry, Saraya, Medina Yoro Foulah, Birkilane, Nioro et Foundiougne [...] (plus de 17,6%)"
part_0_5_ans,Proportion de la population âgée de 0-5 ans,Carte I-5,4,7,2023,département,15.1,%,classe_haute,"> 17,6",Saraya,nommé,"les départements de Ranérou, Koumpentoum, Goudiry, Saraya, Medina Yoro Foulah, Birkilane, Nioro et Foundiougne [...] (plus de 17,6%)"
part_0_5_ans,Proportion de la population âgée de 0-5 ans,Carte I-5,4,7,2023,département,15.1,%,classe_haute,"> 17,6",Médina-Yorofoula,nommé,"les départements de Ranérou, Koumpentoum, Goudiry, Saraya, Medina Yoro Foulah, Birkilane, Nioro et Foundiougne [...] (plus de 17,6%)"
part_0_5_ans,Proportion de la population âgée de 0-5 ans,Carte I-5,4,7,2023,département,15.1,%,classe_haute,"> 17,6",Birkelane,nommé,"les départements de Ranérou, Koumpentoum, Goudiry, Saraya, Medina Yoro Foulah, Birkilane, Nioro et Foundiougne [...] (plus de 17,6%)"
part_0_5_ans,Proportion de la population âgée de 0-5 ans,Carte I-5,4,7,2023,département,15.1,%,classe_haute,"> 17,6",Nioro du Rip,nommé,"les départements de Ranérou, Koumpentoum, Goudiry, Saraya, Medina Yoro Foulah, Birkilane, Nioro et Foundiougne [...] (plus de 17,6%)"
part_0_5_ans,Proportion de la population âgée de 0-5 ans,Carte I-5,4,7,2023,département,15.1,%,classe_haute,"> 17,6",Foundiougne,nommé,"les départements de Ranérou, Koumpentoum, Goudiry, Saraya, Medina Yoro Foulah, Birkilane, Nioro et Foundiougne [...] (plus de 17,6%)"
part_0_5_ans,Proportion de la population âgée de 0-5 ans,Carte I-5,4,7,2023,département,15.1,%,classe_basse,"< 14,2",Thiès,nommé,"les départements de la région Dakar et les départements de Thiès, Dagana, Saint-Louis, Oussouye et Ziguinchor [...] (moins de 14,2%)"
part_0_5_ans,Proportion de la population âgée de 0-5 ans,Carte I-5,4,7,2023,département,15.1,%,classe_basse,"< 14,2",Dagana,nommé,"les départements de la région Dakar et les départements de Thiès, Dagana, Saint-Louis, Oussouye et Ziguinchor [...] (moins de 14,2%)"
part_0_5_ans,Proportion de la population âgée de 0-5 ans,Carte I-5,4,7,2023,département,15.1,%,classe_basse,"< 14,2",Saint Louis,nommé,"les départements de la région Dakar et les départements de Thiès, Dagana, Saint-Louis, Oussouye et Ziguinchor [...] (moins de 14,2%)"
part_0_5_ans,Proportion de la population âgée de 0-5 ans,Carte I-5,4,7,2023,département,15.1,%,classe_basse,"< 14,2",Oussouye,nommé,"les départements de la région Dakar et les départements de Thiès, Dagana, Saint-Louis, Oussouye et Ziguinchor [...] (moins de 14,2%)"
part_0_5_ans,Proportion de la population âgée de 0-5 ans,Carte I-5,4,7,2023,département,15.1,%,classe_basse,"< 14,2",Ziguinchor,nommé,"les départements de la région Dakar et les départements de Thiès, Dagana, Saint-Louis, Oussouye et Ziguinchor [...] (moins de 14,2%)"
part_0_5_ans,Proportion de la population âgée de 0-5 ans,Carte I-5,4,7,2023,département,15.1,%,classe_basse,"< 14,2",Dakar,via région de Dakar,"les départements de la région Dakar et les départements de Thiès, Dagana, Saint-Louis, Oussouye et Ziguinchor [...] (moins de 14,2%)"
part_0_5_ans,Proportion de la population âgée de 0-5 ans,Carte I-5,4,7,2023,département,15.1,%,classe_basse,"< 14,2",Pikine,via région de Dakar,"les départements de la région Dakar et les départements de Thiès, Dagana, Saint-Louis, Oussouye et Ziguinchor [...] (moins de 14,2%)"
part_0_5_ans,Proportion de la population âgée de 0-5 ans,Carte I-5,4,7,2023,département,15.1,%,classe_basse,"< 14,2",Guédiawaye,via région de Dakar,"les départements de la région Dakar et les départements de Thiès, Dagana, Saint-Louis, Oussouye et Ziguinchor [...] (moins de 14,2%)"
part_0_5_ans,Proportion de la population âgée de 0-5 ans,Carte I-5,4,7,2023,département,15.1,%,classe_basse,"< 14,2",Rufisque,via région de Dakar,"les départements de la région Dakar et les départements de Thiès, Dagana, Saint-Louis, Oussouye et Ziguinchor [...] (moins de 14,2%)"
part_0_5_ans,Proportion de la population âgée de 0-5 ans,Carte I-5,4,7,2023,département,15.1,%,classe_basse,"< 14,2",Keur Massar,via région de Dakar,"les départements de la région Dakar et les départements de Thiès, Dagana, Saint-Louis, Oussouye et Ziguinchor [...] (moins de 14,2%)"
taux_urbanisation,Taux d'urbanisation,Carte I-10,5,9,2023,département,54.7,%,classe_haute,"> 61,6",Mbour,nommé,"Les départements de la région de Dakar (Dakar, Pikine, Rufisque, Guédiawaye et Keur Massar), et les départements de Mbour, Mbacké, Saint-Louis et Ziguinchor se caractérisent par un fort taux d'urbanisation (61,6%)"
taux_urbanisation,Taux d'urbanisation,Carte I-10,5,9,2023,département,54.7,%,classe_haute,"> 61,6",Mbacké,nommé,"Les départements de la région de Dakar (Dakar, Pikine, Rufisque, Guédiawaye et Keur Massar), et les départements de Mbour, Mbacké, Saint-Louis et Ziguinchor se caractérisent par un fort taux d'urbanisation (61,6%)"
taux_urbanisation,Taux d'urbanisation,Carte I-10,5,9,2023,département,54.7,%,classe_haute,"> 61,6",Saint Louis,nommé,"Les départements de la région de Dakar (Dakar, Pikine, Rufisque, Guédiawaye et Keur Massar), et les départements de Mbour, Mbacké, Saint-Louis et Ziguinchor se caractérisent par un fort taux d'urbanisation (61,6%)"
taux_urbanisation,Taux d'urbanisation,Carte I-10,5,9,2023,département,54.7,%,classe_haute,"> 61,6",Ziguinchor,nommé,"Les départements de la région de Dakar (Dakar, Pikine, Rufisque, Guédiawaye et Keur Massar), et les départements de Mbour, Mbacké, Saint-Louis et Ziguinchor se caractérisent par un fort taux d'urbanisation (61,6%)"
taux_urbanisation,Taux d'urbanisation,Carte I-10,5,9,2023,département,54.7,%,classe_haute,"> 61,6",Dakar,via région de Dakar,"Les départements de la région de Dakar (Dakar, Pikine, Rufisque, Guédiawaye et Keur Massar), et les départements de Mbour, Mbacké, Saint-Louis et Ziguinchor se caractérisent par un fort taux d'urbanisation (61,6%)"
taux_urbanisation,Taux d'urbanisation,Carte I-10,5,9,2023,département,54.7,%,classe_haute,"> 61,6",Pikine,via région de Dakar,"Les départements de la région de Dakar (Dakar, Pikine, Rufisque, Guédiawaye et Keur Massar), et les départements de Mbour, Mbacké, Saint-Louis et Ziguinchor se caractérisent par un fort taux d'urbanisation (61,6%)"
taux_urbanisation,Taux d'urbanisation,Carte I-10,5,9,2023,département,54.7,%,classe_haute,"> 61,6",Guédiawaye,via région de Dakar,"Les départements de la région de Dakar (Dakar, Pikine, Rufisque, Guédiawaye et Keur Massar), et les départements de Mbour, Mbacké, Saint-Louis et Ziguinchor se caractérisent par un fort taux d'urbanisation (61,6%)"
taux_urbanisation,Taux d'urbanisation,Carte I-10,5,9,2023,département,54.7,%,classe_haute,"> 61,6",Rufisque,via région de Dakar,"Les départements de la région de Dakar (Dakar, Pikine, Rufisque, Guédiawaye et Keur Massar), et les départements de Mbour, Mbacké, Saint-Louis et Ziguinchor se caractérisent par un fort taux d'urbanisation (61,6%)"
taux_urbanisation,Taux d'urbanisation,Carte I-10,5,9,2023,département,54.7,%,classe_haute,"> 61,6",Keur Massar,via région de Dakar,"Les départements de la région de Dakar (Dakar, Pikine, Rufisque, Guédiawaye et Keur Massar), et les départements de Mbour, Mbacké, Saint-Louis et Ziguinchor se caractérisent par un fort taux d'urbanisation (61,6%)"
taux_urbanisation,Taux d'urbanisation,Carte I-10,5,9,2023,département,54.7,%,classe_basse,"< 16,4",Ranérou,nommé,"les départements de Ranérou, Médina Yoro Foulah, Goudiry, Saraya, Koumpentoum, Koungheul, Birkelane, Malem Hoddar, Nioro et Bambey enregistrent les taux d'urbanisation les plus faibles (moins de 16,4%)"
taux_urbanisation,Taux d'urbanisation,Carte I-10,5,9,2023,département,54.7,%,classe_basse,"< 16,4",Médina-Yorofoula,nommé,"les départements de Ranérou, Médina Yoro Foulah, Goudiry, Saraya, Koumpentoum, Koungheul, Birkelane, Malem Hoddar, Nioro et Bambey enregistrent les taux d'urbanisation les plus faibles (moins de 16,4%)"
taux_urbanisation,Taux d'urbanisation,Carte I-10,5,9,2023,département,54.7,%,classe_basse,"< 16,4",Goudiry,nommé,"les départements de Ranérou, Médina Yoro Foulah, Goudiry, Saraya, Koumpentoum, Koungheul, Birkelane, Malem Hoddar, Nioro et Bambey enregistrent les taux d'urbanisation les plus faibles (moins de 16,4%)"
taux_urbanisation,Taux d'urbanisation,Carte I-10,5,9,2023,département,54.7,%,classe_basse,"< 16,4",Saraya,nommé,"les départements de Ranérou, Médina Yoro Foulah, Goudiry, Saraya, Koumpentoum, Koungheul, Birkelane, Malem Hoddar, Nioro et Bambey enregistrent les taux d'urbanisation les plus faibles (moins de 16,4%)"
taux_urbanisation,Taux d'urbanisation,Carte I-10,5,9,2023,département,54.7,%,classe_basse,"< 16,4",Koumpentoum,nommé,"les départements de Ranérou, Médina Yoro Foulah, Goudiry, Saraya, Koumpentoum, Koungheul, Birkelane, Malem Hoddar, Nioro et Bambey enregistrent les taux d'urbanisation les plus faibles (moins de 16,4%)"
taux_urbanisation,Taux d'urbanisation,Carte I-10,5,9,2023,département,54.7,%,classe_basse,"< 16,4",Koungheul,nommé,"les départements de Ranérou, Médina Yoro Foulah, Goudiry, Saraya, Koumpentoum, Koungheul, Birkelane, Malem Hoddar, Nioro et Bambey enregistrent les taux d'urbanisation les plus faibles (moins de 16,4%)"
taux_urbanisation,Taux d'urbanisation,Carte I-10,5,9,2023,département,54.7,%,classe_basse,"< 16,4",Birkelane,nommé,"les départements de Ranérou, Médina Yoro Foulah, Goudiry, Saraya, Koumpentoum, Koungheul, Birkelane, Malem Hoddar, Nioro et Bambey enregistrent les taux d'urbanisation les plus faibles (moins de 16,4%)"
taux_urbanisation,Taux d'urbanisation,Carte I-10,5,9,2023,département,54.7,%,classe_basse,"< 16,4",Malem-Hodar,nommé,"les départements de Ranérou, Médina Yoro Foulah, Goudiry, Saraya, Koumpentoum, Koungheul, Birkelane, Malem Hoddar, Nioro et Bambey enregistrent les taux d'urbanisation les plus faibles (moins de 16,4%)"
taux_urbanisation,Taux d'urbanisation,Carte I-10,5,9,2023,département,54.7,%,classe_basse,"< 16,4",Nioro du Rip,nommé,"les départements de Ranérou, Médina Yoro Foulah, Goudiry, Saraya, Koumpentoum, Koungheul, Birkelane, Malem Hoddar, Nioro et Bambey enregistrent les taux d'urbanisation les plus faibles (moins de 16,4%)"
taux_urbanisation,Taux d'urbanisation,Carte I-10,5,9,2023,département,54.7,%,classe_basse,"< 16,4",Bambey,nommé,"les départements de Ranérou, Médina Yoro Foulah, Goudiry, Saraya, Koumpentoum, Koungheul, Birkelane, Malem Hoddar, Nioro et Bambey enregistrent les taux d'urbanisation les plus faibles (moins de 16,4%)"
rapport_dependance,Rapport de dépendance démographique,Carte I-12,6,10,2023,département,75.2,pour 100 actifs (15-64 ans),classe_basse,< 70,Thiès,nommé,"les départements de la région de Dakar et les départements de Thiès, Mbour, Saint-louis, Oussouye et Ziguinchor comptent moins de personnes à charge avec moins de 70 individus"
rapport_dependance,Rapport de dépendance démographique,Carte I-12,6,10,2023,département,75.2,pour 100 actifs (15-64 ans),classe_basse,< 70,Mbour,nommé,"les départements de la région de Dakar et les départements de Thiès, Mbour, Saint-louis, Oussouye et Ziguinchor comptent moins de personnes à charge avec moins de 70 individus"
rapport_dependance,Rapport de dépendance démographique,Carte I-12,6,10,2023,département,75.2,pour 100 actifs (15-64 ans),classe_basse,< 70,Saint Louis,nommé,"les départements de la région de Dakar et les départements de Thiès, Mbour, Saint-louis, Oussouye et Ziguinchor comptent moins de personnes à charge avec moins de 70 individus"
rapport_dependance,Rapport de dépendance démographique,Carte I-12,6,10,2023,département,75.2,pour 100 actifs (15-64 ans),classe_basse,< 70,Oussouye,nommé,"les départements de la région de Dakar et les départements de Thiès, Mbour, Saint-louis, Oussouye et Ziguinchor comptent moins de personnes à charge avec moins de 70 individus"
rapport_dependance,Rapport de dépendance démographique,Carte I-12,6,10,2023,département,75.2,pour 100 actifs (15-64 ans),classe_basse,< 70,Ziguinchor,nommé,"les départements de la région de Dakar et les départements de Thiès, Mbour, Saint-louis, Oussouye et Ziguinchor comptent moins de personnes à charge avec moins de 70 individus"
rapport_dependance,Rapport de dépendance démographique,Carte I-12,6,10,2023,département,75.2,pour 100 actifs (15-64 ans),classe_basse,< 70,Dakar,via région de Dakar,"les départements de la région de Dakar et les départements de Thiès, Mbour, Saint-louis, Oussouye et Ziguinchor comptent moins de personnes à charge avec moins de 70 individus"
rapport_dependance,Rapport de dépendance démographique,Carte I-12,6,10,2023,département,75.2,pour 100 actifs (15-64 ans),classe_basse,< 70,Pikine,via région de Dakar,"les départements de la région de Dakar et les départements de Thiès, Mbour, Saint-louis, Oussouye et Ziguinchor comptent moins de personnes à charge avec moins de 70 individus"
rapport_dependance,Rapport de dépendance démographique,Carte I-12,6,10,2023,département,75.2,pour 100 actifs (15-64 ans),classe_basse,< 70,Guédiawaye,via région de Dakar,"les départements de la région de Dakar et les départements de Thiès, Mbour, Saint-louis, Oussouye et Ziguinchor comptent moins de personnes à charge avec moins de 70 individus"
rapport_dependance,Rapport de dépendance démographique,Carte I-12,6,10,2023,département,75.2,pour 100 actifs (15-64 ans),classe_basse,< 70,Rufisque,via région de Dakar,"les départements de la région de Dakar et les départements de Thiès, Mbour, Saint-louis, Oussouye et Ziguinchor comptent moins de personnes à charge avec moins de 70 individus"
rapport_dependance,Rapport de dépendance démographique,Carte I-12,6,10,2023,département,75.2,pour 100 actifs (15-64 ans),classe_basse,< 70,Keur Massar,via région de Dakar,"les départements de la région de Dakar et les départements de Thiès, Mbour, Saint-louis, Oussouye et Ziguinchor comptent moins de personnes à charge avec moins de 70 individus"
rapport_dependance,Rapport de dépendance démographique,Carte I-12,6,10,2023,département,75.2,pour 100 actifs (15-64 ans),classe_haute,"> 94,5",Nioro du Rip,nommé,"les départements de Nioro, Birkelane, Malem Hoddar, Koumpentoum, Ranérou, Goudiry, Bounkiling, Goudomp et Medina Yoro Foulah affiche les rapports de dépendance les plus élevés (plus de 94,5%)"
rapport_dependance,Rapport de dépendance démographique,Carte I-12,6,10,2023,département,75.2,pour 100 actifs (15-64 ans),classe_haute,"> 94,5",Birkelane,nommé,"les départements de Nioro, Birkelane, Malem Hoddar, Koumpentoum, Ranérou, Goudiry, Bounkiling, Goudomp et Medina Yoro Foulah affiche les rapports de dépendance les plus élevés (plus de 94,5%)"
rapport_dependance,Rapport de dépendance démographique,Carte I-12,6,10,2023,département,75.2,pour 100 actifs (15-64 ans),classe_haute,"> 94,5",Malem-Hodar,nommé,"les départements de Nioro, Birkelane, Malem Hoddar, Koumpentoum, Ranérou, Goudiry, Bounkiling, Goudomp et Medina Yoro Foulah affiche les rapports de dépendance les plus élevés (plus de 94,5%)"
rapport_dependance,Rapport de dépendance démographique,Carte I-12,6,10,2023,département,75.2,pour 100 actifs (15-64 ans),classe_haute,"> 94,5",Koumpentoum,nommé,"les départements de Nioro, Birkelane, Malem Hoddar, Koumpentoum, Ranérou, Goudiry, Bounkiling, Goudomp et Medina Yoro Foulah affiche les rapports de dépendance les plus élevés (plus de 94,5%)"
rapport_dependance,Rapport de dépendance démographique,Carte I-12,6,10,2023,département,75.2,pour 100 actifs (15-64 ans),classe_haute,"> 94,5",Ranérou,nommé,"les départements de Nioro, Birkelane, Malem Hoddar, Koumpentoum, Ranérou, Goudiry, Bounkiling, Goudomp et Medina Yoro Foulah affiche les rapports de dépendance les plus élevés (plus de 94,5%)"
rapport_dependance,Rapport de dépendance démographique,Carte I-12,6,10,2023,département,75.2,pour 100 actifs (15-64 ans),classe_haute,"> 94,5",Goudiry,nommé,"les départements de Nioro, Birkelane, Malem Hoddar, Koumpentoum, Ranérou, Goudiry, Bounkiling, Goudomp et Medina Yoro Foulah affiche les rapports de dépendance les plus élevés (plus de 94,5%)"
rapport_dependance,Rapport de dépendance démographique,Carte I-12,6,10,2023,département,75.2,pour 100 actifs (15-64 ans),classe_haute,"> 94,5",Bounkiling,nommé,"les départements de Nioro, Birkelane, Malem Hoddar, Koumpentoum, Ranérou, Goudiry, Bounkiling, Goudomp et Medina Yoro Foulah affiche les rapports de dépendance les plus élevés (plus de 94,5%)"
rapport_dependance,Rapport de dépendance démographique,Carte I-12,6,10,2023,département,75.2,pour 100 actifs (15-64 ans),classe_haute,"> 94,5",Goudomp,nommé,"les départements de Nioro, Birkelane, Malem Hoddar, Koumpentoum, Ranérou, Goudiry, Bounkiling, Goudomp et Medina Yoro Foulah affiche les rapports de dépendance les plus élevés (plus de 94,5%)"
rapport_dependance,Rapport de dépendance démographique,Carte I-12,6,10,2023,département,75.2,pour 100 actifs (15-64 ans),classe_haute,"> 94,5",Médina-Yorofoula,nommé,"les départements de Nioro, Birkelane, Malem Hoddar, Koumpentoum, Ranérou, Goudiry, Bounkiling, Goudomp et Medina Yoro Foulah affiche les rapports de dépendance les plus élevés (plus de 94,5%)"
eclairage_electricite,Ménages utilisant l'électricité comme principal mode d'éclairage,Carte VIII-4,24,47,2023,département,74.4,% des ménages,classe_haute,"> 84,2",Mbacké,nommé,"Les départements de Mbacké, Saint-Louis, Thiès et ceux de la région de Dakar abritent les ménages qui utilisent le plus l'électricité comme principal mode d'éclairage (plus de 84,2%)"
eclairage_electricite,Ménages utilisant l'électricité comme principal mode d'éclairage,Carte VIII-4,24,47,2023,département,74.4,% des ménages,classe_haute,"> 84,2",Saint Louis,nommé,"Les départements de Mbacké, Saint-Louis, Thiès et ceux de la région de Dakar abritent les ménages qui utilisent le plus l'électricité comme principal mode d'éclairage (plus de 84,2%)"
eclairage_electricite,Ménages utilisant l'électricité comme principal mode d'éclairage,Carte VIII-4,24,47,2023,département,74.4,% des ménages,classe_haute,"> 84,2",Thiès,nommé,"Les départements de Mbacké, Saint-Louis, Thiès et ceux de la région de Dakar abritent les ménages qui utilisent le plus l'électricité comme principal mode d'éclairage (plus de 84,2%)"
eclairage_electricite,Ménages utilisant l'électricité comme principal mode d'éclairage,Carte VIII-4,24,47,2023,département,74.4,% des ménages,classe_haute,"> 84,2",Dakar,via région de Dakar,"Les départements de Mbacké, Saint-Louis, Thiès et ceux de la région de Dakar abritent les ménages qui utilisent le plus l'électricité comme principal mode d'éclairage (plus de 84,2%)"
eclairage_electricite,Ménages utilisant l'électricité comme principal mode d'éclairage,Carte VIII-4,24,47,2023,département,74.4,% des ménages,classe_haute,"> 84,2",Pikine,via région de Dakar,"Les départements de Mbacké, Saint-Louis, Thiès et ceux de la région de Dakar abritent les ménages qui utilisent le plus l'électricité comme principal mode d'éclairage (plus de 84,2%)"
eclairage_electricite,Ménages utilisant l'électricité comme principal mode d'éclairage,Carte VIII-4,24,47,2023,département,74.4,% des ménages,classe_haute,"> 84,2",Guédiawaye,via région de Dakar,"Les départements de Mbacké, Saint-Louis, Thiès et ceux de la région de Dakar abritent les ménages qui utilisent le plus l'électricité comme principal mode d'éclairage (plus de 84,2%)"
eclairage_electricite,Ménages utilisant l'électricité comme principal mode d'éclairage,Carte VIII-4,24,47,2023,département,74.4,% des ménages,classe_haute,"> 84,2",Rufisque,via région de Dakar,"Les départements de Mbacké, Saint-Louis, Thiès et ceux de la région de Dakar abritent les ménages qui utilisent le plus l'électricité comme principal mode d'éclairage (plus de 84,2%)"
eclairage_electricite,Ménages utilisant l'électricité comme principal mode d'éclairage,Carte VIII-4,24,47,2023,département,74.4,% des ménages,classe_haute,"> 84,2",Keur Massar,via région de Dakar,"Les départements de Mbacké, Saint-Louis, Thiès et ceux de la région de Dakar abritent les ménages qui utilisent le plus l'électricité comme principal mode d'éclairage (plus de 84,2%)"
eclairage_electricite,Ménages utilisant l'électricité comme principal mode d'éclairage,Carte VIII-4,24,47,2023,département,74.4,% des ménages,classe_basse,"< 35,1",Médina-Yorofoula,nommé,"le niveau d'électrification le plus faible (moins de 35,1%) est observé dans les départements de Médina Yoro Foulah, Goudiry, Koumpentoum, Koungheul, Malem Hoddar, Ranérou, Linguère et dans ceux de la région de Kédougou"
eclairage_electricite,Ménages utilisant l'électricité comme principal mode d'éclairage,Carte VIII-4,24,47,2023,département,74.4,% des ménages,classe_basse,"< 35,1",Goudiry,nommé,"le niveau d'électrification le plus faible (moins de 35,1%) est observé dans les départements de Médina Yoro Foulah, Goudiry, Koumpentoum, Koungheul, Malem Hoddar, Ranérou, Linguère et dans ceux de la région de Kédougou"
eclairage_electricite,Ménages utilisant l'électricité comme principal mode d'éclairage,Carte VIII-4,24,47,2023,département,74.4,% des ménages,classe_basse,"< 35,1",Koumpentoum,nommé,"le niveau d'électrification le plus faible (moins de 35,1%) est observé dans les départements de Médina Yoro Foulah, Goudiry, Koumpentoum, Koungheul, Malem Hoddar, Ranérou, Linguère et dans ceux de la région de Kédougou"
eclairage_electricite,Ménages utilisant l'électricité comme principal mode d'éclairage,Carte VIII-4,24,47,2023,département,74.4,% des ménages,classe_basse,"< 35,1",Koungheul,nommé,"le niveau d'électrification le plus faible (moins de 35,1%) est observé dans les départements de Médina Yoro Foulah, Goudiry, Koumpentoum, Koungheul, Malem Hoddar, Ranérou, Linguère et dans ceux de la région de Kédougou"
eclairage_electricite,Ménages utilisant l'électricité comme principal mode d'éclairage,Carte VIII-4,24,47,2023,département,74.4,% des ménages,classe_basse,"< 35,1",Malem-Hodar,nommé,"le niveau d'électrification le plus faible (moins de 35,1%) est observé dans les départements de Médina Yoro Foulah, Goudiry, Koumpentoum, Koungheul, Malem Hoddar, Ranérou, Linguère et dans ceux de la région de Kédougou"
eclairage_electricite,Ménages utilisant l'électricité comme principal mode d'éclairage,Carte VIII-4,24,47,2023,département,74.4,% des ménages,classe_basse,"< 35,1",Ranérou,nommé,"le niveau d'électrification le plus faible (moins de 35,1%) est observé dans les départements de Médina Yoro Foulah, Goudiry, Koumpentoum, Koungheul, Malem Hoddar, Ranérou, Linguère et dans ceux de la région de Kédougou"
eclairage_electricite,Ménages utilisant l'électricité comme principal mode d'éclairage,Carte VIII-4,24,47,2023,département,74.4,% des ménages,classe_basse,"< 35,1",Linguère,nommé,"le niveau d'électrification le plus faible (moins de 35,1%) est observé dans les départements de Médina Yoro Foulah, Goudiry, Koumpentoum, Koungheul, Malem Hoddar, Ranérou, Linguère et dans ceux de la région de Kédougou"
eclairage_electricite,Ménages utilisant l'électricité comme principal mode d'éclairage,Carte VIII-4,24,47,2023,département,74.4,% des ménages,classe_basse,"< 35,1",Kédougou,via région de Kédougou,"le niveau d'électrification le plus faible (moins de 35,1%) est observé dans les départements de Médina Yoro Foulah, Goudiry, Koumpentoum, Koungheul, Malem Hoddar, Ranérou, Linguère et dans ceux de la région de Kédougou"
eclairage_electricite,Ménages utilisant l'électricité comme principal mode d'éclairage,Carte VIII-4,24,47,2023,département,74.4,% des ménages,classe_basse,"< 35,1",Salémata,via région de Kédougou,"le niveau d'électrification le plus faible (moins de 35,1%) est observé dans les départements de Médina Yoro Foulah, Goudiry, Koumpentoum, Koungheul, Malem Hoddar, Ranérou, Linguère et dans ceux de la région de Kédougou"
eclairage_electricite,Ménages utilisant l'électricité comme principal mode d'éclairage,Carte VIII-4,24,47,2023,département,74.4,% des ménages,classe_basse,"< 35,1",Saraya,via région de Kédougou,"le niveau d'électrification le plus faible (moins de 35,1%) est observé dans les départements de Médina Yoro Foulah, Goudiry, Koumpentoum, Koungheul, Malem Hoddar, Ranérou, Linguère et dans ceux de la région de Kédougou"
eau_boisson_amelioree,Ménages ayant accès à une source améliorée d'eau de boisson,Carte VIII-7,25,49,2023,département,90.1,% des ménages,classe_haute,"> 97,9",Dakar,nommé,"plus de 97,9% dans les départements de la région de Dakar, à l'exception de Guédiawaye. Cette même situation est observée dans les départements de Nioro, Kaffrine, Gossas, Bambey et Tivaouane"
eau_boisson_amelioree,Ménages ayant accès à une source améliorée d'eau de boisson,Carte VIII-7,25,49,2023,département,90.1,% des ménages,classe_haute,"> 97,9",Pikine,nommé,"plus de 97,9% dans les départements de la région de Dakar, à l'exception de Guédiawaye. Cette même situation est observée dans les départements de Nioro, Kaffrine, Gossas, Bambey et Tivaouane"
eau_boisson_amelioree,Ménages ayant accès à une source améliorée d'eau de boisson,Carte VIII-7,25,49,2023,département,90.1,% des ménages,classe_haute,"> 97,9",Rufisque,nommé,"plus de 97,9% dans les départements de la région de Dakar, à l'exception de Guédiawaye. Cette même situation est observée dans les départements de Nioro, Kaffrine, Gossas, Bambey et Tivaouane"
eau_boisson_amelioree,Ménages ayant accès à une source améliorée d'eau de boisson,Carte VIII-7,25,49,2023,département,90.1,% des ménages,classe_haute,"> 97,9",Keur Massar,nommé,"plus de 97,9% dans les départements de la région de Dakar, à l'exception de Guédiawaye. Cette même situation est observée dans les départements de Nioro, Kaffrine, Gossas, Bambey et Tivaouane"
eau_boisson_amelioree,Ménages ayant accès à une source améliorée d'eau de boisson,Carte VIII-7,25,49,2023,département,90.1,% des ménages,classe_haute,"> 97,9",Nioro du Rip,nommé,"plus de 97,9% dans les départements de la région de Dakar, à l'exception de Guédiawaye. Cette même situation est observée dans les départements de Nioro, Kaffrine, Gossas, Bambey et Tivaouane"
eau_boisson_amelioree,Ménages ayant accès à une source améliorée d'eau de boisson,Carte VIII-7,25,49,2023,département,90.1,% des ménages,classe_haute,"> 97,9",Kaffrine,nommé,"plus de 97,9% dans les départements de la région de Dakar, à l'exception de Guédiawaye. Cette même situation est observée dans les départements de Nioro, Kaffrine, Gossas, Bambey et Tivaouane"
eau_boisson_amelioree,Ménages ayant accès à une source améliorée d'eau de boisson,Carte VIII-7,25,49,2023,département,90.1,% des ménages,classe_haute,"> 97,9",Gossas,nommé,"plus de 97,9% dans les départements de la région de Dakar, à l'exception de Guédiawaye. Cette même situation est observée dans les départements de Nioro, Kaffrine, Gossas, Bambey et Tivaouane"
eau_boisson_amelioree,Ménages ayant accès à une source améliorée d'eau de boisson,Carte VIII-7,25,49,2023,département,90.1,% des ménages,classe_haute,"> 97,9",Bambey,nommé,"plus de 97,9% dans les départements de la région de Dakar, à l'exception de Guédiawaye. Cette même situation est observée dans les départements de Nioro, Kaffrine, Gossas, Bambey et Tivaouane"
eau_boisson_amelioree,Ménages ayant accès à une source améliorée d'eau de boisson,Carte VIII-7,25,49,2023,département,90.1,% des ménages,classe_haute,"> 97,9",Tivaouane,nommé,"plus de 97,9% dans les départements de la région de Dakar, à l'exception de Guédiawaye. Cette même situation est observée dans les départements de Nioro, Kaffrine, Gossas, Bambey et Tivaouane"
eau_boisson_amelioree,Ménages ayant accès à une source améliorée d'eau de boisson,Carte VIII-7,25,49,2023,département,90.1,% des ménages,classe_basse,"< 71,8",Bignona,nommé,"cette proportion est plus faible (moins de 71,8%) dans les départements de Bignona, Salémata, Tambacounda, Goudiry et dans ceux des régions de Sédhiou et Kolda"
eau_boisson_amelioree,Ménages ayant accès à une source améliorée d'eau de boisson,Carte VIII-7,25,49,2023,département,90.1,% des ménages,classe_basse,"< 71,8",Salémata,nommé,"cette proportion est plus faible (moins de 71,8%) dans les départements de Bignona, Salémata, Tambacounda, Goudiry et dans ceux des régions de Sédhiou et Kolda"
eau_boisson_amelioree,Ménages ayant accès à une source améliorée d'eau de boisson,Carte VIII-7,25,49,2023,département,90.1,% des ménages,classe_basse,"< 71,8",Tambacounda,nommé,"cette proportion est plus faible (moins de 71,8%) dans les départements de Bignona, Salémata, Tambacounda, Goudiry et dans ceux des régions de Sédhiou et Kolda"
eau_boisson_amelioree,Ménages ayant accès à une source améliorée d'eau de boisson,Carte VIII-7,25,49,2023,département,90.1,% des ménages,classe_basse,"< 71,8",Goudiry,nommé,"cette proportion est plus faible (moins de 71,8%) dans les départements de Bignona, Salémata, Tambacounda, Goudiry et dans ceux des régions de Sédhiou et Kolda"
eau_boisson_amelioree,Ménages ayant accès à une source améliorée d'eau de boisson,Carte VIII-7,25,49,2023,département,90.1,% des ménages,classe_basse,"< 71,8",Sédhiou,via région de Sédhiou,"cette proportion est plus faible (moins de 71,8%) dans les départements de Bignona, Salémata, Tambacounda, Goudiry et dans ceux des régions de Sédhiou et Kolda"
eau_boisson_amelioree,Ménages ayant accès à une source améliorée d'eau de boisson,Carte VIII-7,25,49,2023,département,90.1,% des ménages,classe_basse,"< 71,8",Bounkiling,via région de Sédhiou,"cette proportion est plus faible (moins de 71,8%) dans les départements de Bignona, Salémata, Tambacounda, Goudiry et dans ceux des régions de Sédhiou et Kolda"
eau_boisson_amelioree,Ménages ayant accès à une source améliorée d'eau de boisson,Carte VIII-7,25,49,2023,département,90.1,% des ménages,classe_basse,"< 71,8",Goudomp,via région de Sédhiou,"cette proportion est plus faible (moins de 71,8%) dans les départements de Bignona, Salémata, Tambacounda, Goudiry et dans ceux des régions de Sédhiou et Kolda"
eau_boisson_amelioree,Ménages ayant accès à une source améliorée d'eau de boisson,Carte VIII-7,25,49,2023,département,90.1,% des ménages,classe_basse,"< 71,8",Kolda,via région de Kolda,"cette proportion est plus faible (moins de 71,8%) dans les départements de Bignona, Salémata, Tambacounda, Goudiry et dans ceux des régions de Sédhiou et Kolda"
eau_boisson_amelioree,Ménages ayant accès à une source améliorée d'eau de boisson,Carte VIII-7,25,49,2023,département,90.1,% des ménages,classe_basse,"< 71,8",Vélingara,via région de Kolda,"cette proportion est plus faible (moins de 71,8%) dans les départements de Bignona, Salémata, Tambacounda, Goudiry et dans ceux des régions de Sédhiou et Kolda"
eau_boisson_amelioree,Ménages ayant accès à une source améliorée d'eau de boisson,Carte VIII-7,25,49,2023,département,90.1,% des ménages,classe_basse,"< 71,8",Médina-Yorofoula,via région de Kolda,"cette proportion est plus faible (moins de 71,8%) dans les départements de Bignona, Salémata, Tambacounda, Goudiry et dans ceux des régions de Sédhiou et Kolda"
menages_proprietaires,Ménages propriétaires de leur logement,Carte VIII-10,26,50,2023,département,67.4,% des ménages,classe_haute,"> 87,7",Kébémer,nommé,"Les proportions les plus élevées de ménages propriétaires de leur logement (plus de 87,7%) sont notées dans les départements de Kébémer, Linguère, Ranérou, Mbacké, Malem Hoddar, Koumpentoum, Birkelane, Médina Yoro Foulah et Salemata"
menages_proprietaires,Ménages propriétaires de leur logement,Carte VIII-10,26,50,2023,département,67.4,% des ménages,classe_haute,"> 87,7",Linguère,nommé,"Les proportions les plus élevées de ménages propriétaires de leur logement (plus de 87,7%) sont notées dans les départements de Kébémer, Linguère, Ranérou, Mbacké, Malem Hoddar, Koumpentoum, Birkelane, Médina Yoro Foulah et Salemata"
menages_proprietaires,Ménages propriétaires de leur logement,Carte VIII-10,26,50,2023,département,67.4,% des ménages,classe_haute,"> 87,7",Ranérou,nommé,"Les proportions les plus élevées de ménages propriétaires de leur logement (plus de 87,7%) sont notées dans les départements de Kébémer, Linguère, Ranérou, Mbacké, Malem Hoddar, Koumpentoum, Birkelane, Médina Yoro Foulah et Salemata"
menages_proprietaires,Ménages propriétaires de leur logement,Carte VIII-10,26,50,2023,département,67.4,% des ménages,classe_haute,"> 87,7",Mbacké,nommé,"Les proportions les plus élevées de ménages propriétaires de leur logement (plus de 87,7%) sont notées dans les départements de Kébémer, Linguère, Ranérou, Mbacké, Malem Hoddar, Koumpentoum, Birkelane, Médina Yoro Foulah et Salemata"
menages_proprietaires,Ménages propriétaires de leur logement,Carte VIII-10,26,50,2023,département,67.4,% des ménages,classe_haute,"> 87,7",Malem-Hodar,nommé,"Les proportions les plus élevées de ménages propriétaires de leur logement (plus de 87,7%) sont notées dans les départements de Kébémer, Linguère, Ranérou, Mbacké, Malem Hoddar, Koumpentoum, Birkelane, Médina Yoro Foulah et Salemata"
menages_proprietaires,Ménages propriétaires de leur logement,Carte VIII-10,26,50,2023,département,67.4,% des ménages,classe_haute,"> 87,7",Koumpentoum,nommé,"Les proportions les plus élevées de ménages propriétaires de leur logement (plus de 87,7%) sont notées dans les départements de Kébémer, Linguère, Ranérou, Mbacké, Malem Hoddar, Koumpentoum, Birkelane, Médina Yoro Foulah et Salemata"
menages_proprietaires,Ménages propriétaires de leur logement,Carte VIII-10,26,50,2023,département,67.4,% des ménages,classe_haute,"> 87,7",Birkelane,nommé,"Les proportions les plus élevées de ménages propriétaires de leur logement (plus de 87,7%) sont notées dans les départements de Kébémer, Linguère, Ranérou, Mbacké, Malem Hoddar, Koumpentoum, Birkelane, Médina Yoro Foulah et Salemata"
menages_proprietaires,Ménages propriétaires de leur logement,Carte VIII-10,26,50,2023,département,67.4,% des ménages,classe_haute,"> 87,7",Médina-Yorofoula,nommé,"Les proportions les plus élevées de ménages propriétaires de leur logement (plus de 87,7%) sont notées dans les départements de Kébémer, Linguère, Ranérou, Mbacké, Malem Hoddar, Koumpentoum, Birkelane, Médina Yoro Foulah et Salemata"
menages_proprietaires,Ménages propriétaires de leur logement,Carte VIII-10,26,50,2023,département,67.4,% des ménages,classe_haute,"> 87,7",Salémata,nommé,"Les proportions les plus élevées de ménages propriétaires de leur logement (plus de 87,7%) sont notées dans les départements de Kébémer, Linguère, Ranérou, Mbacké, Malem Hoddar, Koumpentoum, Birkelane, Médina Yoro Foulah et Salemata"
menages_proprietaires,Ménages propriétaires de leur logement,Carte VIII-10,26,50,2023,département,67.4,% des ménages,classe_basse,"< 60,0",Oussouye,nommé,"les départements des régions de Dakar et dans les départements de Oussouye et de Ziguinchor se caractérisent par les plus faibles proportions de ménages propriétaires de leur logement (moins de 60,0%)"
menages_proprietaires,Ménages propriétaires de leur logement,Carte VIII-10,26,50,2023,département,67.4,% des ménages,classe_basse,"< 60,0",Ziguinchor,nommé,"les départements des régions de Dakar et dans les départements de Oussouye et de Ziguinchor se caractérisent par les plus faibles proportions de ménages propriétaires de leur logement (moins de 60,0%)"
menages_proprietaires,Ménages propriétaires de leur logement,Carte VIII-10,26,50,2023,département,67.4,% des ménages,classe_basse,"< 60,0",Dakar,via région de Dakar,"les départements des régions de Dakar et dans les départements de Oussouye et de Ziguinchor se caractérisent par les plus faibles proportions de ménages propriétaires de leur logement (moins de 60,0%)"
menages_proprietaires,Ménages propriétaires de leur logement,Carte VIII-10,26,50,2023,département,67.4,% des ménages,classe_basse,"< 60,0",Pikine,via région de Dakar,"les départements des régions de Dakar et dans les départements de Oussouye et de Ziguinchor se caractérisent par les plus faibles proportions de ménages propriétaires de leur logement (moins de 60,0%)"
menages_proprietaires,Ménages propriétaires de leur logement,Carte VIII-10,26,50,2023,département,67.4,% des ménages,classe_basse,"< 60,0",Guédiawaye,via région de Dakar,"les départements des régions de Dakar et dans les départements de Oussouye et de Ziguinchor se caractérisent par les plus faibles proportions de ménages propriétaires de leur logement (moins de 60,0%)"
menages_proprietaires,Ménages propriétaires de leur logement,Carte VIII-10,26,50,2023,département,67.4,% des ménages,classe_basse,"< 60,0",Rufisque,via région de Dakar,"les départements des régions de Dakar et dans les départements de Oussouye et de Ziguinchor se caractérisent par les plus faibles proportions de ménages propriétaires de leur logement (moins de 60,0%)"
menages_proprietaires,Ménages propriétaires de leur logement,Carte VIII-10,26,50,2023,département,67.4,% des ménages,classe_basse,"< 60,0",Keur Massar,via région de Dakar,"les départements des régions de Dakar et dans les départements de Oussouye et de Ziguinchor se caractérisent par les plus faibles proportions de ménages propriétaires de leur logement (moins de 60,0%)"
femmes_cheffes_menage,Proportion de femmes chef de ménage,Carte IX-1,27,52,2023,département,24.5,% des ménages,classe_haute,"> 29,2",Saint Louis,nommé,"plus fréquent dans les départements de Saint Louis, Dakar, Pikine, Rufisque, Keur Massar, Oussouye et Ziguinchor (plus de 29,2%)"
femmes_cheffes_menage,Proportion de femmes chef de ménage,Carte IX-1,27,52,2023,département,24.5,% des ménages,classe_haute,"> 29,2",Dakar,nommé,"plus fréquent dans les départements de Saint Louis, Dakar, Pikine, Rufisque, Keur Massar, Oussouye et Ziguinchor (plus de 29,2%)"
femmes_cheffes_menage,Proportion de femmes chef de ménage,Carte IX-1,27,52,2023,département,24.5,% des ménages,classe_haute,"> 29,2",Pikine,nommé,"plus fréquent dans les départements de Saint Louis, Dakar, Pikine, Rufisque, Keur Massar, Oussouye et Ziguinchor (plus de 29,2%)"
femmes_cheffes_menage,Proportion de femmes chef de ménage,Carte IX-1,27,52,2023,département,24.5,% des ménages,classe_haute,"> 29,2",Rufisque,nommé,"plus fréquent dans les départements de Saint Louis, Dakar, Pikine, Rufisque, Keur Massar, Oussouye et Ziguinchor (plus de 29,2%)"
femmes_cheffes_menage,Proportion de femmes chef de ménage,Carte IX-1,27,52,2023,département,24.5,% des ménages,classe_haute,"> 29,2",Keur Massar,nommé,"plus fréquent dans les départements de Saint Louis, Dakar, Pikine, Rufisque, Keur Massar, Oussouye et Ziguinchor (plus de 29,2%)"
femmes_cheffes_menage,Proportion de femmes chef de ménage,Carte IX-1,27,52,2023,département,24.5,% des ménages,classe_haute,"> 29,2",Oussouye,nommé,"plus fréquent dans les départements de Saint Louis, Dakar, Pikine, Rufisque, Keur Massar, Oussouye et Ziguinchor (plus de 29,2%)"
femmes_cheffes_menage,Proportion de femmes chef de ménage,Carte IX-1,27,52,2023,département,24.5,% des ménages,classe_haute,"> 29,2",Ziguinchor,nommé,"plus fréquent dans les départements de Saint Louis, Dakar, Pikine, Rufisque, Keur Massar, Oussouye et Ziguinchor (plus de 29,2%)"
femmes_cheffes_menage,Proportion de femmes chef de ménage,Carte IX-1,27,52,2023,département,24.5,% des ménages,classe_basse,"< 12,2",Ranérou,nommé,"les proportions de femmes chef de ménage sont plus faibles (moins de 12,2%) dans les départements de Ranérou, Nioro, Birkelane, Kaffrine, Malem Hoddar, Koungheul, Koumpentoum, Goudiry, Saraya, Médina Yoro Foulah et Bounkiling"
femmes_cheffes_menage,Proportion de femmes chef de ménage,Carte IX-1,27,52,2023,département,24.5,% des ménages,classe_basse,"< 12,2",Nioro du Rip,nommé,"les proportions de femmes chef de ménage sont plus faibles (moins de 12,2%) dans les départements de Ranérou, Nioro, Birkelane, Kaffrine, Malem Hoddar, Koungheul, Koumpentoum, Goudiry, Saraya, Médina Yoro Foulah et Bounkiling"
femmes_cheffes_menage,Proportion de femmes chef de ménage,Carte IX-1,27,52,2023,département,24.5,% des ménages,classe_basse,"< 12,2",Birkelane,nommé,"les proportions de femmes chef de ménage sont plus faibles (moins de 12,2%) dans les départements de Ranérou, Nioro, Birkelane, Kaffrine, Malem Hoddar, Koungheul, Koumpentoum, Goudiry, Saraya, Médina Yoro Foulah et Bounkiling"
femmes_cheffes_menage,Proportion de femmes chef de ménage,Carte IX-1,27,52,2023,département,24.5,% des ménages,classe_basse,"< 12,2",Kaffrine,nommé,"les proportions de femmes chef de ménage sont plus faibles (moins de 12,2%) dans les départements de Ranérou, Nioro, Birkelane, Kaffrine, Malem Hoddar, Koungheul, Koumpentoum, Goudiry, Saraya, Médina Yoro Foulah et Bounkiling"
femmes_cheffes_menage,Proportion de femmes chef de ménage,Carte IX-1,27,52,2023,département,24.5,% des ménages,classe_basse,"< 12,2",Malem-Hodar,nommé,"les proportions de femmes chef de ménage sont plus faibles (moins de 12,2%) dans les départements de Ranérou, Nioro, Birkelane, Kaffrine, Malem Hoddar, Koungheul, Koumpentoum, Goudiry, Saraya, Médina Yoro Foulah et Bounkiling"
femmes_cheffes_menage,Proportion de femmes chef de ménage,Carte IX-1,27,52,2023,département,24.5,% des ménages,classe_basse,"< 12,2",Koungheul,nommé,"les proportions de femmes chef de ménage sont plus faibles (moins de 12,2%) dans les départements de Ranérou, Nioro, Birkelane, Kaffrine, Malem Hoddar, Koungheul, Koumpentoum, Goudiry, Saraya, Médina Yoro Foulah et Bounkiling"
femmes_cheffes_menage,Proportion de femmes chef de ménage,Carte IX-1,27,52,2023,département,24.5,% des ménages,classe_basse,"< 12,2",Koumpentoum,nommé,"les proportions de femmes chef de ménage sont plus faibles (moins de 12,2%) dans les départements de Ranérou, Nioro, Birkelane, Kaffrine, Malem Hoddar, Koungheul, Koumpentoum, Goudiry, Saraya, Médina Yoro Foulah et Bounkiling"
femmes_cheffes_menage,Proportion de femmes chef de ménage,Carte IX-1,27,52,2023,département,24.5,% des ménages,classe_basse,"< 12,2",Goudiry,nommé,"les proportions de femmes chef de ménage sont plus faibles (moins de 12,2%) dans les départements de Ranérou, Nioro, Birkelane, Kaffrine, Malem Hoddar, Koungheul, Koumpentoum, Goudiry, Saraya, Médina Yoro Foulah et Bounkiling"
femmes_cheffes_menage,Proportion de femmes chef de ménage,Carte IX-1,27,52,2023,département,24.5,% des ménages,classe_basse,"< 12,2",Saraya,nommé,"les proportions de femmes chef de ménage sont plus faibles (moins de 12,2%) dans les départements de Ranérou, Nioro, Birkelane, Kaffrine, Malem Hoddar, Koungheul, Koumpentoum, Goudiry, Saraya, Médina Yoro Foulah et Bounkiling"
femmes_cheffes_menage,Proportion de femmes chef de ménage,Carte IX-1,27,52,2023,département,24.5,% des ménages,classe_basse,"< 12,2",Médina-Yorofoula,nommé,"les proportions de femmes chef de ménage sont plus faibles (moins de 12,2%) dans les départements de Ranérou, Nioro, Birkelane, Kaffrine, Malem Hoddar, Koungheul, Koumpentoum, Goudiry, Saraya, Médina Yoro Foulah et Bounkiling"
femmes_cheffes_menage,Proportion de femmes chef de ménage,Carte IX-1,27,52,2023,département,24.5,% des ménages,classe_basse,"< 12,2",Bounkiling,nommé,"les proportions de femmes chef de ménage sont plus faibles (moins de 12,2%) dans les départements de Ranérou, Nioro, Birkelane, Kaffrine, Malem Hoddar, Koungheul, Koumpentoum, Goudiry, Saraya, Médina Yoro Foulah et Bounkiling"
prevalence_handicap,Prévalence du handicap,Carte XI-1,33,64,2023,département,7.3,% de la population,classe_haute,"> 8,3",Dakar,nommé,"La prévalence du handicap est plus élevé dans les départements de Dakar, Saint-Louis, Dagana, Podor, Salémata, Ziguinchor, Bignona et Oussouye (plus de 8,3%)"
prevalence_handicap,Prévalence du handicap,Carte XI-1,33,64,2023,département,7.3,% de la population,classe_haute,"> 8,3",Saint Louis,nommé,"La prévalence du handicap est plus élevé dans les départements de Dakar, Saint-Louis, Dagana, Podor, Salémata, Ziguinchor, Bignona et Oussouye (plus de 8,3%)"
prevalence_handicap,Prévalence du handicap,Carte XI-1,33,64,2023,département,7.3,% de la population,classe_haute,"> 8,3",Dagana,nommé,"La prévalence du handicap est plus élevé dans les départements de Dakar, Saint-Louis, Dagana, Podor, Salémata, Ziguinchor, Bignona et Oussouye (plus de 8,3%)"
prevalence_handicap,Prévalence du handicap,Carte XI-1,33,64,2023,département,7.3,% de la population,classe_haute,"> 8,3",Podor,nommé,"La prévalence du handicap est plus élevé dans les départements de Dakar, Saint-Louis, Dagana, Podor, Salémata, Ziguinchor, Bignona et Oussouye (plus de 8,3%)"
prevalence_handicap,Prévalence du handicap,Carte XI-1,33,64,2023,département,7.3,% de la population,classe_haute,"> 8,3",Salémata,nommé,"La prévalence du handicap est plus élevé dans les départements de Dakar, Saint-Louis, Dagana, Podor, Salémata, Ziguinchor, Bignona et Oussouye (plus de 8,3%)"
prevalence_handicap,Prévalence du handicap,Carte XI-1,33,64,2023,département,7.3,% de la population,classe_haute,"> 8,3",Ziguinchor,nommé,"La prévalence du handicap est plus élevé dans les départements de Dakar, Saint-Louis, Dagana, Podor, Salémata, Ziguinchor, Bignona et Oussouye (plus de 8,3%)"
prevalence_handicap,Prévalence du handicap,Carte XI-1,33,64,2023,département,7.3,% de la population,classe_haute,"> 8,3",Bignona,nommé,"La prévalence du handicap est plus élevé dans les départements de Dakar, Saint-Louis, Dagana, Podor, Salémata, Ziguinchor, Bignona et Oussouye (plus de 8,3%)"
prevalence_handicap,Prévalence du handicap,Carte XI-1,33,64,2023,département,7.3,% de la population,classe_haute,"> 8,3",Oussouye,nommé,"La prévalence du handicap est plus élevé dans les départements de Dakar, Saint-Louis, Dagana, Podor, Salémata, Ziguinchor, Bignona et Oussouye (plus de 8,3%)"
prevalence_handicap,Prévalence du handicap,Carte XI-1,33,64,2023,département,7.3,% de la population,classe_basse,"< 6,3",Diourbel,nommé,"dans les départements de Diourbel, Malem Hoddar, Koungheul, Ranerou, Tambacounda, Goudiry, Kédougou, Saraya, Bounkiling et Sédhiou la prévalence [...] en dessous de 6,3%"
prevalence_handicap,Prévalence du handicap,Carte XI-1,33,64,2023,département,7.3,% de la population,classe_basse,"< 6,3",Malem-Hodar,nommé,"dans les départements de Diourbel, Malem Hoddar, Koungheul, Ranerou, Tambacounda, Goudiry, Kédougou, Saraya, Bounkiling et Sédhiou la prévalence [...] en dessous de 6,3%"
prevalence_handicap,Prévalence du handicap,Carte XI-1,33,64,2023,département,7.3,% de la population,classe_basse,"< 6,3",Koungheul,nommé,"dans les départements de Diourbel, Malem Hoddar, Koungheul, Ranerou, Tambacounda, Goudiry, Kédougou, Saraya, Bounkiling et Sédhiou la prévalence [...] en dessous de 6,3%"
prevalence_handicap,Prévalence du handicap,Carte XI-1,33,64,2023,département,7.3,% de la population,classe_basse,"< 6,3",Ranérou,nommé,"dans les départements de Diourbel, Malem Hoddar, Koungheul, Ranerou, Tambacounda, Goudiry, Kédougou, Saraya, Bounkiling et Sédhiou la prévalence [...] en dessous de 6,3%"
prevalence_handicap,Prévalence du handicap,Carte XI-1,33,64,2023,département,7.3,% de la population,classe_basse,"< 6,3",Tambacounda,nommé,"dans les départements de Diourbel, Malem Hoddar, Koungheul, Ranerou, Tambacounda, Goudiry, Kédougou, Saraya, Bounkiling et Sédhiou la prévalence [...] en dessous de 6,3%"
prevalence_handicap,Prévalence du handicap,Carte XI-1,33,64,2023,département,7.3,% de la population,classe_basse,"< 6,3",Goudiry,nommé,"dans les départements de Diourbel, Malem Hoddar, Koungheul, Ranerou, Tambacounda, Goudiry, Kédougou, Saraya, Bounkiling et Sédhiou la prévalence [...] en dessous de 6,3%"
prevalence_handicap,Prévalence du handicap,Carte XI-1,33,64,2023,département,7.3,% de la population,classe_basse,"< 6,3",Kédougou,nommé,"dans les départements de Diourbel, Malem Hoddar, Koungheul, Ranerou, Tambacounda, Goudiry, Kédougou, Saraya, Bounkiling et Sédhiou la prévalence [...] en dessous de 6,3%"
prevalence_handicap,Prévalence du handicap,Carte XI-1,33,64,2023,département,7.3,% de la population,classe_basse,"< 6,3",Saraya,nommé,"dans les départements de Diourbel, Malem Hoddar, Koungheul, Ranerou, Tambacounda, Goudiry, Kédougou, Saraya, Bounkiling et Sédhiou la prévalence [...] en dessous de 6,3%"
prevalence_handicap,Prévalence du handicap,Carte XI-1,33,64,2023,département,7.3,% de la population,classe_basse,"< 6,3",Bounkiling,nommé,"dans les départements de Diourbel, Malem Hoddar, Koungheul, Ranerou, Tambacounda, Goudiry, Kédougou, Saraya, Bounkiling et Sédhiou la prévalence [...] en dessous de 6,3%"
prevalence_handicap,Prévalence du handicap,Carte XI-1,33,64,2023,département,7.3,% de la population,classe_basse,"< 6,3",Sédhiou,nommé,"dans les départements de Diourbel, Malem Hoddar, Koungheul, Ranerou, Tambacounda, Goudiry, Kédougou, Saraya, Bounkiling et Sédhiou la prévalence [...] en dessous de 6,3%"
