region,wc_chasse_eau_pct,latrines_dallees_pct,fosse_rudimentaire_trou_ouvert_pct,toilettes_publiques_pct,autre_pct
DAKAR,89.9,8.7,0.1,0.6,0.7
ZIGUINCHOR,34.8,36.0,27.6,0.3,1.3
DIOURBEL,61.6,29.0,2.2,2.3,4.9
SAINT-LOUIS,27.6,53.6,11.3,3.0,4.5
TAMBACOUNDA,6.8,54.1,24.5,2.7,12.0
KAOLACK,34.2,43.6,9.2,0.9,12.2
THIES,47.9,45.0,2.1,1.0,4.0
LOUGA,41.7,38.0,6.4,0.0,13.9
FATICK,55.2,26.6,7.1,0.7,10.3
KOLDA,7.4,22.5,67.6,0.0,2.4
MATAM,32.3,41.5,9.4,1.1,15.7
KAFFRINE,36.4,26.8,15.5,2.1,19.2
KEDOUGOU,8.5,61.4,18.8,0.9,10.5
SEDHIOU,12.8,41.4,44.7,1.1,0.0
