region,acces_eau_potable_menages_pct,acces_electricite_menages_pct,insecurite_alimentaire_moderee_ou_grave_pct,insecurite_alimentaire_grave_pct,menages_ayant_subi_un_choc_3_ans_pct
DAKAR,96.62,98.52,21.2,2.6,47.8
ZIGUINCHOR,62.33,89.91,26.6,4.1,45.4
DIOURBEL,56.01,80.65,27.0,1.9,82.4
SAINT-LOUIS,93.82,77.14,42.1,6.4,80.2
TAMBACOUNDA,66.46,53.09,55.1,9.6,65.6
KAOLACK,89.13,81.46,27.8,2.6,70.7
THIES,92.99,91.32,22.9,2.6,57.7
LOUGA,95.8,66.15,37.8,4.7,62.7
FATICK,78.22,75.74,22.1,1.6,57.6
KOLDA,41.75,53.57,50.0,7.0,75.8
MATAM,89.04,55.65,44.0,8.1,78.4
KAFFRINE,96.13,66.99,41.2,5.6,80.5
KEDOUGOU,77.57,53.46,44.8,9.4,65.0
SEDHIOU,43.1,75.45,40.1,5.9,61.7
