annee,empreinte,rang,extreme,inondation_documentee
1981,711.3,17,False,False
1982,381.3,40,False,False
1983,365.3,42,False,False
1984,680.7,21,False,False
1985,694.9,20,False,False
1986,643.6,23,False,False
1987,704.7,18,False,False
1988,636.9,24,False,False
1989,799.6,11,True,False
1990,238.9,43,False,False
1991,435.3,39,False,False
1992,525.1,37,False,False
1993,526.4,35,False,False
1994,697.6,19,False,False
1995,371.6,41,False,False
1996,587.3,27,False,False
1997,677.3,22,False,False
1998,555.6,30,False,False
1999,1054.9,3,True,True
2000,822.9,9,True,False
2001,547.1,33,False,False
2002,905.3,7,True,False
2003,864.4,8,True,True
2004,600.7,25,False,False
2005,1098.2,2,True,True
2006,552.0,32,False,False
2007,490.2,38,False,False
2008,749.3,14,True,False
2009,820.2,10,True,True
2010,1152.4,1,True,True
2011,553.1,31,False,False
2012,1001.6,6,True,True
2013,571.1,29,False,False
2014,591.1,26,False,False
2015,740.2,16,False,False
2016,545.8,34,False,False
2017,745.8,15,False,False
2018,580.2,28,False,False
2019,525.3,36,False,False
2020,1054.0,4,True,True
2021,791.3,12,True,False
2022,1030.4,5,True,True
2023,772.7,13,True,False
