pcode,departement,region,rang_ref,indice_risque_ref,rang,indice_risque,gain_rang,A_alea,E_exposition_ref,E_exposition,V_vulnerabilite_ref,V_vulnerabilite,ecart_indice
SN0703,Vélingara,Kolda,2,0.7816,1,0.7816,1,0.9022,0.6957,0.6087,0.7609,0.8696,0.0
SN1204,Tambacounda,Tambacounda,1,0.8331,2,0.7175,-1,0.9348,0.7391,0.4783,0.837,0.8261,-0.1157
SN0701,Kolda,Kolda,3,0.7139,3,0.7155,0,1.0,0.4783,0.5435,0.7609,0.6739,0.0015
SN0503,Nioro du Rip,Kaolack,4,0.6599,4,0.7076,0,0.587,0.8043,0.7935,0.6087,0.7609,0.0477
SN1101,Bounkiling,Sédhiou,6,0.6045,5,0.6108,1,0.6957,0.3478,0.3587,0.913,0.913,0.0062
SN1102,Goudomp,Sédhiou,7,0.599,6,0.5844,1,0.9022,0.2609,0.4239,0.913,0.5217,-0.0146
SN0302,Foundiougne,Fatick,11,0.5412,7,0.5633,4,0.6304,0.6087,0.6522,0.413,0.4348,0.0221
SN1301,Mbour,Thiès,25,0.4293,8,0.5613,17,0.5435,0.9565,0.8804,0.1522,0.3696,0.132
SN1103,Sédhiou,Sédhiou,5,0.6069,9,0.5364,-4,0.8043,0.3043,0.3152,0.913,0.6087,-0.0705
SN0401,Birkelane,Kaffrine,28,0.3758,10,0.5288,18,0.4457,0.1739,0.3913,0.6848,0.8478,0.153
SN0901,Kanel,Matam,17,0.5138,11,0.5191,6,0.7174,0.5435,0.3587,0.3478,0.5435,0.0053
SN0502,Kaolack,Kaolack,16,0.5195,12,0.5133,4,0.2717,0.8478,0.8478,0.6087,0.587,-0.0063
SN0801,Kébémer,Louga,15,0.5205,13,0.5123,2,0.5652,0.5217,0.5761,0.4783,0.413,-0.0082
SN1203,Koumpentoum,Tambacounda,8,0.5687,14,0.5106,-6,0.6739,0.3261,0.2065,0.837,0.9565,-0.0581
SN0702,Médina-Yorofoula,Kolda,12,0.5386,15,0.5029,-3,0.8587,0.2391,0.2065,0.7609,0.7174,-0.0356
SN0104,Rufisque,Dakar,40,0.2529,16,0.4987,24,0.2717,0.913,0.913,0.0652,0.5,0.2458
SN0403,Koungheul,Kaffrine,19,0.4984,17,0.4976,2,0.4891,0.3696,0.2826,0.6848,0.8913,-0.0008
SN0902,Matam,Matam,22,0.4542,18,0.4846,4,0.413,0.6522,0.5761,0.3478,0.4783,0.0304
SN1403,Ziguinchor,Ziguinchor,13,0.5361,19,0.4816,-6,0.6522,0.4348,0.6304,0.5435,0.2717,-0.0545
SN0402,Kaffrine,Kaffrine,23,0.4534,20,0.4786,3,0.3478,0.3913,0.5,0.6848,0.6304,0.0252
SN1201,Bakel,Tambacounda,9,0.5592,21,0.4573,-12,0.7391,0.2826,0.163,0.837,0.7935,-0.1019
SN0601,Kédougou,Kédougou,18,0.4998,22,0.4366,-4,0.9783,0.1304,0.087,0.9783,0.9783,-0.0632
SN1202,Goudiry,Tambacounda,14,0.5222,23,0.43,-9,0.7826,0.2174,0.1087,0.837,0.9348,-0.0922
SN0105,Keur Massar,Dakar,41,0.2509,24,0.4134,17,0.2717,0.8913,0.9565,0.0652,0.2717,0.1625
SN0603,Saraya,Kédougou,27,0.3937,25,0.3966,2,0.9565,0.0652,0.0652,0.9783,1.0,0.0029
SN1401,Bignona,Ziguinchor,10,0.5548,26,0.3856,-16,0.7609,0.413,0.3152,0.5435,0.2391,-0.1692
SN1303,Tivaouane,Thiès,36,0.2674,27,0.3806,9,0.1522,0.8261,0.7935,0.1522,0.4565,0.1131
SN0203,Mbacké,Diourbel,31,0.2907,28,0.3636,3,0.087,1.0,0.9783,0.2826,0.5652,0.0729
SN0803,Louga,Louga,26,0.4145,29,0.3503,-3,0.1957,0.7609,0.6739,0.4783,0.3261,-0.0641
SN0802,Linguère,Louga,20,0.4599,30,0.3468,-10,0.4457,0.4565,0.2391,0.4783,0.3913,-0.1132
SN0303,Gossas,Fatick,33,0.28,31,0.3386,2,0.4891,0.1087,0.2609,0.413,0.3043,0.0586
SN0201,Bambey,Diourbel,24,0.453,32,0.3225,-8,0.5217,0.6304,0.7391,0.2826,0.087,-0.1305
SN0301,Fatick,Fatick,21,0.4589,33,0.3209,-12,0.3261,0.7174,0.7174,0.413,0.1413,-0.1379
SN1302,Thiès,Thiès,29,0.3139,34,0.3002,-5,0.2174,0.9348,0.8804,0.1522,0.1413,-0.0137
SN1003,Saint Louis,Saint-Louis,30,0.2943,35,0.2902,-5,0.1739,0.6739,0.7609,0.2174,0.1848,-0.004
SN0103,Pikine,Dakar,34,0.2784,36,0.2852,-2,0.3804,0.8696,0.9348,0.0652,0.0652,0.0068
SN1402,Oussouye,Ziguinchor,35,0.2693,37,0.271,-2,0.8261,0.0435,0.1304,0.5435,0.1848,0.0018
SN0602,Salémata,Kédougou,38,0.2633,38,0.2662,0,0.8587,0.0217,0.0326,0.9783,0.6739,0.0029
SN0404,Malem-Hodar,Kaffrine,42,0.2387,39,0.2565,3,0.1304,0.1522,0.163,0.6848,0.7935,0.0178
SN0903,Ranérou,Matam,37,0.2641,40,0.2448,-3,0.6087,0.087,0.0326,0.3478,0.7391,-0.0192
SN0501,Guinguinéo,Kaolack,45,0.173,41,0.2316,4,0.0435,0.1957,0.4239,0.6087,0.6739,0.0586
SN0102,Guédiawaye,Dakar,44,0.2183,42,0.2137,2,0.2717,0.587,0.8261,0.0652,0.0435,-0.0046
SN0101,Dakar,Dakar,32,0.2895,43,0.2022,-11,0.3804,0.9783,1.0,0.0652,0.0217,-0.0873
SN0202,Diourbel,Diourbel,39,0.2589,44,0.2018,-5,0.1087,0.5652,0.6957,0.2826,0.1087,-0.0571
SN1002,Podor,Saint-Louis,43,0.223,45,0.1948,-2,0.0652,0.7826,0.5217,0.2174,0.2174,-0.0282
SN1001,Dagana,Saint-Louis,46,0.1332,46,0.1511,0,0.0217,0.5,0.4565,0.2174,0.3478,0.0179
