longitude,latitude,event_date,selection_label,pixel_id,precipitation_mm,anomaly_standardized,climatology_mm,is_extreme,is_intense,intensity_category,anomaly_category,region,climate_zone,season_phase,phase_description,year,month,day,day_of_year,distance_to_coast_km
-16.625,12.375,2009-08-28,C0_plus_intense + C7_plus_intense,2009-08-28_000_003,68.53536224365234,3.2255756855010986,17.586761474609375,True,True,tres forte,exceptionnelle,Ziguinchor,Zone soudanienne,Phase_2_pleine,Pleine saison (Juillet-Aout),2009,8,28,240,95.14188
-16.375,12.375,2009-08-28,C0_plus_intense + C7_plus_intense,2009-08-28_000_004,65.21878051757812,2.8253839015960693,17.81289291381836,True,True,tres forte,tres humide,Ziguinchor,Zone soudanienne,Phase_2_pleine,Pleine saison (Juillet-Aout),2009,8,28,240,122.32527
-12.375,12.375,2009-08-28,C0_plus_intense + C7_plus_intense,2009-08-28_000_020,21.115747451782227,0.09482043236494064,19.526805877685547,False,True,forte,normale,Kédougou,Zone soudanienne,Phase_2_pleine,Pleine saison (Juillet-Aout),2009,8,28,240,557.2596
-16.625,12.625,2009-08-28,C0_plus_intense + C7_plus_intense,2009-08-28_001_003,82.76788330078125,3.748305082321167,19.58730697631836,True,True,tres forte,exceptionnelle,Ziguinchor,Zone soudanienne,Phase_2_pleine,Pleine saison (Juillet-Aout),2009,8,28,240,95.04989
-16.375,12.625,2009-08-28,C0_plus_intense + C7_plus_intense,2009-08-28_001_004,46.15499496459961,1.894084095954895,18.14354705810547,False,True,forte,humide,Ziguinchor,Zone soudanienne,Phase_2_pleine,Pleine saison (Juillet-Aout),2009,8,28,240,122.20701
-16.125,12.625,2009-08-28,C0_plus_intense + C7_plus_intense,2009-08-28_001_005,37.57585525512695,1.6296941041946411,15.972412109375,False,True,forte,humide,Sédhiou,Zone soudanienne,Phase_2_pleine,Pleine saison (Juillet-Aout),2009,8,28,240,149.36412
-15.875,12.625,2009-08-28,C0_plus_intense + C7_plus_intense,2009-08-28_001_006,41.227508544921875,2.113569736480713,15.831929206848145,True,True,forte,tres humide,Sédhiou,Zone soudanienne,Phase_2_pleine,Pleine saison (Juillet-Aout),2009,8,28,240,176.52124
-15.625,12.625,2009-08-28,C0_plus_intense + C7_plus_intense,2009-08-28_001_007,37.59666061401367,2.0437493324279785,14.55911922454834,True,True,forte,tres humide,Sédhiou,Zone soudanienne,Phase_2_pleine,Pleine saison (Juillet-Aout),2009,8,28,240,203.67834
-15.375,12.625,2009-08-28,C0_plus_intense + C7_plus_intense,2009-08-28_001_008,34.526756286621094,1.5400058031082153,15.663655281066895,False,True,forte,humide,Kolda,Zone soudanienne,Phase_2_pleine,Pleine saison (Juillet-Aout),2009,8,28,240,230.83545
-12.875,12.625,2009-08-28,C0_plus_intense + C7_plus_intense,2009-08-28_001_018,20.44333267211914,0.44194886088371277,14.293431282043457,False,True,forte,normale,Kédougou,Zone soudanienne,Phase_2_pleine,Pleine saison (Juillet-Aout),2009,8,28,240,502.40656
-12.625,12.625,2009-08-28,C0_plus_intense + C7_plus_intense,2009-08-28_001_019,21.672260284423828,0.6722882986068726,13.262733459472656,False,True,forte,normale,Kédougou,Zone soudanienne,Phase_2_pleine,Pleine saison (Juillet-Aout),2009,8,28,240,529.56366
-12.375,12.625,2009-08-28,C0_plus_intense + C7_plus_intense,2009-08-28_001_020,17.537614822387695,0.2509151101112366,14.247154235839844,False,False,moderee,normale,Kédougou,Zone soudanienne,Phase_2_pleine,Pleine saison (Juillet-Aout),2009,8,28,240,556.7208
-12.125,12.625,2009-08-28,C0_plus_intense + C7_plus_intense,2009-08-28_001_021,21.206832885742188,0.49593955278396606,14.506909370422363,False,True,forte,normale,Kédougou,Zone soudanienne,Phase_2_pleine,Pleine saison (Juillet-Aout),2009,8,28,240,583.87787
-11.875,12.625,2009-08-28,C0_plus_intense + C7_plus_intense,2009-08-28_001_022,26.091114044189453,0.9150331020355225,13.827900886535645,False,True,forte,normale,Kédougou,Zone soudanienne,Phase_2_pleine,Pleine saison (Juillet-Aout),2009,8,28,240,611.03503
-11.625,12.625,2009-08-28,C0_plus_intense + C7_plus_intense,2009-08-28_001_023,13.566567420959473,-0.055310316383838654,14.383634567260742,False,False,moderee,normale,Kédougou,Zone soudanienne,Phase_2_pleine,Pleine saison (Juillet-Aout),2009,8,28,240,638.19214
-16.625,12.875,2009-08-28,C0_plus_intense + C7_plus_intense,2009-08-28_002_003,132.57249450683594,4.5664167404174805,22.94504165649414,True,True,extreme,exceptionnelle,Ziguinchor,Zone soudanienne,Phase_2_pleine,Pleine saison (Juillet-Aout),2009,8,28,240,94.95609
-16.375,12.875,2009-08-28,C0_plus_intense + C7_plus_intense,2009-08-28_002_004,51.627681732177734,2.393718957901001,16.956125259399414,True,True,tres forte,tres humide,Ziguinchor,Zone soudanienne,Phase_2_pleine,Pleine saison (Juillet-Aout),2009,8,28,240,122.08641
-16.125,12.875,2009-08-28,C0_plus_intense + C7_plus_intense,2009-08-28_002_005,46.681400299072266,2.8073768615722656,13.77734088897705,True,True,forte,tres humide,Sédhiou,Zone soudanienne,Phase_2_pleine,Pleine saison (Juillet-Aout),2009,8,28,240,149.21672
-15.875,12.875,2009-08-28,C0_plus_intense + C7_plus_intense,2009-08-28_002_006,45.107391357421875,2.8399884700775146,13.574928283691406,True,True,forte,tres humide,Sédhiou,Zone soudanienne,Phase_2_pleine,Pleine saison (Juillet-Aout),2009,8,28,240,176.34703
-15.625,12.875,2009-08-28,C0_plus_intense + C7_plus_intense,2009-08-28_002_007,34.92619323730469,2.128862142562866,13.577875137329102,True,True,forte,tres humide,Sédhiou,Zone soudanienne,Phase_2_pleine,Pleine saison (Juillet-Aout),2009,8,28,240,203.47736
-15.375,12.875,2009-08-28,C0_plus_intense + C7_plus_intense,2009-08-28_002_008,37.15959548950195,1.9993140697479248,14.117911338806152,False,True,forte,humide,Kolda,Zone soudanienne,Phase_2_pleine,Pleine saison (Juillet-Aout),2009,8,28,240,230.60765
-15.125,12.875,2009-08-28,C0_plus_intense + C7_plus_intense,2009-08-28_002_009,31.636991500854492,1.2283928394317627,15.459432601928711,False,True,forte,humide,Kolda,Zone soudanienne,Phase_2_pleine,Pleine saison (Juillet-Aout),2009,8,28,240,257.73798
-14.875,12.875,2009-08-28,C0_plus_intense + C7_plus_intense,2009-08-28_002_010,22.97406578063965,0.5293542742729187,16.01702880859375,False,True,forte,normale,Kolda,Zone soudanienne,Phase_2_pleine,Pleine saison (Juillet-Aout),2009,8,28,240,284.8683
-14.625,12.875,2009-08-28,C0_plus_intense + C7_plus_intense,2009-08-28_002_011,17.08156967163086,0.2642650604248047,14.099207878112793,False,False,moderee,normale,Kolda,Zone soudanienne,Phase_2_pleine,Pleine saison (Juillet-Aout),2009,8,28,240,311.9986
-14.375,12.875,2009-08-28,C0_plus_intense + C7_plus_intense,2009-08-28_002_012,19.101259231567383,0.524120569229126,13.307076454162598,False,False,moderee,normale,Kolda,Zone soudanienne,Phase_2_pleine,Pleine saison (Juillet-Aout),2009,8,28,240,339.1289
-14.125,12.875,2009-08-28,C0_plus_intense + C7_plus_intense,2009-08-28_002_013,20.686655044555664,0.8222230672836304,11.771496772766113,False,True,forte,normale,Kolda,Zone soudanienne,Phase_2_pleine,Pleine saison (Juillet-Aout),2009,8,28,240,366.25922
-13.875,12.875,2009-08-28,C0_plus_intense + C7_plus_intense,2009-08-28_002_014,20.16559410095215,0.6441478729248047,12.525863647460938,False,True,forte,normale,Tambacounda,Zone soudanienne,Phase_2_pleine,Pleine saison (Juillet-Aout),2009,8,28,240,393.38953
-13.625,12.875,2009-08-28,C0_plus_intense + C7_plus_intense,2009-08-28_002_015,18.46689796447754,0.5179527997970581,12.579261779785156,False,False,moderee,normale,Tambacounda,Zone soudanienne,Phase_2_pleine,Pleine saison (Juillet-Aout),2009,8,28,240,420.51984
-13.375,12.875,2009-08-28,C0_plus_intense + C7_plus_intense,2009-08-28_002_016,13.033267974853516,0.25965574383735657,10.29043960571289,False,False,moderee,normale,Tambacounda,Zone soudanienne,Phase_2_pleine,Pleine saison (Juillet-Aout),2009,8,28,240,447.65018
-13.125,12.875,2009-08-28,C0_plus_intense + C7_plus_intense,2009-08-28_002_017,11.443514823913574,-0.03581372648477554,11.881673812866211,False,False,moderee,normale,Kédougou,Zone soudanienne,Phase_2_pleine,Pleine saison (Juillet-Aout),2009,8,28,240,474.78046
-12.875,12.875,2009-08-28,C0_plus_intense + C7_plus_intense,2009-08-28_002_018,13.727619171142578,0.05277803912758827,13.036293029785156,False,False,moderee,normale,Kédougou,Zone soudanienne,Phase_2_pleine,Pleine saison (Juillet-Aout),2009,8,28,240,501.91077
-12.625,12.875,2009-08-28,C0_plus_intense + C7_plus_intense,2009-08-28_002_019,18.0385684967041,0.3828158676624298,13.124395370483398,False,False,moderee,normale,Kédougou,Zone soudanienne,Phase_2_pleine,Pleine saison (Juillet-Aout),2009,8,28,240,529.0411
-12.375,12.875,2009-08-28,C0_plus_intense + C7_plus_intense,2009-08-28_002_020,17.56255340576172,0.3419756293296814,12.838289260864258,False,False,moderee,normale,Kédougou,Zone soudanienne,Phase_2_pleine,Pleine saison (Juillet-Aout),2009,8,28,240,556.17145
-12.125,12.875,2009-08-28,C0_plus_intense + C7_plus_intense,2009-08-28_002_021,19.948261260986328,0.5155665874481201,13.165570259094238,False,False,moderee,normale,Kédougou,Zone soudanienne,Phase_2_pleine,Pleine saison (Juillet-Aout),2009,8,28,240,583.3017
-11.875,12.875,2009-08-28,C0_plus_intense + C7_plus_intense,2009-08-28_002_022,19.803539276123047,0.6134302616119385,11.994428634643555,False,False,moderee,normale,Kédougou,Zone soudanienne,Phase_2_pleine,Pleine saison (Juillet-Aout),2009,8,28,240,610.432
-11.625,12.875,2009-08-28,C0_plus_intense + C7_plus_intense,2009-08-28_002_023,13.172794342041016,0.11323542147874832,11.809895515441895,False,False,moderee,normale,Kédougou,Zone soudanienne,Phase_2_pleine,Pleine saison (Juillet-Aout),2009,8,28,240,637.5624
-16.625,13.125,2009-08-28,C0_plus_intense + C7_plus_intense,2009-08-28_003_003,81.47612762451172,4.096562385559082,15.321986198425293,True,True,tres forte,exceptionnelle,Ziguinchor,Zone soudanienne,Phase_2_pleine,Pleine saison (Juillet-Aout),2009,8,28,240,94.86048
-16.375,13.125,2009-08-28,C0_plus_intense + C7_plus_intense,2009-08-28_003_004,29.074176788330078,1.2063801288604736,13.655384063720703,False,True,forte,humide,Ziguinchor,Zone soudanienne,Phase_2_pleine,Pleine saison (Juillet-Aout),2009,8,28,240,121.96348
-16.125,13.125,2009-08-28,C0_plus_intense + C7_plus_intense,2009-08-28_003_005,29.118974685668945,1.7018523216247559,11.913094520568848,False,True,forte,humide,Sédhiou,Zone soudanienne,Phase_2_pleine,Pleine saison (Juillet-Aout),2009,8,28,240,149.06648
-15.875,13.125,2009-08-28,C0_plus_intense + C7_plus_intense,2009-08-28_003_006,41.75026321411133,2.7385454177856445,12.66439437866211,True,True,forte,tres humide,Sédhiou,Zone soudanienne,Phase_2_pleine,Pleine saison (Juillet-Aout),2009,8,28,240,176.16948
-15.625,13.125,2009-08-28,C0_plus_intense + C7_plus_intense,2009-08-28_003_007,38.07683181762695,2.228093385696411,13.619654655456543,True,True,forte,tres humide,Sédhiou,Zone soudanienne,Phase_2_pleine,Pleine saison (Juillet-Aout),2009,8,28,240,203.27248
-15.375,13.125,2009-08-28,C0_plus_intense + C7_plus_intense,2009-08-28_003_008,40.68906021118164,2.5819242000579834,12.649977684020996,True,True,forte,tres humide,Kolda,Zone soudanienne,Phase_2_pleine,Pleine saison (Juillet-Aout),2009,8,28,240,230.37546
-15.125,13.125,2009-08-28,C0_plus_intense + C7_plus_intense,2009-08-28_003_009,48.84697723388672,2.9346439838409424,13.707801818847656,True,True,forte,tres humide,Kolda,Zone soudanienne,Phase_2_pleine,Pleine saison (Juillet-Aout),2009,8,28,240,257.47845
-14.875,13.125,2009-08-28,C0_plus_intense + C7_plus_intense,2009-08-28_003_010,29.486082077026367,1.3115513324737549,13.762872695922852,False,True,forte,humide,Kolda,Zone soudanienne,Phase_2_pleine,Pleine saison (Juillet-Aout),2009,8,28,240,284.58145
-14.625,13.125,2009-08-28,C0_plus_intense + C7_plus_intense,2009-08-28_003_011,24.657127380371094,1.2454735040664673,12.258460998535156,False,True,forte,humide,Kolda,Zone soudanienne,Phase_2_pleine,Pleine saison (Juillet-Aout),2009,8,28,240,311.68445
-14.375,13.125,2009-08-28,C0_plus_intense + C7_plus_intense,2009-08-28_003_012,24.555870056152344,1.2328625917434692,12.037049293518066,False,True,forte,humide,Tambacounda,Zone soudanienne,Phase_2_pleine,Pleine saison (Juillet-Aout),2009,8,28,240,338.78745
-14.125,13.125,2009-08-28,C0_plus_intense + C7_plus_intense,2009-08-28_003_013,24.583267211914062,1.1112862825393677,11.893204689025879,False,True,forte,humide,Tambacounda,Zone soudanienne,Phase_2_pleine,Pleine saison (Juillet-Aout),2009,8,28,240,365.89044
-13.875,13.125,2009-08-28,C0_plus_intense + C7_plus_intense,2009-08-28_003_014,21.279207229614258,0.9371602535247803,10.965523719787598,False,True,forte,normale,Tambacounda,Zone soudanienne,Phase_2_pleine,Pleine saison (Juillet-Aout),2009,8,28,240,392.99344
-13.625,13.125,2009-08-28,C0_plus_intense + C7_plus_intense,2009-08-28_003_015,16.633573532104492,0.5389494299888611,10.918580055236816,False,False,moderee,normale,Tambacounda,Zone soudanienne,Phase_2_pleine,Pleine saison (Juillet-Aout),2009,8,28,240,420.09644
-13.375,13.125,2009-08-28,C0_plus_intense + C7_plus_intense,2009-08-28_003_016,8.658197402954102,-0.11654382944107056,9.78969669342041,False,False,moderee,normale,Tambacounda,Zone soudanienne,Phase_2_pleine,Pleine saison (Juillet-Aout),2009,8,28,240,447.19943
-13.125,13.125,2009-08-28,C0_plus_intense + C7_plus_intense,2009-08-28_003_017,7.939952850341797,-0.22414089739322662,10.303016662597656,False,False,moderee,normale,Tambacounda,Zone soudanienne,Phase_2_pleine,Pleine saison (Juillet-Aout),2009,8,28,240,474.30243
-12.875,13.125,2009-08-28,C0_plus_intense + C7_plus_intense,2009-08-28_003_018,12.535887718200684,0.11821619421243668,11.19896411895752,False,False,moderee,normale,Tambacounda,Zone soudanienne,Phase_2_pleine,Pleine saison (Juillet-Aout),2009,8,28,240,501.4054
-12.625,13.125,2009-08-28,C0_plus_intense + C7_plus_intense,2009-08-28_003_019,18.08361053466797,0.4715638756752014,12.47113037109375,False,False,moderee,normale,Tambacounda,Zone soudanienne,Phase_2_pleine,Pleine saison (Juillet-Aout),2009,8,28,240,528.5084
-12.375,13.125,2009-08-28,C0_plus_intense + C7_plus_intense,2009-08-28_003_020,22.1984920501709,0.6868466734886169,13.151335716247559,False,True,forte,normale,Tambacounda,Zone soudanienne,Phase_2_pleine,Pleine saison (Juillet-Aout),2009,8,28,240,555.61145
-12.125,13.125,2009-08-28,C0_plus_intense + C7_plus_intense,2009-08-28_003_021,19.155921936035156,0.47767704725265503,13.039669036865234,False,False,moderee,normale,Tambacounda,Zone soudanienne,Phase_2_pleine,Pleine saison (Juillet-Aout),2009,8,28,240,582.71436
-11.875,13.125,2009-08-28,C0_plus_intense + C7_plus_intense,2009-08-28_003_022,10.458083152770996,-0.10086338967084885,11.836002349853516,False,False,moderee,normale,Tambacounda,Zone soudanienne,Phase_2_pleine,Pleine saison (Juillet-Aout),2009,8,28,240,609.8174
-11.625,13.125,2009-08-28,C0_plus_intense + C7_plus_intense,2009-08-28_003_023,6.309683799743652,-0.4160315990447998,11.438361167907715,False,False,moderee,normale,Tambacounda,Zone soudanienne,Phase_2_pleine,Pleine saison (Juillet-Aout),2009,8,28,240,636.9204
-15.125,13.375,2009-08-28,C0_plus_intense + C7_plus_intense,2009-08-28_004_009,26.371538162231445,1.6039732694625854,10.4630708694458,False,True,forte,humide,Kolda,Zone soudanienne,Phase_2_pleine,Pleine saison (Juillet-Aout),2009,8,28,240,257.21408
-14.875,13.375,2009-08-28,C0_plus_intense + C7_plus_intense,2009-08-28_004_010,28.148422241210938,1.7623019218444824,10.409626960754395,False,True,forte,humide,Kolda,Zone soudanienne,Phase_2_pleine,Pleine saison (Juillet-Aout),2009,8,28,240,284.2892
-13.625,13.375,2009-08-28,C0_plus_intense + C7_plus_intense,2009-08-28_004_015,5.307555675506592,-0.3790786564350128,9.43532657623291,False,False,moderee,normale,Tambacounda,Zone soudanienne,Phase_2_pleine,Pleine saison (Juillet-Aout),2009,8,28,240,419.66504
-13.375,13.375,2009-08-28,C0_plus_intense + C7_plus_intense,2009-08-28_004_016,4.364169120788574,-0.4750329256057739,9.2384672164917,False,False,faible,normale,Tambacounda,Zone soudanienne,Phase_2_pleine,Pleine saison (Juillet-Aout),2009,8,28,240,446.7402
-13.125,13.375,2009-08-28,C0_plus_intense + C7_plus_intense,2009-08-28_004_017,1.7513967752456665,-0.7775910496711731,10.182174682617188,False,False,faible,normale,Tambacounda,Zone soudanienne,Phase_2_pleine,Pleine saison (Juillet-Aout),2009,8,28,240,473.81537
-12.875,13.375,2009-08-28,C0_plus_intense + C7_plus_intense,2009-08-28_004_018,7.754510402679443,-0.27599361538887024,10.810476303100586,False,False,moderee,normale,Tambacounda,Zone soudanienne,Phase_2_pleine,Pleine saison (Juillet-Aout),2009,8,28,240,500.89053
-12.625,13.375,2009-08-28,C0_plus_intense + C7_plus_intense,2009-08-28_004_019,16.001848220825195,0.38354620337486267,11.689726829528809,False,False,moderee,normale,Tambacounda,Zone soudanienne,Phase_2_pleine,Pleine saison (Juillet-Aout),2009,8,28,240,527.9657
-12.375,13.375,2009-08-28,C0_plus_intense + C7_plus_intense,2009-08-28_004_020,21.651872634887695,0.8654018640518188,11.676332473754883,False,True,forte,normale,Tambacounda,Zone soudanienne,Phase_2_pleine,Pleine saison (Juillet-Aout),2009,8,28,240,555.0409
-12.125,13.375,2009-08-28,C0_plus_intense + C7_plus_intense,2009-08-28_004_021,12.038344383239746,0.10252998769283295,10.924931526184082,False,False,moderee,normale,Tambacounda,Zone soudanienne,Phase_2_pleine,Pleine saison (Juillet-Aout),2009,8,28,240,582.116
-11.875,13.375,2009-08-28,C0_plus_intense + C7_plus_intense,2009-08-28_004_022,7.543006420135498,-0.3074021339416504,11.232549667358398,False,False,moderee,normale,Tambacounda,Zone soudanienne,Phase_2_pleine,Pleine saison (Juillet-Aout),2009,8,28,240,609.19116
-11.625,13.375,2009-08-28,C0_plus_intense + C7_plus_intense,2009-08-28_004_023,2.45904278755188,-0.6648691892623901,11.167482376098633,False,False,faible,normale,Tambacounda,Zone soudanienne,Phase_2_pleine,Pleine saison (Juillet-Aout),2009,8,28,240,636.26636
-16.375,13.625,2009-08-28,C0_plus_intense + C7_plus_intense,2009-08-28_005_004,41.169960021972656,2.8459842205047607,10.973872184753418,True,True,forte,tres humide,Kaolack,Zone soudano-sahélienne,Phase_2_pleine,Pleine saison (Juillet-Aout),2009,8,28,240,121.71068
-16.125,13.625,2009-08-28,C0_plus_intense + C7_plus_intense,2009-08-28_005_005,36.83203125,2.5874242782592773,10.129966735839844,True,True,forte,tres humide,Kaolack,Zone soudano-sahélienne,Phase_2_pleine,Pleine saison (Juillet-Aout),2009,8,28,240,148.75749
-15.875,13.625,2009-08-28,C0_plus_intense + C7_plus_intense,2009-08-28_005_006,25.2315731048584,1.7463383674621582,9.563453674316406,False,True,forte,humide,Kaffrine,Zone soudano-sahélienne,Phase_2_pleine,Pleine saison (Juillet-Aout),2009,8,28,240,175.80432
-15.625,13.625,2009-08-28,C0_plus_intense + C7_plus_intense,2009-08-28_005_007,29.29468536376953,2.050825357437134,10.203422546386719,True,True,forte,tres humide,Kaffrine,Zone soudano-sahélienne,Phase_2_pleine,Pleine saison (Juillet-Aout),2009,8,28,240,202.85114
-14.375,13.625,2009-08-28,C0_plus_intense + C7_plus_intense,2009-08-28_005_012,33.476680755615234,2.1942873001098633,8.73219108581543,True,True,forte,tres humide,Tambacounda,Zone soudano-sahélienne,Phase_2_pleine,Pleine saison (Juillet-Aout),2009,8,28,240,338.0852
-14.125,13.625,2009-08-28,C0_plus_intense + C7_plus_intense,2009-08-28_005_013,27.67630386352539,1.6157104969024658,8.748175621032715,False,True,forte,humide,Tambacounda,Zone soudano-sahélienne,Phase_2_pleine,Pleine saison (Juillet-Aout),2009,8,28,240,365.13202
-13.875,13.625,2009-08-28,C0_plus_intense + C7_plus_intense,2009-08-28_005_014,19.518959045410156,0.9843018651008606,8.490110397338867,False,False,moderee,normale,Tambacounda,Zone soudano-sahélienne,Phase_2_pleine,Pleine saison (Juillet-Aout),2009,8,28,240,392.17886
-13.625,13.625,2009-08-28,C0_plus_intense + C7_plus_intense,2009-08-28_005_015,8.488112449645996,0.058078452944755554,7.94611930847168,False,False,moderee,normale,Tambacounda,Zone soudano-sahélienne,Phase_2_pleine,Pleine saison (Juillet-Aout),2009,8,28,240,419.22565
-13.375,13.625,2009-08-28,C0_plus_intense + C7_plus_intense,2009-08-28_005_016,4.321378707885742,-0.43702253699302673,8.433992385864258,False,False,faible,normale,Tambacounda,Zone soudano-sahélienne,Phase_2_pleine,Pleine saison (Juillet-Aout),2009,8,28,240,446.2725
-13.125,13.625,2009-08-28,C0_plus_intense + C7_plus_intense,2009-08-28_005_017,0.0,-0.9171514511108398,9.456438064575195,False,False,trace,normale,Tambacounda,Zone soudano-sahélienne,Phase_2_pleine,Pleine saison (Juillet-Aout),2009,8,28,240,473.3193
-12.875,13.625,2009-08-28,C0_plus_intense + C7_plus_intense,2009-08-28_005_018,0.8896068334579468,-0.8557916879653931,10.062005043029785,False,False,trace,normale,Tambacounda,Zone soudano-sahélienne,Phase_2_pleine,Pleine saison (Juillet-Aout),2009,8,28,240,500.3661
-12.625,13.625,2009-08-28,C0_plus_intense + C7_plus_intense,2009-08-28_005_019,12.323840141296387,0.16932107508182526,10.33682632446289,False,False,moderee,normale,Tambacounda,Zone soudano-sahélienne,Phase_2_pleine,Pleine saison (Juillet-Aout),2009,8,28,240,527.4129
-12.375,13.625,2009-08-28,C0_plus_intense + C7_plus_intense,2009-08-28_005_020,11.336389541625977,0.18736718595027924,9.398749351501465,False,False,moderee,normale,Tambacounda,Zone soudano-sahélienne,Phase_2_pleine,Pleine saison (Juillet-Aout),2009,8,28,240,554.4598
-12.125,13.625,2009-08-28,C0_plus_intense + C7_plus_intense,2009-08-28_005_021,9.750872611999512,-0.05429263785481453,10.344461441040039,False,False,moderee,normale,Tambacounda,Zone soudano-sahélienne,Phase_2_pleine,Pleine saison (Juillet-Aout),2009,8,28,240,581.50653
-16.625,13.875,2009-08-28,C0_plus_intense + C7_plus_intense,2009-08-28_006_003,52.45878219604492,2.9621880054473877,12.467549324035645,True,True,tres forte,tres humide,Fatick,Zone soudano-sahélienne,Phase_2_pleine,Pleine saison (Juillet-Aout),2009,8,28,240,94.562836
-16.375,13.875,2009-08-28,C0_plus_intense + C7_plus_intense,2009-08-28_006_004,40.82404327392578,3.0448086261749268,10.062981605529785,True,True,forte,exceptionnelle,Fatick,Zone soudano-sahélienne,Phase_2_pleine,Pleine saison (Juillet-Aout),2009,8,28,240,121.580795
-16.125,13.875,2009-08-28,C0_plus_intense + C7_plus_intense,2009-08-28_006_005,35.148231506347656,2.625495195388794,9.951272964477539,True,True,forte,tres humide,Fatick,Zone soudano-sahélienne,Phase_2_pleine,Pleine saison (Juillet-Aout),2009,8,28,240,148.59875
-15.875,13.875,2009-08-28,C0_plus_intense + C7_plus_intense,2009-08-28_006_006,26.913957595825195,1.812062382698059,9.807727813720703,False,True,forte,humide,Kaolack,Zone soudano-sahélienne,Phase_2_pleine,Pleine saison (Juillet-Aout),2009,8,28,240,175.6167
-15.625,13.875,2009-08-28,C0_plus_intense + C7_plus_intense,2009-08-28_006_007,26.197494506835938,1.680988073348999,10.182552337646484,False,True,forte,humide,Kaolack,Zone soudano-sahélienne,Phase_2_pleine,Pleine saison (Juillet-Aout),2009,8,28,240,202.63466
-15.375,13.875,2009-08-28,C0_plus_intense + C7_plus_intense,2009-08-28_006_008,23.971471786499023,1.4107487201690674,10.567169189453125,False,True,forte,humide,Kaffrine,Zone soudano-sahélienne,Phase_2_pleine,Pleine saison (Juillet-Aout),2009,8,28,240,229.6526
-15.125,13.875,2009-08-28,C0_plus_intense + C7_plus_intense,2009-08-28_006_009,14.159300804138184,0.5092915296554565,9.098276138305664,False,False,moderee,normale,Kaffrine,Zone soudano-sahélienne,Phase_2_pleine,Pleine saison (Juillet-Aout),2009,8,28,240,256.67056
-14.875,13.875,2009-08-28,C0_plus_intense + C7_plus_intense,2009-08-28_006_010,20.246906280517578,1.181107521057129,8.439021110534668,False,True,forte,humide,Kaffrine,Zone soudano-sahélienne,Phase_2_pleine,Pleine saison (Juillet-Aout),2009,8,28,240,283.6885
-14.625,13.875,2009-08-28,C0_plus_intense + C7_plus_intense,2009-08-28_006_011,29.22662925720215,2.098191022872925,7.935150146484375,True,True,forte,tres humide,Kaffrine,Zone soudano-sahélienne,Phase_2_pleine,Pleine saison (Juillet-Aout),2009,8,28,240,310.70648
-14.375,13.875,2009-08-28,C0_plus_intense + C7_plus_intense,2009-08-28_006_012,28.588743209838867,1.984741449356079,7.663630485534668,False,True,forte,humide,Tambacounda,Zone soudano-sahélienne,Phase_2_pleine,Pleine saison (Juillet-Aout),2009,8,28,240,337.72443
-14.125,13.875,2009-08-28,C0_plus_intense + C7_plus_intense,2009-08-28_006_013,19.46866798400879,1.0933303833007812,7.412007808685303,False,False,moderee,humide,Tambacounda,Zone soudano-sahélienne,Phase_2_pleine,Pleine saison (Juillet-Aout),2009,8,28,240,364.74237
-13.875,13.875,2009-08-28,C0_plus_intense + C7_plus_intense,2009-08-28_006_014,5.9283552169799805,-0.07719597965478897,6.657796382904053,False,False,moderee,normale,Tambacounda,Zone soudano-sahélienne,Phase_2_pleine,Pleine saison (Juillet-Aout),2009,8,28,240,391.76035
-13.625,13.875,2009-08-28,C0_plus_intense + C7_plus_intense,2009-08-28_006_015,2.8996779918670654,-0.42415377497673035,6.854775905609131,False,False,faible,normale,Tambacounda,Zone soudano-sahélienne,Phase_2_pleine,Pleine saison (Juillet-Aout),2009,8,28,240,418.7783
-13.375,13.875,2009-08-28,C0_plus_intense + C7_plus_intense,2009-08-28_006_016,1.7860019207000732,-0.5756672620773315,6.761662006378174,False,False,faible,normale,Tambacounda,Zone soudano-sahélienne,Phase_2_pleine,Pleine saison (Juillet-Aout),2009,8,28,240,445.79623
-13.125,13.875,2009-08-28,C0_plus_intense + C7_plus_intense,2009-08-28_006_017,0.0,-0.8531924486160278,8.034435272216797,False,False,trace,normale,Tambacounda,Zone soudano-sahélienne,Phase_2_pleine,Pleine saison (Juillet-Aout),2009,8,28,240,472.81418
-12.875,13.875,2009-08-28,C0_plus_intense + C7_plus_intense,2009-08-28_006_018,0.5051426887512207,-0.816676914691925,8.687662124633789,False,False,trace,normale,Tambacounda,Zone soudano-sahélienne,Phase_2_pleine,Pleine saison (Juillet-Aout),2009,8,28,240,499.83212
-12.625,13.875,2009-08-28,C0_plus_intense + C7_plus_intense,2009-08-28_006_019,7.005602836608887,-0.12362930923700333,8.32517147064209,False,False,moderee,normale,Tambacounda,Zone soudano-sahélienne,Phase_2_pleine,Pleine saison (Juillet-Aout),2009,8,28,240,526.8501
-12.375,13.875,2009-08-28,C0_plus_intense + C7_plus_intense,2009-08-28_006_020,6.906336784362793,-0.09647229313850403,7.811429977416992,False,False,moderee,normale,Tambacounda,Zone soudano-sahélienne,Phase_2_pleine,Pleine saison (Juillet-Aout),2009,8,28,240,553.86804
-12.125,13.875,2009-08-28,C0_plus_intense + C7_plus_intense,2009-08-28_006_021,2.006537437438965,-0.7148433327674866,8.547103881835938,False,False,faible,normale,Tambacounda,Zone soudano-sahélienne,Phase_2_pleine,Pleine saison (Juillet-Aout),2009,8,28,240,580.886
-16.625,14.125,2009-08-28,C0_plus_intense + C7_plus_intense,2009-08-28_007_003,39.40105056762695,2.309971570968628,11.12508487701416,True,True,forte,tres humide,Fatick,Zone soudano-sahélienne,Phase_2_pleine,Pleine saison (Juillet-Aout),2009,8,28,240,94.460014
-16.375,14.125,2009-08-28,C0_plus_intense + C7_plus_intense,2009-08-28_007_004,31.829486846923828,2.044126510620117,9.829972267150879,True,True,forte,tres humide,Fatick,Zone soudano-sahélienne,Phase_2_pleine,Pleine saison (Juillet-Aout),2009,8,28,240,121.44859
-16.125,14.125,2009-08-28,C0_plus_intense + C7_plus_intense,2009-08-28_007_005,20.62038803100586,1.154296636581421,9.351265907287598,False,True,forte,humide,Fatick,Zone soudano-sahélienne,Phase_2_pleine,Pleine saison (Juillet-Aout),2009,8,28,240,148.43718
-15.875,14.125,2009-08-28,C0_plus_intense + C7_plus_intense,2009-08-28_007_006,16.829618453979492,0.8573956489562988,8.83853530883789,False,False,moderee,normale,Kaolack,Zone soudano-sahélienne,Phase_2_pleine,Pleine saison (Juillet-Aout),2009,8,28,240,175.42575
-15.625,14.125,2009-08-28,C0_plus_intense + C7_plus_intense,2009-08-28_007_007,17.050048828125,0.8825647234916687,8.777173042297363,False,False,moderee,normale,Kaolack,Zone soudano-sahélienne,Phase_2_pleine,Pleine saison (Juillet-Aout),2009,8,28,240,202.41434
-15.375,14.125,2009-08-28,C0_plus_intense + C7_plus_intense,2009-08-28_007_008,21.028770446777344,1.2461663484573364,8.241061210632324,False,True,forte,humide,Kaffrine,Zone soudano-sahélienne,Phase_2_pleine,Pleine saison (Juillet-Aout),2009,8,28,240,229.4029
-15.125,14.125,2009-08-28,C0_plus_intense + C7_plus_intense,2009-08-28_007_009,18.469013214111328,1.1192861795425415,7.624882698059082,False,False,moderee,humide,Kaffrine,Zone soudano-sahélienne,Phase_2_pleine,Pleine saison (Juillet-Aout),2009,8,28,240,256.39148
-14.875,14.125,2009-08-28,C0_plus_intense + C7_plus_intense,2009-08-28_007_010,21.637056350708008,1.6047759056091309,6.914239883422852,False,True,forte,humide,Kaffrine,Zone soudano-sahélienne,Phase_2_pleine,Pleine saison (Juillet-Aout),2009,8,28,240,283.38007
-14.625,14.125,2009-08-28,C0_plus_intense + C7_plus_intense,2009-08-28_007_011,28.5054874420166,2.337268829345703,6.944418907165527,True,True,forte,tres humide,Kaffrine,Zone soudano-sahélienne,Phase_2_pleine,Pleine saison (Juillet-Aout),2009,8,28,240,310.36865
-14.375,14.125,2009-08-28,C0_plus_intense + C7_plus_intense,2009-08-28_007_012,28.260953903198242,2.187236785888672,6.86372709274292,True,True,forte,tres humide,Tambacounda,Zone soudano-sahélienne,Phase_2_pleine,Pleine saison (Juillet-Aout),2009,8,28,240,337.3572
-14.125,14.125,2009-08-28,C0_plus_intense + C7_plus_intense,2009-08-28_007_013,17.321823120117188,1.1078143119812012,6.371027946472168,False,False,moderee,humide,Tambacounda,Zone soudano-sahélienne,Phase_2_pleine,Pleine saison (Juillet-Aout),2009,8,28,240,364.34576
-13.875,14.125,2009-08-28,C0_plus_intense + C7_plus_intense,2009-08-28_007_014,6.053381443023682,-0.03237487003207207,6.375023365020752,False,False,moderee,normale,Tambacounda,Zone soudano-sahélienne,Phase_2_pleine,Pleine saison (Juillet-Aout),2009,8,28,240,391.33438
-13.625,14.125,2009-08-28,C0_plus_intense + C7_plus_intense,2009-08-28_007_015,5.535407543182373,-0.11589404195547104,6.781250476837158,False,False,moderee,normale,Tambacounda,Zone soudano-sahélienne,Phase_2_pleine,Pleine saison (Juillet-Aout),2009,8,28,240,418.32294
-13.375,14.125,2009-08-28,C0_plus_intense + C7_plus_intense,2009-08-28_007_016,1.347891092300415,-0.5372318029403687,5.876399040222168,False,False,faible,normale,Tambacounda,Zone soudano-sahélienne,Phase_2_pleine,Pleine saison (Juillet-Aout),2009,8,28,240,445.31152
-13.125,14.125,2009-08-28,C0_plus_intense + C7_plus_intense,2009-08-28_007_017,0.0,-0.747841477394104,6.465600490570068,False,False,trace,normale,Tambacounda,Zone soudano-sahélienne,Phase_2_pleine,Pleine saison (Juillet-Aout),2009,8,28,240,472.30008
-12.875,14.125,2009-08-28,C0_plus_intense + C7_plus_intense,2009-08-28_007_018,0.1962699443101883,-0.7213276624679565,7.406918048858643,False,False,trace,normale,Tambacounda,Zone soudano-sahélienne,Phase_2_pleine,Pleine saison (Juillet-Aout),2009,8,28,240,499.28867
-12.625,14.125,2009-08-28,C0_plus_intense + C7_plus_intense,2009-08-28_007_019,1.5481171607971191,-0.5936964750289917,7.4742112159729,False,False,faible,normale,Tambacounda,Zone soudano-sahélienne,Phase_2_pleine,Pleine saison (Juillet-Aout),2009,8,28,240,526.2772
-12.375,14.125,2009-08-28,C0_plus_intense + C7_plus_intense,2009-08-28_007_020,1.5017294883728027,-0.620930552482605,7.205307960510254,False,False,faible,normale,Tambacounda,Zone soudano-sahélienne,Phase_2_pleine,Pleine saison (Juillet-Aout),2009,8,28,240,553.2658
-12.125,14.125,2009-08-28,C0_plus_intense + C7_plus_intense,2009-08-28_007_021,2.2774906158447266,-0.515263020992279,6.993496894836426,False,False,faible,normale,Tambacounda,Zone soudano-sahélienne,Phase_2_pleine,Pleine saison (Juillet-Aout),2009,8,28,240,580.2544
-16.875,14.375,2009-08-28,C0_plus_intense + C7_plus_intense,2009-08-28_008_002,31.294170379638672,1.9296085834503174,9.285273551940918,False,True,forte,humide,Thiès,Zone soudano-sahélienne,Phase_2_pleine,Pleine saison (Juillet-Aout),2009,8,28,240,67.39671
-16.625,14.375,2009-08-28,C0_plus_intense + C7_plus_intense,2009-08-28_008_003,27.9941349029541,1.7766302824020386,9.374945640563965,False,True,forte,humide,Fatick,Zone soudano-sahélienne,Phase_2_pleine,Pleine saison (Juillet-Aout),2009,8,28,240,94.3554
-16.375,14.375,2009-08-28,C0_plus_intense + C7_plus_intense,2009-08-28_008_004,25.597829818725586,1.5470280647277832,9.176502227783203,False,True,forte,humide,Diourbel,Zone soudano-sahélienne,Phase_2_pleine,Pleine saison (Juillet-Aout),2009,8,28,240,121.314095
-16.125,14.375,2009-08-28,C0_plus_intense + C7_plus_intense,2009-08-28_008_005,22.312274932861328,1.608948826789856,7.787285327911377,False,True,forte,humide,Diourbel,Zone soudano-sahélienne,Phase_2_pleine,Pleine saison (Juillet-Aout),2009,8,28,240,148.27278
-15.875,14.375,2009-08-28,C0_plus_intense + C7_plus_intense,2009-08-28_008_006,17.602067947387695,1.1135499477386475,8.012818336486816,False,False,moderee,humide,Diourbel,Zone soudano-sahélienne,Phase_2_pleine,Pleine saison (Juillet-Aout),2009,8,28,240,175.23148
-15.625,14.375,2009-08-28,C0_plus_intense + C7_plus_intense,2009-08-28_008_007,23.688711166381836,1.6524314880371094,7.747873783111572,False,True,forte,humide,Kaolack,Zone soudano-sahélienne,Phase_2_pleine,Pleine saison (Juillet-Aout),2009,8,28,240,202.19016
-15.375,14.375,2009-08-28,C0_plus_intense + C7_plus_intense,2009-08-28_008_008,28.860183715820312,2.0618999004364014,7.584665775299072,True,True,forte,tres humide,Kaffrine,Zone soudano-sahélienne,Phase_2_pleine,Pleine saison (Juillet-Aout),2009,8,28,240,229.14883
-15.125,14.375,2009-08-28,C0_plus_intense + C7_plus_intense,2009-08-28_008_009,26.172117233276367,2.032017230987549,6.7337541580200195,True,True,forte,tres humide,Kaffrine,Zone soudano-sahélienne,Phase_2_pleine,Pleine saison (Juillet-Aout),2009,8,28,240,256.10754
-14.875,14.375,2009-08-28,C0_plus_intense + C7_plus_intense,2009-08-28_008_010,17.636104583740234,1.349002718925476,5.730253219604492,False,False,moderee,humide,Kaffrine,Zone soudano-sahélienne,Phase_2_pleine,Pleine saison (Juillet-Aout),2009,8,28,240,283.06622
-14.625,14.375,2009-08-28,C0_plus_intense + C7_plus_intense,2009-08-28_008_011,12.075222969055176,0.7937004566192627,5.65045166015625,False,False,moderee,normale,Kaffrine,Zone soudano-sahélienne,Phase_2_pleine,Pleine saison (Juillet-Aout),2009,8,28,240,310.0249
-14.375,14.375,2009-08-28,C0_plus_intense + C7_plus_intense,2009-08-28_008_012,16.159549713134766,1.4183095693588257,5.041573524475098,False,False,moderee,humide,Tambacounda,Zone soudano-sahélienne,Phase_2_pleine,Pleine saison (Juillet-Aout),2009,8,28,240,336.98358
-14.125,14.375,2009-08-28,C0_plus_intense + C7_plus_intense,2009-08-28_008_013,9.515982627868652,0.473662793636322,4.843520164489746,False,False,moderee,normale,Tambacounda,Zone soudano-sahélienne,Phase_2_pleine,Pleine saison (Juillet-Aout),2009,8,28,240,363.94226
-13.875,14.375,2009-08-28,C0_plus_intense + C7_plus_intense,2009-08-28_008_014,5.495699882507324,-0.005953303538262844,5.5573811531066895,False,False,moderee,normale,Tambacounda,Zone soudano-sahélienne,Phase_2_pleine,Pleine saison (Juillet-Aout),2009,8,28,240,390.90097
-13.625,14.375,2009-08-28,C0_plus_intense + C7_plus_intense,2009-08-28_008_015,5.078820705413818,-0.03981148824095726,5.471408367156982,False,False,moderee,normale,Tambacounda,Zone soudano-sahélienne,Phase_2_pleine,Pleine saison (Juillet-Aout),2009,8,28,240,417.85965
-13.375,14.375,2009-08-28,C0_plus_intense + C7_plus_intense,2009-08-28_008_016,0.7076296806335449,-0.47649696469306946,5.377326965332031,False,False,trace,normale,Tambacounda,Zone soudano-sahélienne,Phase_2_pleine,Pleine saison (Juillet-Aout),2009,8,28,240,444.81833
-13.125,14.375,2009-08-28,C0_plus_intense + C7_plus_intense,2009-08-28_008_017,0.0,-0.5680646896362305,5.895931243896484,False,False,trace,normale,Tambacounda,Zone soudano-sahélienne,Phase_2_pleine,Pleine saison (Juillet-Aout),2009,8,28,240,471.777
-12.875,14.375,2009-08-28,C0_plus_intense + C7_plus_intense,2009-08-28_008_018,0.39438396692276,-0.5578302145004272,6.431921482086182,False,False,trace,normale,Tambacounda,Zone soudano-sahélienne,Phase_2_pleine,Pleine saison (Juillet-Aout),2009,8,28,240,498.7357
-12.625,14.375,2009-08-28,C0_plus_intense + C7_plus_intense,2009-08-28_008_019,0.0,-0.609778881072998,7.0044989585876465,False,False,trace,normale,Tambacounda,Zone soudano-sahélienne,Phase_2_pleine,Pleine saison (Juillet-Aout),2009,8,28,240,525.6944
-12.375,14.375,2009-08-28,C0_plus_intense + C7_plus_intense,2009-08-28_008_020,0.0,-0.6724537014961243,7.283919811248779,False,False,trace,normale,Tambacounda,Zone soudano-sahélienne,Phase_2_pleine,Pleine saison (Juillet-Aout),2009,8,28,240,552.6531
-17.125,14.625,2009-08-28,C0_plus_intense + C7_plus_intense,2009-08-28_009_001,25.289451599121094,2.1369740962982178,7.637801647186279,True,True,forte,tres humide,Dakar,Zone soudano-sahélienne,Phase_2_pleine,Pleine saison (Juillet-Aout),2009,8,28,240,40.39242
-16.875,14.625,2009-08-28,C0_plus_intense + C7_plus_intense,2009-08-28_009_002,30.640413284301758,2.230565309524536,8.558531761169434,True,True,forte,tres humide,Thiès,Zone soudano-sahélienne,Phase_2_pleine,Pleine saison (Juillet-Aout),2009,8,28,240,67.3207
-16.625,14.625,2009-08-28,C0_plus_intense + C7_plus_intense,2009-08-28_009_003,32.14140701293945,2.1502275466918945,9.061036109924316,True,True,forte,tres humide,Thiès,Zone soudano-sahélienne,Phase_2_pleine,Pleine saison (Juillet-Aout),2009,8,28,240,94.248985
-16.375,14.625,2009-08-28,C0_plus_intense + C7_plus_intense,2009-08-28_009_004,27.664016723632812,1.746155023574829,8.774897575378418,False,True,forte,humide,Diourbel,Zone soudano-sahélienne,Phase_2_pleine,Pleine saison (Juillet-Aout),2009,8,28,240,121.17728
-16.125,14.625,2009-08-28,C0_plus_intense + C7_plus_intense,2009-08-28_009_005,24.9222412109375,1.669980764389038,8.156368255615234,False,True,forte,humide,Diourbel,Zone soudano-sahélienne,Phase_2_pleine,Pleine saison (Juillet-Aout),2009,8,28,240,148.10556
-15.875,14.625,2009-08-28,C0_plus_intense + C7_plus_intense,2009-08-28_009_006,23.128093719482422,1.3931022882461548,8.097648620605469,False,True,forte,humide,Diourbel,Zone soudano-sahélienne,Phase_2_pleine,Pleine saison (Juillet-Aout),2009,8,28,240,175.03384
-15.625,14.625,2009-08-28,C0_plus_intense + C7_plus_intense,2009-08-28_009_007,31.29045867919922,2.0070154666900635,8.391519546508789,True,True,forte,tres humide,Kaffrine,Zone soudano-sahélienne,Phase_2_pleine,Pleine saison (Juillet-Aout),2009,8,28,240,201.96213
-15.375,14.625,2009-08-28,C0_plus_intense + C7_plus_intense,2009-08-28_009_008,33.381622314453125,2.3128247261047363,7.605743885040283,True,True,forte,tres humide,Kaffrine,Zone soudano-sahélienne,Phase_2_pleine,Pleine saison (Juillet-Aout),2009,8,28,240,228.8904
-15.125,14.625,2009-08-28,C0_plus_intense + C7_plus_intense,2009-08-28_009_009,28.25253677368164,1.9656018018722534,7.228054523468018,False,True,forte,humide,Kaffrine,Zone soudano-sahélienne,Phase_2_pleine,Pleine saison (Juillet-Aout),2009,8,28,240,255.8187
-14.875,14.625,2009-08-28,C0_plus_intense + C7_plus_intense,2009-08-28_009_010,20.893625259399414,1.6595587730407715,5.986316680908203,False,True,forte,humide,Kaffrine,Zone soudano-sahélienne,Phase_2_pleine,Pleine saison (Juillet-Aout),2009,8,28,240,282.74698
-14.625,14.625,2009-08-28,C0_plus_intense + C7_plus_intense,2009-08-28_009_011,16.741119384765625,1.1940524578094482,5.729551792144775,False,False,moderee,humide,Kaffrine,Zone soudano-sahélienne,Phase_2_pleine,Pleine saison (Juillet-Aout),2009,8,28,240,309.67526
-14.375,14.625,2009-08-28,C0_plus_intense + C7_plus_intense,2009-08-28_009_012,9.594781875610352,0.5849400758743286,4.692363262176514,False,False,moderee,normale,Tambacounda,Zone soudano-sahélienne,Phase_2_pleine,Pleine saison (Juillet-Aout),2009,8,28,240,336.60355
-14.125,14.625,2009-08-28,C0_plus_intense + C7_plus_intense,2009-08-28_009_013,7.257359504699707,0.24287591874599457,4.995941162109375,False,False,moderee,normale,Tambacounda,Zone soudano-sahélienne,Phase_2_pleine,Pleine saison (Juillet-Aout),2009,8,28,240,363.5318
-13.875,14.625,2009-08-28,C0_plus_intense + C7_plus_intense,2009-08-28_009_014,6.230264186859131,0.07815015316009521,5.443197727203369,False,False,moderee,normale,Tambacounda,Zone soudano-sahélienne,Phase_2_pleine,Pleine saison (Juillet-Aout),2009,8,28,240,390.4601
-13.625,14.625,2009-08-28,C0_plus_intense + C7_plus_intense,2009-08-28_009_015,3.0819709300994873,-0.22688712179660797,5.645670413970947,False,False,faible,normale,Tambacounda,Zone soudano-sahélienne,Phase_2_pleine,Pleine saison (Juillet-Aout),2009,8,28,240,417.38837
-13.375,14.625,2009-08-28,C0_plus_intense + C7_plus_intense,2009-08-28_009_016,0.0,-0.5953343510627747,5.96730375289917,False,False,trace,normale,Tambacounda,Zone soudano-sahélienne,Phase_2_pleine,Pleine saison (Juillet-Aout),2009,8,28,240,444.31668
-13.125,14.625,2009-08-28,C0_plus_intense + C7_plus_intense,2009-08-28_009_017,0.0,-0.5962331891059875,6.128434181213379,False,False,trace,normale,Tambacounda,Zone soudano-sahélienne,Phase_2_pleine,Pleine saison (Juillet-Aout),2009,8,28,240,471.24493
-12.875,14.625,2009-08-28,C0_plus_intense + C7_plus_intense,2009-08-28_009_018,0.0,-0.5787726044654846,6.276613235473633,False,False,trace,normale,Tambacounda,Zone soudano-sahélienne,Phase_2_pleine,Pleine saison (Juillet-Aout),2009,8,28,240,498.17322
-12.625,14.625,2009-08-28,C0_plus_intense + C7_plus_intense,2009-08-28_009_019,3.3011443614959717,-0.3654934763908386,7.227200508117676,False,False,faible,normale,Tambacounda,Zone soudano-sahélienne,Phase_2_pleine,Pleine saison (Juillet-Aout),2009,8,28,240,525.1015
-12.375,14.625,2009-08-28,C0_plus_intense + C7_plus_intense,2009-08-28_009_020,1.3764762878417969,-0.5941674709320068,7.473557472229004,False,False,faible,normale,Tambacounda,Zone soudano-sahélienne,Phase_2_pleine,Pleine saison (Juillet-Aout),2009,8,28,240,552.0298
-17.125,14.875,2009-08-28,C0_plus_intense + C7_plus_intense,2009-08-28_010_001,30.616605758666992,2.420581340789795,7.941830635070801,True,True,forte,tres humide,Thiès,Zone soudano-sahélienne,Phase_2_pleine,Pleine saison (Juillet-Aout),2009,8,28,240,40.346046
-16.875,14.875,2009-08-28,C0_plus_intense + C7_plus_intense,2009-08-28_010_002,30.919031143188477,2.6055028438568115,7.163914203643799,True,True,forte,tres humide,Thiès,Zone soudano-sahélienne,Phase_2_pleine,Pleine saison (Juillet-Aout),2009,8,28,240,67.243416
-16.625,14.875,2009-08-28,C0_plus_intense + C7_plus_intense,2009-08-28_010_003,29.965246200561523,2.513801336288452,6.962886333465576,True,True,forte,tres humide,Thiès,Zone soudano-sahélienne,Phase_2_pleine,Pleine saison (Juillet-Aout),2009,8,28,240,94.14078
-16.375,14.875,2009-08-28,C0_plus_intense + C7_plus_intense,2009-08-28_010_004,27.6801815032959,2.1717042922973633,6.977600574493408,True,True,forte,tres humide,Diourbel,Zone soudano-sahélienne,Phase_2_pleine,Pleine saison (Juillet-Aout),2009,8,28,240,121.03815
-16.125,14.875,2009-08-28,C0_plus_intense + C7_plus_intense,2009-08-28_010_005,27.623472213745117,1.971064567565918,7.125730514526367,False,True,forte,humide,Diourbel,Zone soudano-sahélienne,Phase_2_pleine,Pleine saison (Juillet-Aout),2009,8,28,240,147.93552
-15.875,14.875,2009-08-28,C0_plus_intense + C7_plus_intense,2009-08-28_010_006,24.334373474121094,1.589722752571106,7.4645562171936035,False,True,forte,humide,Diourbel,Zone soudano-sahélienne,Phase_2_pleine,Pleine saison (Juillet-Aout),2009,8,28,240,174.83289
-15.625,14.875,2009-08-28,C0_plus_intense + C7_plus_intense,2009-08-28_010_007,36.74485778808594,2.79223895072937,7.238175392150879,True,True,forte,tres humide,Diourbel,Zone soudano-sahélienne,Phase_2_pleine,Pleine saison (Juillet-Aout),2009,8,28,240,201.73026
-15.375,14.875,2009-08-28,C0_plus_intense + C7_plus_intense,2009-08-28_010_008,30.967344284057617,2.5345020294189453,6.738291263580322,True,True,forte,tres humide,Kaffrine,Zone soudano-sahélienne,Phase_2_pleine,Pleine saison (Juillet-Aout),2009,8,28,240,228.62761
-15.125,14.875,2009-08-28,C0_plus_intense + C7_plus_intense,2009-08-28_010_009,28.32038116455078,1.8518645763397217,6.976069450378418,False,True,forte,humide,Kaffrine,Zone soudano-sahélienne,Phase_2_pleine,Pleine saison (Juillet-Aout),2009,8,28,240,255.525
-14.875,14.875,2009-08-28,C0_plus_intense + C7_plus_intense,2009-08-28_010_010,25.4359073638916,1.6731233596801758,6.498706340789795,False,True,forte,humide,Kaffrine,Zone soudano-sahélienne,Phase_2_pleine,Pleine saison (Juillet-Aout),2009,8,28,240,282.42233
-14.625,14.875,2009-08-28,C0_plus_intense + C7_plus_intense,2009-08-28_010_011,25.164661407470703,1.515993356704712,6.356283664703369,False,True,forte,humide,Kaffrine,Zone soudano-sahélienne,Phase_2_pleine,Pleine saison (Juillet-Aout),2009,8,28,240,309.31973
-14.375,14.875,2009-08-28,C0_plus_intense + C7_plus_intense,2009-08-28_010_012,15.879408836364746,1.0163277387619019,5.276135444641113,False,False,moderee,humide,Tambacounda,Zone soudano-sahélienne,Phase_2_pleine,Pleine saison (Juillet-Aout),2009,8,28,240,336.21707
-14.125,14.875,2009-08-28,C0_plus_intense + C7_plus_intense,2009-08-28_010_013,10.967926979064941,0.704233705997467,4.908178329467773,False,False,moderee,normale,Matam,Zone soudano-sahélienne,Phase_2_pleine,Pleine saison (Juillet-Aout),2009,8,28,240,363.11444
-13.875,14.875,2009-08-28,C0_plus_intense + C7_plus_intense,2009-08-28_010_014,7.903631687164307,0.24446754157543182,5.579840183258057,False,False,moderee,normale,Matam,Zone soudano-sahélienne,Phase_2_pleine,Pleine saison (Juillet-Aout),2009,8,28,240,390.0118
-13.625,14.875,2009-08-28,C0_plus_intense + C7_plus_intense,2009-08-28_010_015,4.579796314239502,-0.20517075061798096,7.220189094543457,False,False,faible,normale,Matam,Zone soudano-sahélienne,Phase_2_pleine,Pleine saison (Juillet-Aout),2009,8,28,240,416.90918
-13.375,14.875,2009-08-28,C0_plus_intense + C7_plus_intense,2009-08-28_010_016,0.8840135931968689,-0.49046972393989563,6.791252613067627,False,False,trace,normale,Matam,Zone soudano-sahélienne,Phase_2_pleine,Pleine saison (Juillet-Aout),2009,8,28,240,443.80655
-13.125,14.875,2009-08-28,C0_plus_intense + C7_plus_intense,2009-08-28_010_017,0.0,-0.674930214881897,5.501490592956543,False,False,trace,normale,Matam,Zone soudano-sahélienne,Phase_2_pleine,Pleine saison (Juillet-Aout),2009,8,28,240,470.7039
-12.875,14.875,2009-08-28,C0_plus_intense + C7_plus_intense,2009-08-28_010_018,0.0,-0.6128702759742737,5.594569206237793,False,False,trace,normale,Matam,Zone soudano-sahélienne,Phase_2_pleine,Pleine saison (Juillet-Aout),2009,8,28,240,497.60126
-12.625,14.875,2009-08-28,C0_plus_intense + C7_plus_intense,2009-08-28_010_019,1.2607121467590332,-0.5075856447219849,6.322660446166992,False,False,faible,normale,Matam,Zone soudano-sahélienne,Phase_2_pleine,Pleine saison (Juillet-Aout),2009,8,28,240,524.49866
-16.875,15.125,2009-08-28,C0_plus_intense + C7_plus_intense,2009-08-28_011_002,28.688472747802734,2.5210580825805664,6.8418145179748535,True,True,forte,tres humide,Thiès,Zone soudano-sahélienne,Phase_2_pleine,Pleine saison (Juillet-Aout),2009,8,28,240,67.16484
-16.625,15.125,2009-08-28,C0_plus_intense + C7_plus_intense,2009-08-28_011_003,32.032833099365234,2.989267349243164,6.234793186187744,True,True,forte,tres humide,Thiès,Zone soudano-sahélienne,Phase_2_pleine,Pleine saison (Juillet-Aout),2009,8,28,240,94.03078
-16.375,15.125,2009-08-28,C0_plus_intense + C7_plus_intense,2009-08-28_011_004,31.01239585876465,2.7845685482025146,6.244684219360352,True,True,forte,tres humide,Louga,Zone soudano-sahélienne,Phase_2_pleine,Pleine saison (Juillet-Aout),2009,8,28,240,120.89671
-16.125,15.125,2009-08-28,C0_plus_intense + C7_plus_intense,2009-08-28_011_005,31.674781799316406,2.3073368072509766,7.013361930847168,True,True,forte,tres humide,Louga,Zone soudano-sahélienne,Phase_2_pleine,Pleine saison (Juillet-Aout),2009,8,28,240,147.76265
-15.875,15.125,2009-08-28,C0_plus_intense + C7_plus_intense,2009-08-28_011_006,40.74811553955078,2.608126640319824,7.526118278503418,True,True,forte,tres humide,Louga,Zone soudano-sahélienne,Phase_2_pleine,Pleine saison (Juillet-Aout),2009,8,28,240,174.6286
-15.625,15.125,2009-08-28,C0_plus_intense + C7_plus_intense,2009-08-28_011_007,44.93733215332031,2.731680393218994,8.188199996948242,True,True,forte,tres humide,Louga,Zone soudano-sahélienne,Phase_2_pleine,Pleine saison (Juillet-Aout),2009,8,28,240,201.49454
-15.375,15.125,2009-08-28,C0_plus_intense + C7_plus_intense,2009-08-28_011_008,43.13396453857422,2.8418140411376953,7.682814598083496,True,True,forte,tres humide,Louga,Zone soudano-sahélienne,Phase_2_pleine,Pleine saison (Juillet-Aout),2009,8,28,240,228.36046
-15.125,15.125,2009-08-28,C0_plus_intense + C7_plus_intense,2009-08-28_011_009,36.31354522705078,2.5457913875579834,7.214872360229492,True,True,forte,tres humide,Kaffrine,Zone soudano-sahélienne,Phase_2_pleine,Pleine saison (Juillet-Aout),2009,8,28,240,255.22641
-14.875,15.125,2009-08-28,C0_plus_intense + C7_plus_intense,2009-08-28_011_010,30.839921951293945,2.5502941608428955,5.905969619750977,True,True,forte,tres humide,Kaffrine,Zone soudano-sahélienne,Phase_2_pleine,Pleine saison (Juillet-Aout),2009,8,28,240,282.09235
-14.625,15.125,2009-08-28,C0_plus_intense + C7_plus_intense,2009-08-28_011_011,32.498802185058594,2.42067289352417,6.473060607910156,True,True,forte,tres humide,Kaffrine,Zone soudano-sahélienne,Phase_2_pleine,Pleine saison (Juillet-Aout),2009,8,28,240,308.95828
-14.375,15.125,2009-08-28,C0_plus_intense + C7_plus_intense,2009-08-28_011_012,23.595417022705078,1.911437749862671,5.689346790313721,False,True,forte,humide,Matam,Zone soudano-sahélienne,Phase_2_pleine,Pleine saison (Juillet-Aout),2009,8,28,240,335.82422
-14.125,15.125,2009-08-28,C0_plus_intense + C7_plus_intense,2009-08-28_011_013,17.58477210998535,1.3293845653533936,5.421673774719238,False,False,moderee,humide,Matam,Zone soudano-sahélienne,Phase_2_pleine,Pleine saison (Juillet-Aout),2009,8,28,240,362.69012
-13.875,15.125,2009-08-28,C0_plus_intense + C7_plus_intense,2009-08-28_011_014,8.930702209472656,0.39274364709854126,5.383242607116699,False,False,moderee,normale,Matam,Zone soudano-sahélienne,Phase_2_pleine,Pleine saison (Juillet-Aout),2009,8,28,240,389.5561
-13.625,15.125,2009-08-28,C0_plus_intense + C7_plus_intense,2009-08-28_011_015,4.138216018676758,-0.23810359835624695,6.670585632324219,False,False,faible,normale,Matam,Zone soudano-sahélienne,Phase_2_pleine,Pleine saison (Juillet-Aout),2009,8,28,240,416.42203
-13.375,15.125,2009-08-28,C0_plus_intense + C7_plus_intense,2009-08-28_011_016,0.3292815685272217,-0.6065593361854553,6.199930667877197,False,False,trace,normale,Matam,Zone soudano-sahélienne,Phase_2_pleine,Pleine saison (Juillet-Aout),2009,8,28,240,443.28796
-13.125,15.125,2009-08-28,C0_plus_intense + C7_plus_intense,2009-08-28_011_017,1.312107801437378,-0.5193885564804077,5.50177001953125,False,False,faible,normale,Matam,Zone soudano-sahélienne,Phase_2_pleine,Pleine saison (Juillet-Aout),2009,8,28,240,470.1539
-12.875,15.125,2009-08-28,C0_plus_intense + C7_plus_intense,2009-08-28_011_018,1.267444133758545,-0.48631685972213745,4.825662136077881,False,False,faible,normale,Matam,Zone soudano-sahélienne,Phase_2_pleine,Pleine saison (Juillet-Aout),2009,8,28,240,497.0198
-16.625,15.375,2009-08-28,C0_plus_intense + C7_plus_intense,2009-08-28_012_003,27.445131301879883,2.8687994480133057,5.60062313079834,True,True,forte,tres humide,Louga,Zone soudano-sahélienne,Phase_2_pleine,Pleine saison (Juillet-Aout),2009,8,28,240,93.91899
-16.375,15.375,2009-08-28,C0_plus_intense + C7_plus_intense,2009-08-28_012_004,32.88587188720703,3.0645992755889893,5.711492538452148,True,True,forte,exceptionnelle,Louga,Zone soudano-sahélienne,Phase_2_pleine,Pleine saison (Juillet-Aout),2009,8,28,240,120.75298
-16.125,15.375,2009-08-28,C0_plus_intense + C7_plus_intense,2009-08-28_012_005,36.91850662231445,2.8487801551818848,6.788039207458496,True,True,forte,tres humide,Louga,Zone soudano-sahélienne,Phase_2_pleine,Pleine saison (Juillet-Aout),2009,8,28,240,147.58699
-15.875,15.375,2009-08-28,C0_plus_intense + C7_plus_intense,2009-08-28_012_006,44.109153747558594,3.1373374462127686,7.2513604164123535,True,True,forte,exceptionnelle,Louga,Zone soudano-sahélienne,Phase_2_pleine,Pleine saison (Juillet-Aout),2009,8,28,240,174.42099
-15.625,15.375,2009-08-28,C0_plus_intense + C7_plus_intense,2009-08-28_012_007,50.021541595458984,3.4018502235412598,7.627091407775879,True,True,tres forte,exceptionnelle,Louga,Zone soudano-sahélienne,Phase_2_pleine,Pleine saison (Juillet-Aout),2009,8,28,240,201.25497
-15.375,15.375,2009-08-28,C0_plus_intense + C7_plus_intense,2009-08-28_012_008,56.50043487548828,3.401379346847534,8.228669166564941,True,True,tres forte,exceptionnelle,Louga,Zone soudano-sahélienne,Phase_2_pleine,Pleine saison (Juillet-Aout),2009,8,28,240,228.08896
-15.125,15.375,2009-08-28,C0_plus_intense + C7_plus_intense,2009-08-28_012_009,48.283565521240234,3.0065062046051025,7.66111421585083,True,True,forte,exceptionnelle,Louga,Zone soudano-sahélienne,Phase_2_pleine,Pleine saison (Juillet-Aout),2009,8,28,240,254.92297
-14.875,15.375,2009-08-28,C0_plus_intense + C7_plus_intense,2009-08-28_012_010,38.110111236572266,3.4614956378936768,5.7659525871276855,True,True,forte,exceptionnelle,Louga,Zone soudano-sahélienne,Phase_2_pleine,Pleine saison (Juillet-Aout),2009,8,28,240,281.75696
-14.625,15.375,2009-08-28,C0_plus_intense + C7_plus_intense,2009-08-28_012_011,27.16179847717285,2.667991876602173,5.452775478363037,True,True,forte,tres humide,Matam,Zone soudano-sahélienne,Phase_2_pleine,Pleine saison (Juillet-Aout),2009,8,28,240,308.59097
-14.375,15.375,2009-08-28,C0_plus_intense + C7_plus_intense,2009-08-28_012_012,19.487899780273438,1.9558755159378052,4.955319881439209,False,False,moderee,humide,Matam,Zone soudano-sahélienne,Phase_2_pleine,Pleine saison (Juillet-Aout),2009,8,28,240,335.42496
-14.125,15.375,2009-08-28,C0_plus_intense + C7_plus_intense,2009-08-28_012_013,17.49834632873535,1.680732250213623,4.756560802459717,False,False,moderee,humide,Matam,Zone soudano-sahélienne,Phase_2_pleine,Pleine saison (Juillet-Aout),2009,8,28,240,362.25894
-13.875,15.375,2009-08-28,C0_plus_intense + C7_plus_intense,2009-08-28_012_014,13.729656219482422,1.06779944896698,5.079219341278076,False,False,moderee,humide,Matam,Zone soudano-sahélienne,Phase_2_pleine,Pleine saison (Juillet-Aout),2009,8,28,240,389.09296
-13.625,15.375,2009-08-28,C0_plus_intense + C7_plus_intense,2009-08-28_012_015,10.770424842834473,0.7974095344543457,4.787935256958008,False,False,moderee,normale,Matam,Zone soudano-sahélienne,Phase_2_pleine,Pleine saison (Juillet-Aout),2009,8,28,240,415.92694
-13.375,15.375,2009-08-28,C0_plus_intense + C7_plus_intense,2009-08-28_012_016,10.927816390991211,0.6743632555007935,5.401737689971924,False,False,moderee,normale,Matam,Zone soudano-sahélienne,Phase_2_pleine,Pleine saison (Juillet-Aout),2009,8,28,240,442.76096
-13.125,15.375,2009-08-28,C0_plus_intense + C7_plus_intense,2009-08-28_012_017,6.245574474334717,0.2287028431892395,4.707430362701416,False,False,moderee,normale,Matam,Zone soudano-sahélienne,Phase_2_pleine,Pleine saison (Juillet-Aout),2009,8,28,240,469.59494
-16.375,15.625,2009-08-28,C0_plus_intense + C7_plus_intense,2009-08-28_013_004,29.574426651000977,2.450669765472412,6.205732345581055,True,True,forte,tres humide,Saint-Louis,Zone sahélienne,Phase_2_pleine,Pleine saison (Juillet-Aout),2009,8,28,240,120.60696
-16.125,15.625,2009-08-28,C0_plus_intense + C7_plus_intense,2009-08-28_013_005,30.4697208404541,2.3196945190429688,6.574277877807617,True,True,forte,tres humide,Saint-Louis,Zone sahélienne,Phase_2_pleine,Pleine saison (Juillet-Aout),2009,8,28,240,147.40851
-15.875,15.625,2009-08-28,C0_plus_intense + C7_plus_intense,2009-08-28_013_006,29.020971298217773,2.6755783557891846,5.9841508865356445,True,True,forte,tres humide,Saint-Louis,Zone sahélienne,Phase_2_pleine,Pleine saison (Juillet-Aout),2009,8,28,240,174.21005
-15.625,15.625,2009-08-28,C0_plus_intense + C7_plus_intense,2009-08-28_013_007,33.302120208740234,2.906428575515747,6.087696075439453,True,True,forte,tres humide,Saint-Louis,Zone sahélienne,Phase_2_pleine,Pleine saison (Juillet-Aout),2009,8,28,240,201.0116
-15.375,15.625,2009-08-28,C0_plus_intense + C7_plus_intense,2009-08-28_013_008,39.989967346191406,3.0702412128448486,6.368095874786377,True,True,forte,exceptionnelle,Louga,Zone sahélienne,Phase_2_pleine,Pleine saison (Juillet-Aout),2009,8,28,240,227.81313
-15.125,15.625,2009-08-28,C0_plus_intense + C7_plus_intense,2009-08-28_013_009,41.718685150146484,3.0572657585144043,6.333364009857178,True,True,forte,exceptionnelle,Louga,Zone sahélienne,Phase_2_pleine,Pleine saison (Juillet-Aout),2009,8,28,240,254.6147
-14.875,15.625,2009-08-28,C0_plus_intense + C7_plus_intense,2009-08-28_013_010,33.445796966552734,2.9520263671875,5.579146862030029,True,True,forte,tres humide,Louga,Zone sahélienne,Phase_2_pleine,Pleine saison (Juillet-Aout),2009,8,28,240,281.41623
-14.625,15.625,2009-08-28,C0_plus_intense + C7_plus_intense,2009-08-28_013_011,24.426101684570312,3.0744645595550537,4.459559440612793,True,True,forte,exceptionnelle,Matam,Zone sahélienne,Phase_2_pleine,Pleine saison (Juillet-Aout),2009,8,28,240,308.21777
-14.375,15.625,2009-08-28,C0_plus_intense + C7_plus_intense,2009-08-28_013_012,17.458023071289062,2.120370388031006,4.104018211364746,True,False,moderee,tres humide,Matam,Zone sahélienne,Phase_2_pleine,Pleine saison (Juillet-Aout),2009,8,28,240,335.01932
-14.125,15.625,2009-08-28,C0_plus_intense + C7_plus_intense,2009-08-28_013_013,12.020796775817871,1.0526542663574219,4.379580974578857,False,False,moderee,humide,Matam,Zone sahélienne,Phase_2_pleine,Pleine saison (Juillet-Aout),2009,8,28,240,361.82086
-13.875,15.625,2009-08-28,C0_plus_intense + C7_plus_intense,2009-08-28_013_014,12.480172157287598,1.0839778184890747,4.640374660491943,False,False,moderee,humide,Matam,Zone sahélienne,Phase_2_pleine,Pleine saison (Juillet-Aout),2009,8,28,240,388.6224
-13.625,15.625,2009-08-28,C0_plus_intense + C7_plus_intense,2009-08-28_013_015,16.665691375732422,1.7819101810455322,4.425927639007568,False,False,moderee,humide,Matam,Zone sahélienne,Phase_2_pleine,Pleine saison (Juillet-Aout),2009,8,28,240,415.42395
-13.375,15.625,2009-08-28,C0_plus_intense + C7_plus_intense,2009-08-28_013_016,13.77296257019043,1.2317394018173218,4.773257255554199,False,False,moderee,humide,Matam,Zone sahélienne,Phase_2_pleine,Pleine saison (Juillet-Aout),2009,8,28,240,442.22552
-16.375,15.875,2009-08-28,C0_plus_intense + C7_plus_intense,2009-08-28_014_004,25.046648025512695,2.250030040740967,5.838632106781006,True,True,forte,tres humide,Saint-Louis,Zone sahélienne,Phase_2_pleine,Pleine saison (Juillet-Aout),2009,8,28,240,120.45863
-16.125,15.875,2009-08-28,C0_plus_intense + C7_plus_intense,2009-08-28_014_005,26.151477813720703,2.51991868019104,5.251668930053711,True,True,forte,tres humide,Saint-Louis,Zone sahélienne,Phase_2_pleine,Pleine saison (Juillet-Aout),2009,8,28,240,147.22722
-15.875,15.875,2009-08-28,C0_plus_intense + C7_plus_intense,2009-08-28_014_006,26.934492111206055,2.6515307426452637,5.314187049865723,True,True,forte,tres humide,Saint-Louis,Zone sahélienne,Phase_2_pleine,Pleine saison (Juillet-Aout),2009,8,28,240,173.9958
-15.625,15.875,2009-08-28,C0_plus_intense + C7_plus_intense,2009-08-28_014_007,26.712621688842773,2.882309913635254,5.071609020233154,True,True,forte,tres humide,Saint-Louis,Zone sahélienne,Phase_2_pleine,Pleine saison (Juillet-Aout),2009,8,28,240,200.76439
-15.375,15.875,2009-08-28,C0_plus_intense + C7_plus_intense,2009-08-28_014_008,31.53057098388672,3.3432700634002686,4.556619167327881,True,True,forte,exceptionnelle,Louga,Zone sahélienne,Phase_2_pleine,Pleine saison (Juillet-Aout),2009,8,28,240,227.53297
-15.125,15.875,2009-08-28,C0_plus_intense + C7_plus_intense,2009-08-28_014_009,35.96366882324219,3.6694397926330566,4.710667610168457,True,True,forte,exceptionnelle,Louga,Zone sahélienne,Phase_2_pleine,Pleine saison (Juillet-Aout),2009,8,28,240,254.30157
-14.875,15.875,2009-08-28,C0_plus_intense + C7_plus_intense,2009-08-28_014_010,37.480777740478516,4.001442909240723,4.603582382202148,True,True,forte,exceptionnelle,Louga,Zone sahélienne,Phase_2_pleine,Pleine saison (Juillet-Aout),2009,8,28,240,281.07013
-14.625,15.875,2009-08-28,C0_plus_intense + C7_plus_intense,2009-08-28_014_011,32.356815338134766,4.349328994750977,3.8554205894470215,True,True,forte,exceptionnelle,Matam,Zone sahélienne,Phase_2_pleine,Pleine saison (Juillet-Aout),2009,8,28,240,307.83875
-14.375,15.875,2009-08-28,C0_plus_intense + C7_plus_intense,2009-08-28_014_012,24.106630325317383,3.892453193664551,3.1870315074920654,True,True,forte,exceptionnelle,Matam,Zone sahélienne,Phase_2_pleine,Pleine saison (Juillet-Aout),2009,8,28,240,334.60733
-14.125,15.875,2009-08-28,C0_plus_intense + C7_plus_intense,2009-08-28_014_013,15.470733642578125,2.319002151489258,3.3475961685180664,True,False,moderee,tres humide,Matam,Zone sahélienne,Phase_2_pleine,Pleine saison (Juillet-Aout),2009,8,28,240,361.3759
-13.875,15.875,2009-08-28,C0_plus_intense + C7_plus_intense,2009-08-28_014_014,13.080288887023926,1.6964845657348633,3.5007505416870117,False,False,moderee,humide,Matam,Zone sahélienne,Phase_2_pleine,Pleine saison (Juillet-Aout),2009,8,28,240,388.1445
-13.625,15.875,2009-08-28,C0_plus_intense + C7_plus_intense,2009-08-28_014_015,16.853761672973633,2.2408852577209473,3.224123954772949,True,False,moderee,tres humide,Matam,Zone sahélienne,Phase_2_pleine,Pleine saison (Juillet-Aout),2009,8,28,240,414.91306
-13.375,15.875,2009-08-28,C0_plus_intense + C7_plus_intense,2009-08-28_014_016,12.456342697143555,1.5651215314865112,3.5257821083068848,False,False,moderee,humide,Matam,Zone sahélienne,Phase_2_pleine,Pleine saison (Juillet-Aout),2009,8,28,240,441.68167
-16.375,16.125,2009-08-28,C0_plus_intense + C7_plus_intense,2009-08-28_015_004,29.646530151367188,3.0606300830841064,5.425320148468018,True,True,forte,exceptionnelle,Saint-Louis,Zone sahélienne,Phase_2_pleine,Pleine saison (Juillet-Aout),2009,8,28,240,120.308014
-16.125,16.125,2009-08-28,C0_plus_intense + C7_plus_intense,2009-08-28_015_005,32.721824645996094,3.365602493286133,5.327673435211182,True,True,forte,exceptionnelle,Saint-Louis,Zone sahélienne,Phase_2_pleine,Pleine saison (Juillet-Aout),2009,8,28,240,147.04314
-15.875,16.125,2009-08-28,C0_plus_intense + C7_plus_intense,2009-08-28_015_006,42.018863677978516,3.732788562774658,6.234009265899658,True,True,forte,exceptionnelle,Saint-Louis,Zone sahélienne,Phase_2_pleine,Pleine saison (Juillet-Aout),2009,8,28,240,173.77824
-15.625,16.125,2009-08-28,C0_plus_intense + C7_plus_intense,2009-08-28_015_007,31.986251831054688,3.554208755493164,4.860382556915283,True,True,forte,exceptionnelle,Saint-Louis,Zone sahélienne,Phase_2_pleine,Pleine saison (Juillet-Aout),2009,8,28,240,200.51337
-15.375,16.125,2009-08-28,C0_plus_intense + C7_plus_intense,2009-08-28_015_008,34.866722106933594,3.9902524948120117,4.351223468780518,True,True,forte,exceptionnelle,Louga,Zone sahélienne,Phase_2_pleine,Pleine saison (Juillet-Aout),2009,8,28,240,227.24846
-15.125,16.125,2009-08-28,C0_plus_intense + C7_plus_intense,2009-08-28_015_009,35.4193229675293,4.170414447784424,4.278432369232178,True,True,forte,exceptionnelle,Louga,Zone sahélienne,Phase_2_pleine,Pleine saison (Juillet-Aout),2009,8,28,240,253.9836
-14.875,16.125,2009-08-28,C0_plus_intense + C7_plus_intense,2009-08-28_015_010,37.126399993896484,4.432372570037842,4.280477523803711,True,True,forte,exceptionnelle,Louga,Zone sahélienne,Phase_2_pleine,Pleine saison (Juillet-Aout),2009,8,28,240,280.7187
-14.625,16.125,2009-08-28,C0_plus_intense + C7_plus_intense,2009-08-28_015_011,30.171140670776367,3.961501359939575,4.119694709777832,True,True,forte,exceptionnelle,Matam,Zone sahélienne,Phase_2_pleine,Pleine saison (Juillet-Aout),2009,8,28,240,307.45383
-14.375,16.125,2009-08-28,C0_plus_intense + C7_plus_intense,2009-08-28_015_012,22.586952209472656,3.3053104877471924,3.6989591121673584,True,True,forte,exceptionnelle,Matam,Zone sahélienne,Phase_2_pleine,Pleine saison (Juillet-Aout),2009,8,28,240,334.18893
-14.125,16.125,2009-08-28,C0_plus_intense + C7_plus_intense,2009-08-28_015_013,18.48975372314453,3.185847759246826,3.179525375366211,True,False,moderee,exceptionnelle,Matam,Zone sahélienne,Phase_2_pleine,Pleine saison (Juillet-Aout),2009,8,28,240,360.92404
-13.875,16.125,2009-08-28,C0_plus_intense + C7_plus_intense,2009-08-28_015_014,13.590002059936523,2.422381639480591,2.997985601425171,True,False,moderee,tres humide,Matam,Zone sahélienne,Phase_2_pleine,Pleine saison (Juillet-Aout),2009,8,28,240,387.65915
-16.125,16.375,2009-08-28,C0_plus_intense + C7_plus_intense,2009-08-28_016_005,34.171058654785156,3.4388186931610107,4.994969367980957,True,True,forte,exceptionnelle,Saint-Louis,Zone sahélienne,Phase_2_pleine,Pleine saison (Juillet-Aout),2009,8,28,240,146.85623
-15.875,16.375,2009-08-28,C0_plus_intense + C7_plus_intense,2009-08-28_016_006,39.394630432128906,3.705345392227173,5.804488658905029,True,True,forte,exceptionnelle,Saint-Louis,Zone sahélienne,Phase_2_pleine,Pleine saison (Juillet-Aout),2009,8,28,240,173.55737
-15.625,16.375,2009-08-28,C0_plus_intense + C7_plus_intense,2009-08-28_016_007,31.782377243041992,3.5310773849487305,4.769165515899658,True,True,forte,exceptionnelle,Saint-Louis,Zone sahélienne,Phase_2_pleine,Pleine saison (Juillet-Aout),2009,8,28,240,200.25851
-15.375,16.375,2009-08-28,C0_plus_intense + C7_plus_intense,2009-08-28_016_008,29.58367919921875,3.521195411682129,4.528251647949219,True,True,forte,exceptionnelle,Louga,Zone sahélienne,Phase_2_pleine,Pleine saison (Juillet-Aout),2009,8,28,240,226.95963
-15.125,16.375,2009-08-28,C0_plus_intense + C7_plus_intense,2009-08-28_016_009,27.921348571777344,3.269160270690918,4.699268341064453,True,True,forte,exceptionnelle,Louga,Zone sahélienne,Phase_2_pleine,Pleine saison (Juillet-Aout),2009,8,28,240,253.66078
-14.875,16.375,2009-08-28,C0_plus_intense + C7_plus_intense,2009-08-28_016_010,26.467327117919922,3.195700168609619,4.529265403747559,True,True,forte,exceptionnelle,Louga,Zone sahélienne,Phase_2_pleine,Pleine saison (Juillet-Aout),2009,8,28,240,280.3619
-14.625,16.375,2009-08-28,C0_plus_intense + C7_plus_intense,2009-08-28_016_011,22.508066177368164,3.2878427505493164,3.930903196334839,True,True,forte,exceptionnelle,Matam,Zone sahélienne,Phase_2_pleine,Pleine saison (Juillet-Aout),2009,8,28,240,307.06305
-14.375,16.375,2009-08-28,C0_plus_intense + C7_plus_intense,2009-08-28_016_012,17.86707305908203,2.870100736618042,3.194077491760254,True,False,moderee,tres humide,Matam,Zone sahélienne,Phase_2_pleine,Pleine saison (Juillet-Aout),2009,8,28,240,333.76416
-14.125,16.375,2009-08-28,C0_plus_intense + C7_plus_intense,2009-08-28_016_013,13.693066596984863,2.417372465133667,2.9002840518951416,True,False,moderee,tres humide,Matam,Zone sahélienne,Phase_2_pleine,Pleine saison (Juillet-Aout),2009,8,28,240,360.4653
-14.875,16.625,2009-08-28,C0_plus_intense + C7_plus_intense,2009-08-28_017_010,30.506093978881836,3.941251516342163,3.810094118118286,True,True,forte,exceptionnelle,Louga,Zone sahélienne,Phase_2_pleine,Pleine saison (Juillet-Aout),2009,8,28,240,279.9998
-14.625,16.625,2009-08-28,C0_plus_intense + C7_plus_intense,2009-08-28_017_011,26.82672119140625,4.195162296295166,3.3126816749572754,True,True,forte,exceptionnelle,Matam,Zone sahélienne,Phase_2_pleine,Pleine saison (Juillet-Aout),2009,8,28,240,306.66644
-14.375,16.625,2009-08-28,C0_plus_intense + C7_plus_intense,2009-08-28_017_012,23.856651306152344,4.269731044769287,2.911424398422241,True,True,forte,exceptionnelle,Matam,Zone sahélienne,Phase_2_pleine,Pleine saison (Juillet-Aout),2009,8,28,240,333.33307
