Departement,COMMUNE,POPULATION,mode,commune_ansd
BAKEL,BAKEL,18939.0,nom identique,BAKEL
BAKEL,BALLOU,23958.0,nom identique,BALLOU
BAKEL,BELE,25861.0,nom identique,BELE
BAKEL,DIAWARA,12147.0,nom identique,DIAWARA
BAKEL,GABOU,28612.0,nom identique,GABOU
BAKEL,GATHIARY,3973.0,nom identique,GATHIARY
BAKEL,KIDIRA,13551.0,nom identique,KIDIRA
BAKEL,MADINA FOULBE,3803.0,nom identique,MADINAFOULBE
BAKEL,MOUDERY,23906.0,nom identique,MOUDERY
BAKEL,SADATOU,17259.0,nom identique,SADATOU
BAKEL,SINTHIOU FISSA,12900.0,nom identique,SINTHIOUFISSA
BAKEL,TOUMBOURA,5028.0,nom identique,TOUMBOURA
BAMBEY,BABA GARAGE,18305.0,nom identique,BABAGARAGE
BAMBEY,BAMBEY,37374.0,nom identique,BAMBEY
BAMBEY,DINGUIRAYE,11881.0,nom identique,DINGUIRAYE
BAMBEY,GAWANE,19907.0,nom identique,GAWANE
BAMBEY,KEUR SAMBA KANE,21036.0,nom identique,KEURSAMBAKANE
BAMBEY,LAMBAYE,30486.0,nom identique,LAMBAYE
BAMBEY,NDANGALMA,44398.0,nom identique,NDANGALMA
BAMBEY,NDONDOL,25843.0,nom identique,NDONDOL
BAMBEY,NGOGOM,40948.0,nom identique,NGOGOM
BAMBEY,NGOYE,54238.0,nom identique,NGOYE
BAMBEY,REFANE,39955.0,nom identique,REFANE
BAMBEY,THIAKHAR,32096.0,nom identique,THIAKHAR
BIGNONA,BALINGHORE,5513.0,nom approche,BALINGORE
BIGNONA,BIGNONA,28642.0,nom identique,BIGNONA
BIGNONA,COUBALAN,12156.0,nom identique,COUBALAN
BIGNONA,DIEGOUNE,7534.0,nom identique,DIEGOUNE
BIGNONA,DIOULOULOU,8109.0,nom identique,DIOULOULOU
BIGNONA,DJIBIDIONE,8859.0,nom identique,DJIBIDIONE
BIGNONA,DJINAKY,19580.0,nom identique,DJINAKY
BIGNONA,KAFOUNTINE,41590.0,nom identique,KAFOUNTINE
BIGNONA,KARTIACK,7962.0,nom approche,KARTHIACK
BIGNONA,KATABA 1,31996.0,nom identique,KATABA1
BIGNONA,MANGAGOULACK,8503.0,nom identique,MANGAGOULACK
BIGNONA,MLOMP,3128.0,nom identique,MLOMP
BIGNONA,NIAMONE,8785.0,nom identique,NIAMONE
BIGNONA,OULAMPANE,14909.0,nom identique,OULAMPANE
BIGNONA,OUONCK,10914.0,nom identique,OUONCK
BIGNONA,SINDIAN,11676.0,nom identique,SINDIAN
BIGNONA,SUELLE,9174.0,nom identique,SUELLE
BIGNONA,TENGHORI,39509.0,nom approche,TENGHORY
BIGNONA,THIONCK ESSYL,8961.0,nom approche,THIONKESSYL
BIRKELANE,BIRKELANE,10891.0,nom identique,BIRKELANE
BIRKELANE,DIAMAL,15776.0,nom identique,DIAMAL
BIRKELANE,KEUR MBOUCKI,14229.0,nom identique,KEURMBOUCKI
BIRKELANE,MABO,36514.0,nom identique,MABO
BIRKELANE,MBEULEUP,7484.0,nom identique,MBEULEUP
BIRKELANE,NDIOGNICK,44449.0,nom identique,NDIOGNICK
BIRKELANE,SEGRE GATTA,7307.0,nom identique,SEGREGATTA
BIRKELANE,TOUBA MBELLA,14414.0,nom identique,TOUBAMBELLA
BOUNKILING,BOGHAL,19561.0,nom identique,BOGHAL
BOUNKILING,BONA,8880.0,nom identique,BONA
BOUNKILING,BOUNKILING,9969.0,nom identique,BOUNKILING
BOUNKILING,DIACOUNDA,8458.0,nom identique,DIACOUNDA
BOUNKILING,DIAMBATI,14520.0,nom approche,DIAMBATY
BOUNKILING,DIAROUME,23718.0,nom identique,DIAROUME
BOUNKILING,DJINANY,4808.0,nom approche,DJINANI
BOUNKILING,FAOUNE,18594.0,nom identique,FAOUNE
BOUNKILING,INOR,12255.0,nom identique,INOR
BOUNKILING,KANDION MANGANA,2381.0,nom identique,KANDIONMANGANA
BOUNKILING,MADINA WANDIFA,18531.0,nom approche,MEDINAWANDIFA
BOUNKILING,NDIAMACOUTA,11543.0,nom identique,NDIAMACOUTA
BOUNKILING,NDIAMALATHIEL,20305.0,nom identique,NDIAMALATHIEL
BOUNKILING,TANKON,34349.0,nom identique,TANKON
DAGANA,BOKHOL,22651.0,nom identique,BOKHOL
DAGANA,DAGANA,26568.0,nom identique,DAGANA
DAGANA,DIAMA,48498.0,nom identique,DIAMA
DAGANA,GAE,12296.0,nom identique,GAE
DAGANA,MBANE,40754.0,nom identique,MBANE
DAGANA,NDOMBO SANDJIRY,6180.0,commune decoupee,NDOMBO
DAGANA,NGNITH,32709.0,nom identique,NGNITH
DAGANA,RICHARD TOLL,73147.0,nom identique,RICHARDTOLL
DAGANA,RONKH,27736.0,nom identique,RONKH
DAGANA,ROSS BETHIO,16225.0,nom identique,ROSSBETHIO
DAGANA,ROSSO,22299.0,commune decoupee,ROSSOSENEGAL
DAKAR,BISCUITERIE,74025.0,nom identique,BISCUITERIE
DAKAR,CAMBERENE,71432.0,nom identique,CAMBERENE
DAKAR,DAKAR PLATEAU,34951.0,alias verifie,PLATEAU
DAKAR,DIEUPPEUL DERKLE,38725.0,nom approche,DIEUPEULDERKLE
DAKAR,FANN POINT E AMITIE,20115.0,nom identique,FANNPOINTEAMITIE
DAKAR,GOREE,1691.0,nom identique,GOREE
DAKAR,GRAND DAKAR,47334.0,nom identique,GRANDDAKAR
DAKAR,GRAND YOFF,186775.0,nom identique,GRANDYOFF
DAKAR,GUEULE TAPEE FASS COLOBANE,59227.0,nom identique,GUEULETAPEEFASSCOLOBANE
DAKAR,HANN BEL AIR,86908.0,nom identique,HANNBELAIR
DAKAR,HLM,42975.0,nom identique,HLM
DAKAR,MEDINA,82544.0,nom identique,MEDINA
DAKAR,MERMOZ SACRE COEUR,38598.0,nom identique,MERMOZSACRECOEUR
DAKAR,NGOR,17706.0,nom identique,NGOR
DAKAR,OUAKAM,100541.0,nom identique,OUAKAM
DAKAR,PARCELLES ASSAINIES,167671.0,nom identique,PARCELLESASSAINIES
DAKAR,PATTE D'OIE,46821.0,nom identique,PATTEDOIE
DAKAR,SICAP LIBERTE,41079.0,nom identique,SICAPLIBERTE
DAKAR,YOFF,119351.0,nom identique,YOFF
DIOURBEL,DIOURBEL,157554.0,nom identique,DIOURBEL
DIOURBEL,GADE ESCALE,4521.0,nom identique,GADEESCALE
DIOURBEL,KEUR NGALGOU,9760.0,nom identique,KEURNGALGOU
DIOURBEL,NDANKH SENE,12410.0,nom approche,DANKHSENE
DIOURBEL,NDINDY,17326.0,nom identique,NDINDY
DIOURBEL,NDOULO,14820.0,nom identique,NDOULO
DIOURBEL,NGOHE,40758.0,nom identique,NGOHE
DIOURBEL,PATTAR,26656.0,nom approche,PATAR
DIOURBEL,TAIBA MOUTOUPHA,13890.0,nom identique,TAIBAMOUTOUPHA
DIOURBEL,TOCKY GARE,24821.0,nom identique,TOCKYGARE
DIOURBEL,TOUBA LAPPE,5127.0,nom identique,TOUBALAPPE
DIOURBEL,TOURE MBONDE,16466.0,nom identique,TOUREMBONDE
FATICK,DIAKHAO,5590.0,nom identique,DIAKHAO
FATICK,DIAOULE,15313.0,nom identique,DIAOULE
FATICK,DIARRERE,35775.0,nom identique,DIARRERE
FATICK,DIOFFIOR,12795.0,nom identique,DIOFFIOR
FATICK,DIOUROUP,26348.0,nom identique,DIOUROUP
FATICK,DJILASSE,11106.0,nom identique,DJILASSE
FATICK,FATICK,39361.0,nom identique,FATICK
FATICK,FIMELA,30886.0,nom identique,FIMELA
FATICK,LOUL SESSENE,22528.0,nom identique,LOULSESSENE
FATICK,MBELLACADIAO,18119.0,nom approche,MBELACADIAO
FATICK,NDIOP,23407.0,nom approche,NDIOB
FATICK,NGAYOKHEME,29808.0,nom identique,NGAYOKHEME
FATICK,NIAKHAR,33696.0,nom identique,NIAKHAR
FATICK,PALMARIN FACAO,10927.0,nom identique,PALMARINFACAO
FATICK,PATAR,30583.0,nom identique,PATAR
FATICK,TATTAGUINE,36197.0,nom identique,TATTAGUINE
FATICK,THIARE NDIALGUI,26127.0,nom identique,THIARENDIALGUI
FOUNDIOUGNE,BASSOUL,11946.0,nom identique,BASSOUL
FOUNDIOUGNE,DIAGANE BARKA,12987.0,nom identique,DIAGANEBARKA
FOUNDIOUGNE,DIONEWAR,12589.0,nom identique,DIONEWAR
FOUNDIOUGNE,DIOSSONG,26984.0,nom identique,DIOSSONG
FOUNDIOUGNE,DJILOR,22876.0,nom identique,DJILOR
FOUNDIOUGNE,DJIRNDA,10418.0,nom identique,DJIRNDA
FOUNDIOUGNE,FOUNDIOUGNE,8924.0,nom identique,FOUNDIOUGNE
FOUNDIOUGNE,KARANG POSTE,26972.0,nom identique,KARANGPOSTE
FOUNDIOUGNE,KEUR SALOUM DIANE,37793.0,nom identique,KEURSALOUMDIANE
FOUNDIOUGNE,KEUR SAMBA GUEYE,36418.0,nom identique,KEURSAMBAGUEYE
FOUNDIOUGNE,MBAM,11713.0,nom identique,MBAM
FOUNDIOUGNE,NIASSENE,20905.0,nom identique,NIASSENE
FOUNDIOUGNE,NIORO ALASSANE TALL,46366.0,nom identique,NIOROALASSANETALL
FOUNDIOUGNE,PASSY,18322.0,nom identique,PASSY
FOUNDIOUGNE,SOKONE,20424.0,nom identique,SOKONE
FOUNDIOUGNE,SOUM,6159.0,nom identique,SOUM
FOUNDIOUGNE,TOUBACOUTA,43592.0,nom identique,TOUBACOUTA
GOSSAS,COLOBANE,21341.0,nom identique,COLOBANE
GOSSAS,GOSSAS,15630.0,nom identique,GOSSAS
GOSSAS,MBAR,36318.0,nom identique,MBAR
GOSSAS,NDIENE LAGANE,15326.0,nom identique,NDIENELAGANE
GOSSAS,OUADIOUR,15609.0,nom identique,OUADIOUR
GOSSAS,PATAR LIA,18744.0,nom identique,PATARLIA
GOUDIRY,BALA,9799.0,nom identique,BALA
GOUDIRY,BANI ISRAEL,8681.0,nom identique,BANIISRAEL
GOUDIRY,BOUTOUCOUFARA,8454.0,nom identique,BOUTOUCOUFARA
GOUDIRY,BOYNGUEL BAMBA,16616.0,nom identique,BOYNGUELBAMBA
GOUDIRY,DIANKE MAKHA,10949.0,nom identique,DIANKEMAKHA
GOUDIRY,DOUGUE,9275.0,nom identique,DOUGUE
GOUDIRY,GOUDIRY,10540.0,nom identique,GOUDIRY
GOUDIRY,GOUMBAYEL,9125.0,nom identique,GOUMBAYEL
GOUDIRY,KOAR,12165.0,nom identique,KOAR
GOUDIRY,KOMOTI,12179.0,nom identique,KOMOTI
GOUDIRY,KOTHIARY,6157.0,nom identique,KOTHIARY
GOUDIRY,KOULOR,15027.0,nom identique,KOULOR
GOUDIRY,KOUSSAN,11022.0,nom identique,KOUSSAN
GOUDIRY,SINTHIOU BOCAR ALY,8946.0,nom approche,SINTHIOUBOCARALI
GOUDIRY,SINTHIOU MAMADOU BOUBOU,21666.0,nom identique,SINTHIOUMAMADOUBOUBOU
GOUDOMP,BAGHERE,13492.0,nom identique,BAGHERE
GOUDOMP,DIATTACOUNDA,4949.0,nom identique,DIATTACOUNDA
GOUDOMP,DIOUBOUDOU,6959.0,nom identique,DIOUBOUDOU
GOUDOMP,DJIBANAR,12165.0,nom identique,DJIBANAR
GOUDOMP,GOUDOMP,15993.0,nom identique,GOUDOMP
GOUDOMP,KAOUR,5701.0,nom identique,KAOUR
GOUDOMP,KARANTABA,18915.0,nom identique,KARANTABA
GOUDOMP,KOLIBANTANG,12870.0,nom identique,KOLIBANTANG
GOUDOMP,MANGAROUNGOU SANTO,13689.0,nom identique,MANGAROUNGOUSANTO
GOUDOMP,NIAGHA,14730.0,nom identique,NIAGHA
GOUDOMP,SAMINE,6532.0,commune decoupee,SAMINEESCALE
GOUDOMP,SIMBANDI BALANTE,23237.0,nom identique,SIMBANDIBALANTE
GOUDOMP,SIMBANDI BRASSOU,16302.0,nom identique,SIMBANDIBRASSOU
GOUDOMP,TANAFF,6683.0,nom identique,TANAFF
GOUDOMP,YARANG BALANTE,15880.0,nom identique,YARANGBALANTE
GUEDIAWAYE,GOLF SUD,114069.0,nom identique,GOLFSUD
GUEDIAWAYE,MEDINA GOUNASS,36588.0,nom identique,MEDINAGOUNASS
GUEDIAWAYE,NDIAREME LIMAMOULAYE,36024.0,nom identique,NDIAREMELIMAMOULAYE
GUEDIAWAYE,SAM NOTAIRE,80566.0,nom identique,SAMNOTAIRE
GUEDIAWAYE,WAKHINANE NIMZATT,105461.0,nom identique,WAKHINANENIMZATT
GUINGUINEO,DARA MBOSS,6857.0,nom identique,DARAMBOSS
GUINGUINEO,FASS,6453.0,commune decoupee,FASSKANE
GUINGUINEO,GAGNICK,10272.0,nom identique,GAGNICK
GUINGUINEO,GUINGUINEO,20340.0,nom approche,GUINGUENEO
GUINGUINEO,KHELCOM BIRANE,16865.0,nom identique,KHELCOMBIRANE
GUINGUINEO,MBADAKHOUNE,25409.0,nom identique,MBADAKHOUNE
GUINGUINEO,MBOSS,6094.0,nom identique,MBOSS
GUINGUINEO,NDIAGO,13079.0,nom identique,NDIAGO
GUINGUINEO,NGATHIE NAOUDE,18937.0,nom identique,NGATHIENAOUDE
GUINGUINEO,NGUELOU,11324.0,nom identique,NGUELOU
GUINGUINEO,OUROUR,15267.0,nom identique,OUROUR
GUINGUINEO,PANAL OUOLOF,9160.0,nom identique,PANALOUOLOF
KAFFRINE,BOULEL,30083.0,commune decoupee,BOULELGOUMACK
KAFFRINE,DIAMAGADIO,24420.0,nom identique,DIAMAGADIO
KAFFRINE,DIOKOUL BELBOUCK,33591.0,nom approche,DIOKOULMBELBOUCK
KAFFRINE,GNIBY,19778.0,nom identique,GNIBY
KAFFRINE,KAFFRINE,57307.0,nom identique,KAFFRINE
KAFFRINE,KAHI,29215.0,nom identique,KAHI
KAFFRINE,KATHIOTTE,44396.0,nom approche,KATHIOTE
KAFFRINE,MEDINATOUL SALAM 2,27628.0,nom identique,MEDINATOULSALAM2
KAFFRINE,NGANDA,14369.0,nom identique,NGANDA
KANEL,AOURE,55799.0,nom identique,AOURE
KANEL,BOKILADJI,46164.0,nom identique,BOKILADJI
KANEL,DEMBANCANE,5781.0,nom identique,DEMBANCANE
KANEL,HAMADY HOUNARE,12646.0,nom approche,HAMADYOUNARE
KANEL,KANEL,15244.0,nom identique,KANEL
KANEL,NDENDORY,50965.0,nom identique,NDENDORY
KANEL,ODOBERE,7384.0,nom identique,ODOBERE
KANEL,ORKADIERE,56051.0,nom identique,ORKADIERE
KANEL,OUAOUNDE,9376.0,nom approche,WAOUNDE
KANEL,SEMME,9213.0,nom identique,SEMME
KANEL,SINTHIOU BAMAMBE BANADJI,20048.0,nom identique,SINTHIOUBAMAMBEBANADJI
KANEL,WOURO SIDY,52849.0,nom approche,OUROSIDY
KAOLACK,DYA,19866.0,nom identique,DYA
KAOLACK,GANDIAYE,18239.0,nom identique,GANDIAYE
KAOLACK,KAHONE,26376.0,nom identique,KAHONE
KAOLACK,KAOLACK,298904.0,nom identique,KAOLACK
KAOLACK,KEUR BAKA,29309.0,nom identique,KEURBAKA
KAOLACK,KEUR SOCE,37567.0,nom identique,KEURSOCE
KAOLACK,LATMINGUE,41156.0,nom identique,LATMINGUE
KAOLACK,NDIAFFATE,49493.0,nom identique,NDIAFFATE
KAOLACK,NDIEBEL,16636.0,nom identique,NDIEBEL
KAOLACK,NDIEDIENG,41021.0,nom identique,NDIEDIENG
KAOLACK,NDOFFANE,18974.0,nom identique,NDOFFANE
KAOLACK,SIBASSOR,11508.0,nom identique,SIBASSOR
KAOLACK,THIARE,35776.0,nom identique,THIARE
KAOLACK,THIOMBY,19228.0,nom identique,THIOMBY
KEBEMER,BADEGNE OUOLOF,19038.0,nom identique,BADEGNEOUOLOF
KEBEMER,DAROU MARNANE,14074.0,nom identique,DAROUMARNANE
KEBEMER,DAROU MOUHTY,52524.0,nom approche,DAROUMOUSTY
KEBEMER,DIOKOUL DIAWRIGNE,21044.0,nom identique,DIOKOULDIAWRIGNE
KEBEMER,GUEOUL,10547.0,nom identique,GUEOUL
KEBEMER,KAB GAYE,14560.0,nom identique,KABGAYE
KEBEMER,KANENE NDIOB,11358.0,nom identique,KANENENDIOB
KEBEMER,KEBEMER,27305.0,nom identique,KEBEMER
KEBEMER,LORO,9708.0,nom identique,LORO
KEBEMER,MBACKE CAJOR,6234.0,nom approche,MBACKEKADIOR
KEBEMER,MBADIANE,10240.0,nom identique,MBADIANE
KEBEMER,NDANDE,32065.0,nom identique,NDANDE
KEBEMER,NDOYENE,6517.0,nom identique,NDOYENE
KEBEMER,NGOURANE OUOLOF,12366.0,nom identique,NGOURANEOUOLOF
KEBEMER,SAGATTA GUETH,18114.0,nom identique,SAGATTAGUETH
KEBEMER,SAM YABAL,12210.0,nom identique,SAMYABAL
KEBEMER,THIEPPE,23419.0,nom identique,THIEPPE
KEBEMER,THIOLOM FALL,24994.0,nom identique,THIOLOMFALL
KEBEMER,TOUBA MERINA,9556.0,nom identique,TOUBAMERINA
KEDOUGOU,BANDAFASSI,15840.0,nom identique,BANDAFASSI
KEDOUGOU,DIMBOLI,9023.0,nom identique,DIMBOLI
KEDOUGOU,DINDEFELO,7590.0,nom approche,DINDEFELLO
KEDOUGOU,FONGOLIMBI,5507.0,nom approche,FONGOLEMBI
KEDOUGOU,KEDOUGOU,59231.0,nom identique,KEDOUGOU
KEDOUGOU,NINEFECHA,8715.0,nom identique,NINEFECHA
KEDOUGOU,TOMBORONCOTO,18360.0,nom approche,TOMBORONKOTO
KEUR MASSAR,JAXAAY PARCELLES,71036.0,alias verifie,DIAXAYPARCELLENIAKOURAP
KEUR MASSAR,KEUR MASSAR NORD,224765.0,nom approche,KEURMASSAR
KEUR MASSAR,KEUR MASSAR SUD,105362.0,nom approche,KEURMASSAR
KEUR MASSAR,MALIKA,56707.0,nom identique,MALIKA
KEUR MASSAR,YEUMBEUL NORD,204375.0,nom identique,YEUMBEULNORD
KEUR MASSAR,YEUMBEUL SUD,108069.0,nom identique,YEUMBEULSUD
KOLDA,BAGADADJI,20086.0,nom identique,BAGADADJI
KOLDA,COUMBACARA,15025.0,nom identique,COUMBACARA
KOLDA,DABO,9611.0,nom identique,DABO
KOLDA,DIALAMBERE,16959.0,nom identique,DIALAMBERE
KOLDA,DIOULACOLON,32090.0,nom identique,DIOULACOLON
KOLDA,GUIRO YERO BOCAR,18900.0,nom identique,GUIROYEROBOCAR
KOLDA,KOLDA,103574.0,nom identique,KOLDA
KOLDA,MAMPATIM,21955.0,nom identique,MAMPATIM
KOLDA,MEDINA CHERIF,15918.0,nom identique,MEDINACHERIF
KOLDA,MEDINA EL HADJ,15204.0,nom approche,MEDINAELHADJI
KOLDA,SALIKEGNE,4641.0,nom identique,SALIKEGNE
KOLDA,SARE BIDJI,22371.0,nom identique,SAREBIDJI
KOLDA,SARE YOBA DIEGA,4199.0,nom identique,SAREYOBADIEGA
KOLDA,TANKANTO ESCALE,18348.0,nom identique,TANKANTOESCALE
KOLDA,THIETTY,5311.0,nom identique,THIETTY
KOUNGHEUL,FASS THIEKENE,23547.0,nom identique,FASSTHIEKENE
KOUNGHEUL,IDA MOURIDE,31535.0,nom identique,IDAMOURIDE
KOUNGHEUL,KOUNGHEUL,31149.0,nom identique,KOUNGHEUL
KOUNGHEUL,LOUR ESCALE,34905.0,nom identique,LOURESCALE
KOUNGHEUL,MAKA YOP,19428.0,nom approche,MAKAYOPP
KOUNGHEUL,MISSIRAH WADENE,29827.0,nom identique,MISSIRAHWADENE
KOUNGHEUL,NGAINTHE PATHE,25769.0,nom approche,GAINTHEPATHE
KOUNGHEUL,RIBOT ESCALE,23010.0,nom identique,RIBOTESCALE
KOUNGHEUL,SALY ESCALE,34134.0,nom identique,SALYESCALE
KOUPENTOUM,BAMBA THIALENE,21543.0,alias verifie,BAMBANDIAYENEBAMBATHIALENE
KOUPENTOUM,KAHENE,22566.0,nom identique,KAHENE
KOUPENTOUM,KOUMPENTOUM,15723.0,nom identique,KOUMPENTOUM
KOUPENTOUM,KOUTHIA GUAYDI,17471.0,nom approche,KOUTHIAGAYDI
KOUPENTOUM,KOUTHIABA WOLOF,29785.0,nom approche,KOUTHIABAOUOLOF
KOUPENTOUM,MALEM NIANI,4455.0,nom approche,MALEMENIANI
KOUPENTOUM,MERETO,17546.0,nom identique,MERETO
KOUPENTOUM,NDAME,14295.0,nom identique,NDAME
KOUPENTOUM,PASS KOTO,19112.0,nom identique,PASSKOTO
KOUPENTOUM,PAYAR,36701.0,nom identique,PAYAR
LINGUERE,AFFE DJOLOF,6796.0,nom identique,AFFEDJOLOF
LINGUERE,BARKEDJI,25122.0,nom identique,BARKEDJI
LINGUERE,BOULAL,12430.0,nom identique,BOULAL
LINGUERE,DAHRA,45530.0,nom identique,DAHRA
LINGUERE,DEALY,26745.0,nom approche,DEALI
LINGUERE,DODJI,19091.0,nom identique,DODJI
LINGUERE,GASSANE,24141.0,nom identique,GASSANE
LINGUERE,KAMB,10962.0,nom identique,KAMB
LINGUERE,LABGAR,10547.0,nom identique,LABGAR
LINGUERE,LINGUERE,19191.0,nom identique,LINGUERE
LINGUERE,MBEULEUKHE,1968.0,nom identique,MBEULEUKHE
LINGUERE,MBOULA,9420.0,nom identique,MBOULA
LINGUERE,OUARKHOKH,20861.0,nom identique,OUARKHOKH
LINGUERE,SAGATTA DJOLOF,13971.0,nom identique,SAGATTADJOLOF
LINGUERE,TESSEKERE FORAGE,11691.0,nom approche,TESSEKREFORAGE
LINGUERE,THIAMENE PASSE,20136.0,alias verifie,THIAMENEDJOLOFTHIAMENEPASS
LINGUERE,THIARNY,10893.0,nom approche,THIARGNY
LINGUERE,THIEL,16934.0,nom identique,THIEL
LINGUERE,YANG YANG,5795.0,nom identique,YANGYANG
LOUGA,COKI,29317.0,nom identique,COKI
LOUGA,GANDE,17197.0,nom identique,GANDE
LOUGA,GUET ARDO,11257.0,nom identique,GUETARDO
LOUGA,KELE GUEYE,13749.0,nom approche,KELLEGUEYE
LOUGA,KEUR MOMAR SARR,40451.0,nom identique,KEURMOMARSARR
LOUGA,LEONA,46268.0,nom identique,LEONA
LOUGA,LOUGA,113365.0,nom identique,LOUGA
LOUGA,MBEDIENE,14438.0,nom identique,MBEDIENE
LOUGA,NDIAGNE,10046.0,nom identique,NDIAGNE
LOUGA,NGUER MALAL,34247.0,nom identique,NGUERMALAL
LOUGA,NGUEUNE SARR,21660.0,nom identique,NGUEUNESARR
LOUGA,NGUIDILE,32327.0,nom identique,NGUIDILE
LOUGA,NIOMRE,21136.0,nom identique,NIOMRE
LOUGA,PETE OUARACK,6187.0,nom identique,PETEOUARACK
LOUGA,SAKAL,32469.0,nom identique,SAKAL
LOUGA,SYER,13843.0,nom identique,SYER
LOUGA,THIAMENE,19808.0,nom approche,THIAMENECAYOR
MALEM HODDAR,DAROU MINAM,21301.0,nom approche,DAROUMINAM2
MALEM HODDAR,DIANKE SOUF,25357.0,nom identique,DIANKESOUF
MALEM HODDAR,KHELCOM,1834.0,nom identique,KHELCOM
MALEM HODDAR,MALEM HODDAR,12188.0,nom identique,MALEMHODDAR
MALEM HODDAR,NDIOBENE SAMBA LAMO,8581.0,nom approche,NDIOBENESAMBALAMA
MALEM HODDAR,NDIOUM NGAINTH,12613.0,nom approche,NDIOUMNGAINTHE
MALEM HODDAR,SAGNA,53375.0,nom identique,SAGNA
MATAM,AGNAM CIVOL,33358.0,nom identique,AGNAMCIVOL
MATAM,BOKIDIAWE,73400.0,nom identique,BOKIDIAWE
MATAM,DABIA,29197.0,commune decoupee,DABIAOBEDJI
MATAM,MATAM,27695.0,nom identique,MATAM
MATAM,NABADJI CIVOL,75055.0,nom identique,NABADJICIVOL
MATAM,NGUIDJILONE,14423.0,nom approche,NGUIDJILOGNE
MATAM,OGO,65694.0,nom identique,OGO
MATAM,OREFONDE,25799.0,nom identique,OREFONDE
MATAM,OUROSSOGUI,27222.0,nom identique,OUROSSOGUI
MATAM,THILOGNE,15044.0,nom identique,THILOGNE
MEDINA YORO FOULAH,BADION,17878.0,nom identique,BADION
MEDINA YORO FOULAH,BIGNARABE,7766.0,nom identique,BIGNARABE
MEDINA YORO FOULAH,BOUROUCO,35461.0,commune decoupee,BOUROUCOBIRANECISSE
MEDINA YORO FOULAH,DINGUIRAYE,18514.0,nom identique,DINGUIRAYE
MEDINA YORO FOULAH,FAFACOUROU,10911.0,nom identique,FAFACOUROU
MEDINA YORO FOULAH,KEREWANE,41030.0,nom identique,KEREWANE
MEDINA YORO FOULAH,KOULINTO,8675.0,nom identique,KOULINTO
MEDINA YORO FOULAH,MEDINA YORO FOULAH,4936.0,nom identique,MEDINAYOROFOULAH
MEDINA YORO FOULAH,NDORNA,16168.0,nom identique,NDORNA
MEDINA YORO FOULAH,NIAMING,19852.0,nom identique,NIAMING
MEDINA YORO FOULAH,PATA,4265.0,nom identique,PATA
M’BACKE,DALLA NGABOU,12609.0,nom identique,DALLANGABOU
M’BACKE,DAROU NAHIM,2942.0,nom identique,DAROUNAHIM
M’BACKE,DAROU SALAM TYP,7245.0,nom identique,DAROUSALAMTYP
M’BACKE,DENDEYE GOUY GUI,7061.0,nom approche,DENDEYEGOUYEGUI
M’BACKE,KAEL,7144.0,nom identique,KAEL
M’BACKE,MADINA,8763.0,nom identique,MADINA
M’BACKE,MBACKE,101451.0,nom identique,MBACKE
M’BACKE,MISSIRAH,8416.0,nom identique,MISSIRAH
M’BACKE,NDIOUMANE,6651.0,commune decoupee,NDIOUMANETTHIEKENE
M’BACKE,NGHAYE,6777.0,nom identique,NGHAYE
M’BACKE,SADIO,24444.0,nom identique,SADIO
M’BACKE,TAIBA THIEKENE,2465.0,nom approche,TAIBATHIECKENE
M’BACKE,TAIF,18233.0,nom identique,TAIF
M’BACKE,TOUBA FALL,11500.0,nom identique,TOUBAFALL
M’BACKE,TOUBA MBOUL,13231.0,nom identique,TOUBAMBOUL
M’BACKE,TOUBA MOSQUEE,1120824.0,nom identique,TOUBAMOSQUEE
M’BOUR,DIASS,41433.0,nom identique,DIASS
M’BOUR,FISSEL,48981.0,nom identique,FISSEL
M’BOUR,JOAL FADHIOUTH,61582.0,nom approche,JOALFADIOUTH
M’BOUR,MALICOUNDA,117590.0,nom identique,MALICOUNDA
M’BOUR,MBOUR,284189.0,nom identique,MBOUR
M’BOUR,NDIAGANIAO,60654.0,nom identique,NDIAGANIAO
M’BOUR,NGAPAROU,13744.0,nom identique,NGAPAROU
M’BOUR,NGUEKHOKH,47964.0,nom identique,NGUEKHOKH
M’BOUR,NGUENIENE,48977.0,nom identique,NGUENIENE
M’BOUR,POPENGUINE,12743.0,nom identique,POPENGUINE
M’BOUR,SALY PORTUDAL,41811.0,nom identique,SALYPORTUDAL
M’BOUR,SANDIARA,38333.0,nom identique,SANDIARA
M’BOUR,SESSENE,31317.0,nom identique,SESSENE
M’BOUR,SINDIA,57056.0,nom identique,SINDIA
M’BOUR,SOMONE,8762.0,nom identique,SOMONE
M’BOUR,THIADIAYE,20168.0,nom identique,THIADIAYE
NIORO,DABALY,15254.0,nom identique,DABALY
NIORO,DAROU SALAM,36161.0,nom identique,DAROUSALAM
NIORO,GAINTHE KAYE,41022.0,nom approche,GAINTEKAYE
NIORO,KAYEMOR,34206.0,nom identique,KAYEMOR
NIORO,KEUR MABA DIAKHOU,36782.0,nom identique,KEURMABADIAKHOU
NIORO,KEUR MADIABEL,16551.0,nom identique,KEURMADIABEL
NIORO,KEUR MANDONGO,13488.0,nom identique,KEURMANDONGO
NIORO,MEDINA SABAKH,66096.0,nom identique,MEDINASABAKH
NIORO,NDRAME ESCALE,30098.0,nom identique,NDRAMEESCALE
NIORO,NGAYENE,35730.0,nom identique,NGAYENE
NIORO,NIORO,28491.0,commune decoupee,NIORODURIP
NIORO,PAOS KOTO,24988.0,nom identique,PAOSKOTO
NIORO,POROKHANE,46806.0,nom identique,POROKHANE
NIORO,TAIBA NIASSENE,38034.0,nom identique,TAIBANIASSENE
NIORO,WACK NGOUNA,48901.0,nom identique,WACKNGOUNA
OUSSOUYE,DIEMBERING,25902.0,nom identique,DIEMBERING
OUSSOUYE,MLOMP,11426.0,nom identique,MLOMP
OUSSOUYE,OUKOUT,8493.0,nom identique,OUKOUT
OUSSOUYE,OUSSOUYE,5705.0,nom identique,OUSSOUYE
OUSSOUYE,SANTHIABA MANJACK,3041.0,nom approche,SANTHIABAMANJACQUE
PIKINE,DALIFORT,39096.0,nom approche,DALIFORD
PIKINE,DIAMAGUENE SICAP MBAO,139376.0,nom identique,DIAMAGUENESICAPMBAO
PIKINE,DJIDAH THIAROYE KAO,100128.0,nom identique,DJIDAHTHIAROYEKAO
PIKINE,GUINAW RAIL NORD,29083.0,nom identique,GUINAWRAILNORD
PIKINE,GUINAW RAIL SUD,40185.0,nom identique,GUINAWRAILSUD
PIKINE,MBAO,149456.0,nom identique,MBAO
PIKINE,PIKINE EST,32717.0,nom identique,PIKINEEST
PIKINE,PIKINE NORD,49088.0,nom approche,PIKINENORDSUD
PIKINE,PIKINE OUEST,57240.0,nom identique,PIKINEOUEST
PIKINE,THIAROYE GARE,25037.0,nom identique,THIAROYEGARE
PIKINE,THIAROYE SUR MER,61079.0,nom identique,THIAROYESURMER
PIKINE,TIVAOUANE DIACKSAO,40892.0,nom approche,TIVAOUANEDIAKSAO
PODOR,AERE LAO,14384.0,nom identique,AERELAO
PODOR,BODE LAO,3760.0,nom identique,BODELAO
PODOR,BOKE DIALLOUBE,39506.0,nom identique,BOKEDIALLOUBE
PODOR,DEMETTE,3414.0,nom identique,DEMETTE
PODOR,DODEL,46316.0,nom identique,DODEL
PODOR,DOUMGA LAO,43611.0,nom identique,DOUMGALAO
PODOR,FANAYE,48174.0,nom identique,FANAYE
PODOR,GALOYA TOUCOULEUR,6501.0,nom identique,GALOYATOUCOULEUR
PODOR,GAMADJI SARE,29971.0,nom approche,GAMADJISARRE
PODOR,GOLLERE,7124.0,nom identique,GOLLERE
PODOR,GUEDE CHANTIER,7002.0,nom approche,GUEDECHANTIERS
PODOR,GUEDE VILLAGE,52678.0,nom identique,GUEDEVILLAGE
PODOR,MADINA NDIATHBE,41491.0,nom approche,MEDINANDIATHBE
PODOR,MBOLO BIRANE,31102.0,nom identique,MBOLOBIRANE
PODOR,MBOUMBA,5457.0,nom identique,MBOUMBA
PODOR,MERY,22731.0,nom identique,MERY
PODOR,NDIAYENE PEINDAO,34012.0,nom approche,NDIAYENEPENDAO
PODOR,NDIOUM,20270.0,nom identique,NDIOUM
PODOR,NIANDANE,6769.0,nom identique,NIANDANE
PODOR,PETE,4835.0,nom identique,PETE
PODOR,PODOR,12512.0,nom identique,PODOR
PODOR,WALALDE,4387.0,nom identique,WALALDE
RANEROU FERLO,LOUGRE THIOLY,11070.0,nom approche,LOUGUERETHIOLY
RANEROU FERLO,OUDALAYE,52301.0,nom approche,HOUDALAYE
RANEROU FERLO,RANEROU,4648.0,nom identique,RANEROU
RANEROU FERLO,VELINGARA,35206.0,nom identique,VELINGARA
RUFISQUE,BAMBILOR,61100.0,nom identique,BAMBILOR
RUFISQUE,BARGNY,69242.0,nom identique,BARGNY
RUFISQUE,DIAMNIADIO,47759.0,nom identique,DIAMNIADIO
RUFISQUE,RUFISQUE EST,84754.0,nom identique,RUFISQUEEST
RUFISQUE,RUFISQUE NORD,126253.0,nom approche,RUFISQUECENTRENORD
RUFISQUE,RUFISQUE OUEST,84452.0,nom identique,RUFISQUEOUEST
RUFISQUE,SANGALKAM,110958.0,nom identique,SANGALKAM
RUFISQUE,SEBIKOTANE,42839.0,nom identique,SEBIKOTANE
RUFISQUE,SENDOU,4045.0,nom identique,SENDOU
RUFISQUE,TIVAOUANE PEULH NIAGHA,152043.0,nom identique,TIVAOUANEPEULHNIAGHA
RUFISQUE,YENE,34892.0,nom identique,YENE
SAINT LOUIS,FASS NGOM,23154.0,nom identique,FASSNGOM
SAINT LOUIS,GANDON,71080.0,nom identique,GANDON
SAINT LOUIS,MPAL,11025.0,nom identique,MPAL
SAINT LOUIS,NDIEBENE GANDIOLE,27938.0,nom identique,NDIEBENEGANDIOLE
SAINT LOUIS,SAINT LOUIS,254171.0,nom identique,SAINTLOUIS
SALEMATA,DAKATELY,4767.0,nom identique,DAKATELY
SALEMATA,DAR SALAM,4165.0,nom identique,DARSALAM
SALEMATA,ETHIOLO,4310.0,nom identique,ETHIOLO
SALEMATA,KEVOYE,5559.0,nom identique,KEVOYE
SALEMATA,OUBADJI,2513.0,nom identique,OUBADJI
SALEMATA,SALEMATA,6712.0,nom identique,SALEMATA
SARAYA,BEMBOU,26820.0,nom identique,BEMBOU
SARAYA,KHOSSANTO,11176.0,nom identique,KHOSSANTO
SARAYA,MEDINA BAFFE,10743.0,nom identique,MEDINABAFFE
SARAYA,MISSIRAH SIRIMANA,21715.0,nom identique,MISSIRAHSIRIMANA
SARAYA,SABODALA,18016.0,nom identique,SABODALA
SARAYA,SARAYA,4385.0,nom identique,SARAYA
SEDHIOU,BAMBALY,20424.0,nom approche,BAMBALI
SEDHIOU,BEMET BIDJINI,13816.0,nom identique,BEMETBIDJINI
SEDHIOU,DIANNAH BA,9245.0,nom identique,DIANNAHBA
SEDHIOU,DIANNAH MALARY,3272.0,nom identique,DIANNAHMALARY
SEDHIOU,DIENDE,16703.0,nom identique,DIENDE
SEDHIOU,DJIBABOUYA,6845.0,nom identique,DJIBABOUYA
SEDHIOU,DJIREDJI,22946.0,nom identique,DJIREDJI
SEDHIOU,KOUSSY,12759.0,nom identique,KOUSSY
SEDHIOU,MARSASSOUM,9815.0,nom identique,MARSASSOUM
SEDHIOU,OUDOUCAR,11972.0,nom identique,OUDOUCAR
SEDHIOU,SAKAR,11535.0,nom identique,SAKAR
SEDHIOU,SAMA KANTA PEULH,4357.0,nom approche,SAMEKANTAPEULH
SEDHIOU,SAN SAMBA,18095.0,nom identique,SANSAMBA
SEDHIOU,SEDHIOU,31511.0,nom identique,SEDHIOU
TAMBACOUNDA,DIALACOTO,24519.0,nom identique,DIALACOTO
TAMBACOUNDA,KOUSSANAR,41104.0,nom identique,KOUSSANAR
TAMBACOUNDA,MAKACOLIBANTANG,52984.0,nom approche,MAKACOULIBANTANG
TAMBACOUNDA,MISSIRAH,57580.0,nom identique,MISSIRAH
TAMBACOUNDA,NDOGA BABACAR,28568.0,nom identique,NDOGABABACAR
TAMBACOUNDA,NETTEBOULOU,25992.0,nom identique,NETTEBOULOU
TAMBACOUNDA,NIANI TOUCOULEUR,18069.0,nom identique,NIANITOUCOULEUR
TAMBACOUNDA,SINTHIOU MALEME,29532.0,nom identique,SINTHIOUMALEME
TAMBACOUNDA,TAMBACOUNDA,149071.0,nom identique,TAMBACOUNDA
THIES,DIENDER,44358.0,commune decoupee,DIENDERGUEDJI
THIES,FANDENE,47139.0,nom identique,FANDENE
THIES,KAYAR,33273.0,nom identique,KAYAR
THIES,KEUR MOUSSA,61707.0,alias verifie,KEURMOUSSEUKEURMOUSSA
THIES,KHOMBOLE,20321.0,nom identique,KHOMBOLE
THIES,NDIEYENE SIRAKH,37295.0,nom identique,NDIEYENESIRAKH
THIES,NGOUDIANE,33350.0,nom identique,NGOUDIANE
THIES,NOTTO,55967.0,nom identique,NOTTO
THIES,POUT,29874.0,nom identique,POUT
THIES,TASSETE,26894.0,nom approche,TASSETTE
THIES,THIENABA,33918.0,nom identique,THIENABA
THIES,THIES EST,166256.0,nom identique,THIESEST
THIES,THIES NORD,136138.0,nom identique,THIESNORD
THIES,THIES OUEST,88859.0,nom identique,THIESOUEST
THIES,TOUBA TOUL,63837.0,nom identique,TOUBATOUL
TIVAOUANE,CHERIF LO,28759.0,nom identique,CHERIFLO
TIVAOUANE,DAROU KHOUDOSS,104346.0,nom identique,DAROUKHOUDOSS
TIVAOUANE,KOUL,32003.0,nom identique,KOUL
TIVAOUANE,MBAYENE,10447.0,nom identique,MBAYENE
TIVAOUANE,MBORO,40811.0,nom identique,MBORO
TIVAOUANE,MEKHE,27566.0,nom identique,MEKHE
TIVAOUANE,MEOUANE,46289.0,nom identique,MEOUANE
TIVAOUANE,MERINA DAKHAR,39103.0,nom identique,MERINADAKHAR
TIVAOUANE,MONT ROLLAND,17439.0,nom identique,MONTROLLAND
TIVAOUANE,NGANDIOUF,33255.0,nom identique,NGANDIOUF
TIVAOUANE,NIAKHENE,11295.0,nom identique,NIAKHENE
TIVAOUANE,NOTTO GOUYE DIAMA,34036.0,nom identique,NOTTOGOUYEDIAMA
TIVAOUANE,PAMBAL,10853.0,nom identique,PAMBAL
TIVAOUANE,PEKESSE,26294.0,nom identique,PEKESSE
TIVAOUANE,PIRE GOUREYE,32685.0,nom identique,PIREGOUREYE
TIVAOUANE,TAIBA NDIAYE,36721.0,nom identique,TAIBANDIAYE
TIVAOUANE,THILMAKHA,14629.0,nom identique,THILMAKHA
TIVAOUANE,TIVAOUANE,102658.0,nom identique,TIVAOUANE
VELINGARA,BONCONTO,13455.0,nom identique,BONCONTO
VELINGARA,DIAOBE KABENDOU,41411.0,nom identique,DIAOBEKABENDOU
VELINGARA,KANDIA,28768.0,nom identique,KANDIA
VELINGARA,KANDIAYE,15351.0,nom identique,KANDIAYE
VELINGARA,KOUNKANE,16216.0,nom identique,KOUNKANE
VELINGARA,LINKERING,22486.0,nom identique,LINKERING
VELINGARA,MEDINA GOUNASS,91085.0,nom identique,MEDINAGOUNASS
VELINGARA,NEMATABA,11883.0,nom identique,NEMATABA
VELINGARA,OUASSADOU,20849.0,nom identique,OUASSADOU
VELINGARA,PAKOUR,16237.0,nom identique,PAKOUR
VELINGARA,PAROUMBA,19220.0,nom identique,PAROUMBA
VELINGARA,SARE COLY SALLE,24469.0,nom identique,SARECOLYSALLE
VELINGARA,SINTHIANG KOUNDARA,38288.0,nom identique,SINTHIANGKOUNDARA
VELINGARA,VELINGARA,45431.0,nom identique,VELINGARA
ZIGUINCHOR,ADEANE,29579.0,nom identique,ADEANE
ZIGUINCHOR,BOUTOUPA CAMARACOUNDA,17364.0,nom identique,BOUTOUPACAMARACOUNDA
ZIGUINCHOR,ENAMPORE,4877.0,nom identique,ENAMPORE
ZIGUINCHOR,NIAGUIS,30811.0,nom identique,NIAGUIS
ZIGUINCHOR,NIASSIA,5669.0,nom approche,NYASSIA
ZIGUINCHOR,ZIGUINCHOR,214874.0,nom identique,ZIGUINCHOR
