code,niveau,code_ansd_sdmx,population_2023,population_2026,population_2030
SN0101,departement,SN-DK-DD,1278469,1352406,1454198
SN0101_BISCUITERIE,commune,SN-DK-DD2-2,74025,78306,84200
SN0101_CAMBERENE,commune,SN-DK-DD4-4,71432,75563,81251
SN0101_DIEUPEULDERKLE,commune,SN-DK-DD2-6,38725,40965,44048
SN0101_FANNPOINTEAMITIE,commune,SN-DK-DD1-5,20115,21278,22880
SN0101_GOREE,commune,SN-DK-DD1-1,1691,1789,1923
SN0101_GRANDDAKAR,commune,SN-DK-DD2-1,47334,50071,53840
SN0101_GRANDYOFF,commune,SN-DK-DD4-1,186775,197577,212448
SN0101_GUEULETAPEEFASSCOLOBANE,commune,SN-DK-DD1-4,59227,62652,67368
SN0101_HANNBELAIR,commune,SN-DK-DD2-4,86908,91934,98854
SN0101_HLM,commune,SN-DK-DD2-3,42975,45460,48882
SN0101_MEDINA,commune,SN-DK-DD1-3,82544,87318,93890
SN0101_MERMOZSACRECOEUR,commune,SN-DK-DD3-4,38598,40830,43903
SN0101_NGOR,commune,SN-DK-DD3-2,17706,18730,20140
SN0101_OUAKAM,commune,SN-DK-DD3-1,100541,106356,114361
SN0101_PARCELLESASSAINIES,commune,SN-DK-DD4-3,167671,177368,190718
SN0101_PATTEDOIE,commune,SN-DK-DD4-2,46821,49529,53257
SN0101_PLATEAU,commune,SN-DK-DD1-2,34951,36972,39755
SN0101_SICAPLIBERTE,commune,SN-DK-DD2-5,41079,43455,46725
SN0101_YOFF,commune,SN-DK-DD3-3,119351,126253,135756
SN0102,departement,SN-DK-GU,372708,394263,423938
SN0102_GOLFSUD,commune,SN-DK-GU1-1,114069,120666,129748
SN0102_MEDINAGOUNASS,commune,SN-DK-GU2-3,36588,38704,41617
SN0102_NDIAREMELIMAMOULAYE,commune,SN-DK-GU2-1,36024,38107,40976
SN0102_SAMNOTAIRE,commune,SN-DK-GU1-2,80566,85225,91640
SN0102_WAKHINANENIMZATT,commune,SN-DK-GU2-2,105461,111560,119957
SN0103,departement,SN-DK-PI,764597,808816,869693
SN0103_DALIFORD,commune,SN-DK-PI1-4,39096,41357,44470
SN0103_DIAMAGUENESICAPMBAO,commune,SN-DK-PI2-3,139376,147437,158534
SN0103_DJIDAHTHIAROYEKAO,commune,SN-DK-PI1-5,100128,105919,113891
SN0103_GUINAWRAILNORD,commune,SN-DK-PI1-6,30303,32056,34468
SN0103_GUINAWRAILSUD,commune,SN-DK-PI1-7,40185,42509,45709
SN0103_MBAO,commune,SN-DK-PI2-5,149456,158099,169999
SN0103_PIKINEEST,commune,SN-DK-PI1-2,32717,34609,37214
SN0103_PIKINENORDSUD,commune,SN-DK-PI1-3,49088,51927,55835
SN0103_PIKINEOUEST,commune,SN-DK-PI1-1,57240,60550,65108
SN0103_THIAROYEGARE,commune,SN-DK-PI2-4,25037,26485,28478
SN0103_THIAROYESURMER,commune,SN-DK-PI2-1,61079,64611,69474
SN0103_TIVAOUANEDIAKSAO,commune,SN-DK-PI2-2,40892,43257,46513
SN0104,departement,SN-DK-RU,818337,865664,930820
SN0104_BAMBILOR,commune,SN-DK-RU5-1,61100,64634,69498
SN0104_BARGNY,commune,SN-DK-RU2-1,69242,73246,78759
SN0104_DIAMNIADIO,commune,SN-DK-RU4-2,47759,50521,54324
SN0104_DIAXAYPARCELLENIAKOURAP,commune,SN-DK-KM3-1,71036,75144,80800
SN0104_RUFISQUECENTRENORD,commune,SN-DK-RU1-1,126253,133555,143607
SN0104_RUFISQUEEST,commune,SN-DK-RU1-2,84754,89656,96404
SN0104_RUFISQUEOUEST,commune,SN-DK-RU1-3,84452,89336,96060
SN0104_SANGALKAM,commune,SN-DK-RU5-3,110958,117375,126209
SN0104_SEBIKOTANE,commune,SN-DK-RU4-3,42839,45316,48727
SN0104_SENDOU,commune,SN-DK-RU3-1,4045,4279,4601
SN0104_TIVAOUANEPEULHNIAGHA,commune,SN-DK-RU5-2,152043,160836,172942
SN0104_YENE,commune,SN-DK-RU4-1,34892,36910,39688
SN0105,departement,SN-DK-KM,770314,814863,876196
SN0105_KEURMASSAR,commune,SN-DK-KM2-2+SN-DK-KM3-2,330127,349219,375504
SN0105_MALIKA,commune,SN-DK-KM2-1,56707,59987,64502
SN0105_YEUMBEULNORD,commune,SN-DK-KM1-1,204375,216195,232467
SN0105_YEUMBEULSUD,commune,SN-DK-KM1-2,108069,114319,122923
SN0201,departement,SN-DB-BA,376467,411787,464599
SN0201_BABAGARAGE,commune,SN-DB-BA2-1,18305,20022,22590
SN0201_BAMBEY,commune,SN-DB-BA1-1,37374,40880,46123
SN0201_DINGUIRAYE,commune,SN-DB-BA2-2,11881,12996,14662
SN0201_GAWANE,commune,SN-DB-BA3-1,19907,21775,24567
SN0201_KEURSAMBAKANE,commune,SN-DB-BA2-3,21036,23010,25961
SN0201_LAMBAYE,commune,SN-DB-BA3-2,30486,33346,37623
SN0201_NDANGALMA,commune,SN-DB-BA4-1,44398,48563,54792
SN0201_NDONDOL,commune,SN-DB-BA4-2,25843,28268,31893
SN0201_NGOGOM,commune,SN-DB-BA3-3,40948,44790,50534
SN0201_NGOYE,commune,SN-DB-BA4-3,54238,59327,66935
SN0201_REFANE,commune,SN-DB-BA3-4,39955,43704,49309
SN0201_THIAKHAR,commune,SN-DB-BA4-4,32096,35107,39610
SN0202,departement,SN-DB-DD,344109,376393,424666
SN0202_DANKHSENE,commune,SN-DB-DD2-1,12410,13574,15315
SN0202_DIOURBEL,commune,SN-DB-DD1-1,157554,172336,194438
SN0202_GADEESCALE,commune,SN-DB-DD2-2,4521,4945,5579
SN0202_KEURNGALGOU,commune,SN-DB-DD2-4,9760,10676,12045
SN0202_NDINDY,commune,SN-DB-DD2-3,17326,18952,21382
SN0202_NDOULO,commune,SN-DB-DD3-1,14820,16210,18289
SN0202_NGOHE,commune,SN-DB-DD3-2,40758,44582,50300
SN0202_PATAR,commune,SN-DB-DD3-3,26656,29157,32896
SN0202_TAIBAMOUTOUPHA,commune,SN-DB-DD2-5,13890,15193,17142
SN0202_TOCKYGARE,commune,SN-DB-DD3-4,24821,27150,30632
SN0202_TOUBALAPPE,commune,SN-DB-DD2-6,5127,5608,6327
SN0202_TOUREMBONDE,commune,SN-DB-DD3-5,16466,18011,20321
SN0203,departement,SN-DB-MB,1359756,1487328,1678078
SN0203_DALLANGABOU,commune,SN-DB-MB3-1,12609,13792,15561
SN0203_DAROUNAHIM,commune,SN-DB-MB2-7,2942,3218,3631
SN0203_DAROUSALAMTYP,commune,SN-DB-MB2-2,7245,7925,8941
SN0203_DENDEYEGOUYEGUI,commune,SN-DB-MB2-1,7061,7723,8714
SN0203_KAEL,commune,SN-DB-MB2-3,7144,7814,8816
SN0203_MADINA,commune,SN-DB-MB2-4,8763,9585,10814
SN0203_MBACKE,commune,SN-DB-MB1-1,101451,110969,125201
SN0203_MISSIRAH,commune,SN-DB-MB3-2,8416,9206,10386
SN0203_NDIOUMANETTHIEKENE,commune,SN-DB-MB2-5,6651,7275,8208
SN0203_NGHAYE,commune,SN-DB-MB3-3,6777,7413,8364
SN0203_SADIO,commune,SN-DB-MB4-1,24444,26737,30166
SN0203_TAIBATHIECKENE,commune,SN-DB-MB2-8,2465,2696,3042
SN0203_TAIF,commune,SN-DB-MB4-2,18233,19944,22501
SN0203_TOUBAFALL,commune,SN-DB-MB3-4,11500,12579,14192
SN0203_TOUBAMBOUL,commune,SN-DB-MB2-6,13231,14472,16328
SN0203_TOUBAMOSQUEE,commune,SN-DB-MB3-5,1120824,1225979,1383212
SN0301,departement,SN-FK-FD,408566,444977,501797
SN0301_DIAKHAO,commune,SN-FK-FD3-5,5590,6088,6866
SN0301_DIAOULE,commune,SN-FK-FD3-1,15313,16678,18807
SN0301_DIARRERE,commune,SN-FK-FD6-1,35775,38963,43939
SN0301_DIOFFIOR,commune,SN-FK-FD2-1,12795,13935,15715
SN0301_DIOUROUP,commune,SN-FK-FD6-2,26348,28696,32360
SN0301_DJILASSE,commune,SN-FK-FD4-4,11106,12096,13640
SN0301_DJIRNDA,commune,SN-FK-FO4-3,10418,11346,12795
SN0301_FATICK,commune,SN-FK-FD1-1,39361,42869,48343
SN0301_FIMELA,commune,SN-FK-FD4-1,30886,33638,37934
SN0301_LOULSESSENE,commune,SN-FK-FD4-2,22528,24536,27669
SN0301_MBELACADIAO,commune,SN-FK-FD3-2,18119,19734,22254
SN0301_NDIOB,commune,SN-FK-FD3-3,23407,25493,28748
SN0301_NGAYOKHEME,commune,SN-FK-FD5-1,29808,32464,36610
SN0301_NIAKHAR,commune,SN-FK-FD5-2,33696,36699,41385
SN0301_PALMARINFACAO,commune,SN-FK-FD4-3,10927,11901,13420
SN0301_PATAR,commune,SN-FK-FD5-3,30583,33308,37562
SN0301_TATTAGUINE,commune,SN-FK-FD6-3,36197,39423,44457
SN0301_THIARENDIALGUI,commune,SN-FK-FD3-4,26127,28455,32089
SN0302,departement,SN-FK-FO,375388,408842,461048
SN0302_BASSOUL,commune,SN-FK-FO4-1,11946,13011,14672
SN0302_DIAGANEBARKA,commune,SN-FK-FO3-3,12987,14144,15951
SN0302_DIONEWAR,commune,SN-FK-FO4-2,12589,13711,15462
SN0302_DIOSSONG,commune,SN-FK-FO3-2,26984,29389,33141
SN0302_DJILOR,commune,SN-FK-FO3-1,22876,24915,28096
SN0302_FOUNDIOUGNE,commune,SN-FK-FO1-1,8924,9719,10960
SN0302_KARANGPOSTE,commune,SN-FK-FO5-5,26972,29376,33127
SN0302_KEURSALOUMDIANE,commune,SN-FK-FO5-1,37793,41161,46417
SN0302_KEURSAMBAGUEYE,commune,SN-FK-FO5-2,36418,39663,44728
SN0302_MBAM,commune,SN-FK-FO3-4,11713,12757,14386
SN0302_NIASSENE,commune,SN-FK-FO3-5,20905,22768,25675
SN0302_NIOROALASSANETALL,commune,SN-FK-FO5-3,46366,50498,56946
SN0302_PASSY,commune,SN-FK-FO3-6,18322,19955,22503
SN0302_SOKONE,commune,SN-FK-FO2-1,20424,22244,25085
SN0302_SOUM,commune,SN-FK-FO3-7,6159,6708,7564
SN0302_TOUBACOUTA,commune,SN-FK-FO5-4,43592,47477,53539
SN0303,departement,SN-FK-GO,122968,133927,151028
SN0303_COLOBANE,commune,SN-FK-GO2-1,21341,23243,26211
SN0303_GOSSAS,commune,SN-FK-GO1-1,15630,17023,19197
SN0303_MBAR,commune,SN-FK-GO2-2,36318,39555,44605
SN0303_NDIENELAGANE,commune,SN-FK-GO3-1,15326,16692,18823
SN0303_NGUELOU,commune,SN-KL-GU3-2,11324,12689,14280
SN0303_OUADIOUR,commune,SN-FK-GO3-2,15609,17000,19171
SN0303_PATARLIA,commune,SN-FK-GO3-3,18744,20414,23021
SN0401,departement,SN-KA-BI,151064,167353,192626
SN0401_BIRKELANE,commune,SN-KA-BI1-1,10891,12065,13887
SN0401_DIAMAL,commune,SN-KA-BI2-3,15776,17477,20116
SN0401_KEURMBOUCKI,commune,SN-KA-BI2-1,14229,15763,18144
SN0401_MABO,commune,SN-KA-BI3-1,36514,40451,46560
SN0401_MBEULEUP,commune,SN-KA-BI3-3,7484,8291,9543
SN0401_NDIOGNICK,commune,SN-KA-BI3-2,44449,49242,56678
SN0401_SEGREGATTA,commune,SN-KA-BI3-4,7307,8095,9317
SN0401_TOUBAMBELLA,commune,SN-KA-BI2-2,14414,15968,18380
SN0402,departement,SN-KA-KA,280787,311063,358039
SN0402_BOULELGOUMACK,commune,SN-KA-KA2-1,30083,33327,38360
SN0402_DIAMAGADIO,commune,SN-KA-KA3-4,24420,27053,31139
SN0402_DIOKOULMBELBOUCK,commune,SN-KA-KA3-1,33591,37213,42833
SN0402_GNIBY,commune,SN-KA-KA2-2,19778,21911,25219
SN0402_KAFFRINE,commune,SN-KA-KA1-1,57307,63486,73074
SN0402_KAHI,commune,SN-KA-KA2-3,29215,32365,37253
SN0402_KATHIOTE,commune,SN-KA-KA3-2,44396,49183,56611
SN0402_KHELCOM,commune,SN-KA-MH2-3,1834,2032,2339
SN0402_MEDINATOULSALAMII,commune,SN-KA-KA3-3,27628,30607,35229
SN0402_NGANDA,commune,SN-KA-KA3-5,14369,15918,18322
SN0403,departement,SN-KA-KO,253304,280617,322995
SN0403_FASSTHIEKENE,commune,SN-KA-KO2-2,23547,26086,30025
SN0403_GAINTHEPATHE,commune,SN-KA-KO4-1,25769,28548,32859
SN0403_IDAMOURIDE,commune,SN-KA-KO2-3,31535,34935,40211
SN0403_KOUNGHEUL,commune,SN-KA-KO1-1,31149,34508,39719
SN0403_LOURESCALE,commune,SN-KA-KO3-1,34905,38669,44508
SN0403_MAKAYOPP,commune,SN-KA-KO4-2,19428,21523,24773
SN0403_MISSIRAHWADENE,commune,SN-KA-KO4-3,29827,33043,38033
SN0403_RIBOTESCALE,commune,SN-KA-KO3-2,23010,25491,29341
SN0403_SALYESCALE,commune,SN-KA-KO2-1,34134,37815,43525
SN0404,departement,SN-KA-MH,135249,149832,172460
SN0404_DAROUMINAMII,commune,SN-KA-MH2-1,21301,23598,27161
SN0404_DIANKESOUF,commune,SN-KA-MH3-1,25357,28091,32333
SN0404_MALEMHODDAR,commune,SN-KA-MH1-1,12188,13502,15541
SN0404_NDIOBENESAMBALAMA,commune,SN-KA-MH2-4,8581,9506,10942
SN0404_NDIOUMNGAINTHE,commune,SN-KA-MH2-2,12613,13973,16083
SN0404_SAGNA,commune,SN-KA-MH3-2,53375,59130,68060
SN0501,departement,SN-KL-GU,160057,178642,201049
SN0501_DARAMBOSS,commune,SN-KL-GU3-4,6857,7907,8898
SN0501_FASSKANE,commune,SN-KL-GU2-5,6453,6583,7409
SN0501_GAGNICK,commune,SN-KL-GU3-1,10272,11350,12774
SN0501_GUINGUENEO,commune,SN-KL-GU1-1,20340,21202,23862
SN0501_KAHONE,commune,SN-KL-KA2-1,26376,30052,33822
SN0501_KHELCOMBIRANE,commune,SN-KL-GU2-4,16865,19000,21383
SN0501_MBADAKHOUNE,commune,SN-KL-GU2-1,25409,30296,34096
SN0501_MBOSS,commune,SN-KL-GU3-6,6094,6557,7380
SN0501_NDIAGO,commune,SN-KL-GU2-2,13079,14990,16871
SN0501_NGATHIENAOUDE,commune,SN-KL-GU2-3,18937,21103,23750
SN0501_OUROUR,commune,SN-KL-GU3-3,15267,16774,18878
SN0501_PANALOUOLOF,commune,SN-KL-GU3-5,9160,10191,11469
SN0502,departement,SN-KL-KA,664053,720195,810532
SN0502_DYA,commune,SN-KL-KA5-1,19866,22187,24970
SN0502_GANDIAYE,commune,SN-KL-KA5-4,18239,19339,21765
SN0502_KAOLACK,commune,SN-KL-KA1-1,298904,323010,363526
SN0502_KEURBAKA,commune,SN-KL-KA4-3,29309,31563,35523
SN0502_KEURSOCE,commune,SN-KL-KA3-1,37567,40569,45658
SN0502_LATMINGUE,commune,SN-KL-KA4-1,41156,44775,50391
SN0502_NDIAFFATE,commune,SN-KL-KA3-2,49493,54985,61882
SN0502_NDIEBEL,commune,SN-KL-KA5-2,16636,18309,20605
SN0502_NDIEDIENG,commune,SN-KL-KA3-3,41021,44514,50097
SN0502_NDOFFANE,commune,SN-KL-KA4-4,18974,19272,21689
SN0502_SIBASSOR,commune,SN-KL-KA5-5,11508,12022,13530
SN0502_THIARE,commune,SN-KL-KA4-2,35776,38626,43471
SN0502_THIOMBY,commune,SN-KL-KA5-3,19228,20973,23604
SN0503,departement,SN-KL-ND,512608,558342,628377
SN0503_DABALY,commune,SN-KL-ND3-5,15254,17547,19748
SN0503_DAROUSALAM,commune,SN-KL-ND3-6,36161,38546,43381
SN0503_GAINTEKAYE,commune,SN-KL-ND3-1,41022,46204,52000
SN0503_KAYEMOR,commune,SN-KL-ND2-1,34206,37564,42275
SN0503_KEURMABADIAKHOU,commune,SN-KL-ND4-1,36782,41044,46192
SN0503_KEURMADIABEL,commune,SN-KL-ND4-5,16551,17577,19782
SN0503_KEURMANDONGO,commune,SN-KL-ND4-4,13488,14634,16470
SN0503_MEDINASABAKH,commune,SN-KL-ND2-2,66096,71590,80570
SN0503_NDRAMEESCALE,commune,SN-KL-ND4-2,30098,32790,36903
SN0503_NGAYENE,commune,SN-KL-ND2-3,35730,37091,41743
SN0503_NIORODURIP,commune,SN-KL-ND1-1,28491,30607,34446
SN0503_PAOSKOTO,commune,SN-KL-ND3-2,24988,26844,30211
SN0503_POROKHANE,commune,SN-KL-ND3-3,46806,50840,57217
SN0503_TAIBANIASSENE,commune,SN-KL-ND3-4,38034,41538,46749
SN0503_WACKNGOUNA,commune,SN-KL-ND4-3,48901,53927,60691
SN0601,departement,SN-KE-KE,124266,135193,151491
SN0601_BANDAFASSI,commune,SN-KE-KE2-1,15840,17233,19310
SN0601_DIMBOLI,commune,SN-KE-KE3-1,9023,9816,11000
SN0601_DINDEFELLO,commune,SN-KE-KE2-3,7590,8257,9253
SN0601_FONGOLEMBI,commune,SN-KE-KE3-2,5507,5991,6714
SN0601_KEDOUGOU,commune,SN-KE-KE1-1,59231,64439,72208
SN0601_NINEFECHA,commune,SN-KE-KE2-4,8715,9481,10624
SN0601_TOMBORONKOTO,commune,SN-KE-KE2-2,18360,19974,22382
SN0602,departement,SN-KE-SL,28026,30490,34166
SN0602_DAKATELY,commune,SN-KE-SL2-1,4767,5186,5811
SN0602_DARSALAM,commune,SN-KE-SL3-1,4165,4531,5077
SN0602_ETHIOLO,commune,SN-KE-SL3-2,4310,4689,5254
SN0602_KEVOYE,commune,SN-KE-SL2-2,5559,6048,6777
SN0602_OUBADJI,commune,SN-KE-SL3-3,2513,2734,3064
SN0602_SALEMATA,commune,SN-KE-SL1-1,6712,7302,8182
SN0603,departement,SN-KE-SA,92855,101020,113198
SN0603_BEMBOU,commune,SN-KE-SA2-2,26820,29178,32696
SN0603_KHOSSANTO,commune,SN-KE-SA3-1,11176,12159,13624
SN0603_MEDINABAFFE,commune,SN-KE-SA2-1,10743,11688,13097
SN0603_MISSIRAHSIRIMANA,commune,SN-KE-SA3-2,21715,23625,26472
SN0603_SABODALA,commune,SN-KE-SA3-3,18016,19600,21963
SN0603_SARAYA,commune,SN-KE-SA1-1,4385,4771,5346
SN0701,departement,SN-KD-KD,324192,353843,399384
SN0701_BAGADADJI,commune,SN-KD-KD3-1,20086,21923,24745
SN0701_COUMBACARA,commune,SN-KD-KD3-2,15025,16399,18510
SN0701_DABO,commune,SN-KD-KD3-6,9611,10490,11840
SN0701_DIALAMBERE,commune,SN-KD-KD3-4,16959,18510,20892
SN0701_DIOULACOLON,commune,SN-KD-KD2-1,32090,35025,39533
SN0701_GUIROYEROBOCAR,commune,SN-KD-KD2-4,18900,20629,23284
SN0701_KOLDA,commune,SN-KD-KD1-1,103574,113047,127596
SN0701_MAMPATIM,commune,SN-KD-KD3-3,21955,23963,27047
SN0701_MEDINACHERIF,commune,SN-KD-KD3-5,15918,17374,19610
SN0701_MEDINAELHADJI,commune,SN-KD-KD2-2,15204,16595,18730
SN0701_SALIKEGNE,commune,SN-KD-KD2-5,4641,5065,5717
SN0701_SAREBIDJI,commune,SN-KD-KD4-1,22371,24417,27560
SN0701_SAREYOBADIEGA,commune,SN-KD-KD2-6,4199,4583,5173
SN0701_TANKANTOESCALE,commune,SN-KD-KD2-3,18348,20026,22604
SN0701_THIETTY,commune,SN-KD-KD4-2,5311,5797,6543
SN0702,departement,SN-KD-MY,185456,202418,228470
SN0702_BADION,commune,SN-KD-MY2-2,17878,19513,22025
SN0702_BIGNARABE,commune,SN-KD-MY3-2,7766,8476,9567
SN0702_BOUROUCOBIRANECISSE,commune,SN-KD-MY3-3,35461,38704,43686
SN0702_DINGUIRAYE,commune,SN-KD-MY4-1,18514,20207,22808
SN0702_FAFACOUROU,commune,SN-KD-MY2-1,10911,11909,13442
SN0702_KEREWANE,commune,SN-KD-MY4-2,41030,44783,50546
SN0702_KOULINTO,commune,SN-KD-MY3-4,8675,9468,10687
SN0702_MEDINAYOROFOULAH,commune,SN-KD-MY1-1,4936,5387,6081
SN0702_NDORNA,commune,SN-KD-MY3-1,16168,17647,19918
SN0702_NIAMING,commune,SN-KD-MY4-3,19852,21668,24456
SN0702_PATA,commune,SN-KD-MY4-4,4265,4655,5254
SN0703,departement,SN-KD-VE,405149,442205,499117
SN0703_BONCONTO,commune,SN-KD-VE2-1,13455,14686,16576
SN0703_DIAOBEKABENDOU,commune,SN-KD-VE4-5,41411,45199,51016
SN0703_KANDIA,commune,SN-KD-VE4-1,28768,31399,35440
SN0703_KANDIAYE,commune,SN-KD-VE4-4,15351,16755,18911
SN0703_KOUNKANE,commune,SN-KD-VE4-6,16216,17699,19977
SN0703_LINKERING,commune,SN-KD-VE2-2,22486,24543,27701
SN0703_MEDINAGOUNASS,commune,SN-KD-VE2-3,91085,99416,112211
SN0703_NEMATABA,commune,SN-KD-VE4-3,11883,12970,14639
SN0703_OUASSADOU,commune,SN-KD-VE3-1,20849,22756,25685
SN0703_PAKOUR,commune,SN-KD-VE3-3,19220,20978,23678
SN0703_PAROUMBA,commune,SN-KD-VE3-2,16237,17722,20003
SN0703_SARECOLYSALLE,commune,SN-KD-VE4-2,24469,26707,30144
SN0703_SINTHIANGKOUNDARA,commune,SN-KD-VE2-4,38288,41790,47168
SN0703_VELINGARA,commune,SN-KD-VE1-1,45431,49586,55968
SN0801,departement,SN-LG-KE,335921,364850,406247
SN0801_BADEGNEOUOLOF,commune,SN-LG-KE3-1,19038,19146,21319
SN0801_DAROUMARNANE,commune,SN-LG-KE2-1,14074,15627,17400
SN0801_DAROUMOUSTY,commune,SN-LG-KE2-2,52524,55888,62229
SN0801_DIOKOULDIAWRIGNE,commune,SN-LG-KE3-2,21044,22880,25476
SN0801_GUEOUL,commune,SN-LG-KE3-6,10547,10872,12105
SN0801_KABGAYE,commune,SN-LG-KE3-3,14560,16686,18579
SN0801_KANENENDIOB,commune,SN-LG-KE4-1,11358,12311,13707
SN0801_KEBEMER,commune,SN-LG-KE1-1,27305,28869,32144
SN0801_LORO,commune,SN-LG-KE4-2,9708,10727,11944
SN0801_MBACKEKADIOR,commune,SN-LG-KE2-7,6234,6942,7729
SN0801_MBADIANE,commune,SN-LG-KE2-3,10240,12056,13423
SN0801_NDANDE,commune,SN-LG-KE3-4,32065,34041,37903
SN0801_NDOYENE,commune,SN-LG-KE2-4,6517,6890,7672
SN0801_NGOURANEOUOLOF,commune,SN-LG-KE4-5,12366,13456,14982
SN0801_SAGATTAGUETH,commune,SN-LG-KE4-3,18114,20166,22454
SN0801_SAMYABAL,commune,SN-LG-KE2-5,12210,13769,15331
SN0801_THIEPPE,commune,SN-LG-KE3-5,23419,26706,29736
SN0801_THIOLOMFALL,commune,SN-LG-KE4-4,25042,27330,30431
SN0801_TOUBAMERINA,commune,SN-LG-KE2-6,9556,10491,11682
SN0802,departement,SN-LG-LI,312224,341927,380723
SN0802_AFFEDJOLOF,commune,SN-LG-LI6-5,6796,6829,7604
SN0802_BARKEDJI,commune,SN-LG-LI3-1,25122,27797,30951
SN0802_BOULAL,commune,SN-LG-LI6-1,12430,13339,14852
SN0802_DAHRA,commune,SN-LG-LI2-1,45530,50422,56143
SN0802_DEALI,commune,SN-LG-LI6-2,26745,31545,35125
SN0802_DODJI,commune,SN-LG-LI4-1,19091,20516,22844
SN0802_GASSANE,commune,SN-LG-LI3-2,24141,27469,30585
SN0802_KAMB,commune,SN-LG-LI5-1,10962,11539,12848
SN0802_LABGAR,commune,SN-LG-LI4-2,10547,10675,11886
SN0802_LINGUERE,commune,SN-LG-LI1-1,19191,21261,23674
SN0802_MBEULEUKHE,commune,SN-LG-LI5-5,1968,2098,2336
SN0802_MBOULA,commune,SN-LG-LI5-2,9420,9552,10635
SN0802_OUARKHOKH,commune,SN-LG-LI4-3,20861,22707,25283
SN0802_SAGATTADJOLOF,commune,SN-LG-LI6-3,13971,14871,16558
SN0802_TESSEKREFORAGE,commune,SN-LG-LI5-3,11691,12062,13431
SN0802_THIAMENEDJOLOFTHIAMENEPASS,commune,SN-LG-LI6-4,20136,22113,24622
SN0802_THIARGNY,commune,SN-LG-LI3-3,10893,12101,13474
SN0802_THIEL,commune,SN-LG-LI3-4,16934,18889,21032
SN0802_YANGYANG,commune,SN-LG-LI5-4,5795,6142,6839
SN0803,departement,SN-LG-LD,477765,511625,569676
SN0803_COKI,commune,SN-LG-LD2-1,29317,35182,39173
SN0803_GANDE,commune,SN-LG-LD3-1,17197,18010,20053
SN0803_GUETARDO,commune,SN-LG-LD2-4,11257,12550,13974
SN0803_KELLEGUEYE,commune,SN-LG-LD4-1,13749,14698,16366
SN0803_KEURMOMARSARR,commune,SN-LG-LD3-2,40451,44815,49900
SN0803_LEONA,commune,SN-LG-LD5-1,46268,51549,57398
SN0803_LOUGA,commune,SN-LG-LD1-1,113365,122029,135875
SN0803_MBEDIENE,commune,SN-LG-LD4-2,14438,15694,17475
SN0803_NDIAGNE,commune,SN-LG-LD2-5,10046,10299,11468
SN0803_NGUERMALAL,commune,SN-LG-LD3-3,34247,33060,36811
SN0803_NGUEUNESARR,commune,SN-LG-LD5-2,21660,23435,26094
SN0803_NGUIDILE,commune,SN-LG-LD4-3,32327,33205,36972
SN0803_NIOMRE,commune,SN-LG-LD4-4,21136,20477,22801
SN0803_PETEOUARACK,commune,SN-LG-LD2-2,6187,6337,7056
SN0803_SAKAL,commune,SN-LG-LD5-3,32469,33922,37771
SN0803_SYER,commune,SN-LG-LD3-4,13843,15134,16851
SN0803_THIAMENECAYOR,commune,SN-LG-LD2-3,19808,21229,23638
SN0901,departement,SN-MT-KA,341520,371969,419096
SN0901_AOURE,commune,SN-MT-KA2-3,55799,60774,68474
SN0901_BOKILADJI,commune,SN-MT-KA2-1,46164,50280,56650
SN0901_DEMBANCANE,commune,SN-MT-KA2-4,5781,6296,7094
SN0901_HAMADYOUNARE,commune,SN-MT-KA3-3,12646,13773,15519
SN0901_KANEL,commune,SN-MT-KA1-1,15244,16603,18707
SN0901_NDENDORY,commune,SN-MT-KA3-1,50965,55509,62542
SN0901_ODOBERE,commune,SN-MT-KA2-5,7384,8042,9061
SN0901_ORKADIERE,commune,SN-MT-KA2-2,56051,61048,68783
SN0901_OUROSIDY,commune,SN-MT-KA3-2,52849,57561,64854
SN0901_SEMME,commune,SN-MT-KA2-6,9213,10034,11306
SN0901_SINTHIOUBAMAMBEBANADJI,commune,SN-MT-KA3-4,20048,21835,24602
SN0901_WAOUNDE,commune,SN-MT-KA2-7,9376,10212,11506
SN0902,departement,SN-MT-MA,386887,421381,474768
SN0902_AGNAMCIVOL,commune,SN-MT-MA3-1,33358,36332,40935
SN0902_BOKIDIAWE,commune,SN-MT-MA4-1,73400,79944,90073
SN0902_DABIAOBEDJI,commune,SN-MT-MA3-3,29197,31800,35829
SN0902_MATAM,commune,SN-MT-MA1-1,27695,30164,33986
SN0902_NABADJICIVOL,commune,SN-MT-MA4-2,75055,81747,92104
SN0902_NGUIDJILOGNE,commune,SN-MT-MA3-4,14423,15709,17699
SN0902_OGO,commune,SN-MT-MA4-3,65694,71551,80616
SN0902_OREFONDE,commune,SN-MT-MA3-2,25799,28099,31659
SN0902_OUROSSOGUI,commune,SN-MT-MA2-1,27222,29649,33405
SN0902_THILOGNE,commune,SN-MT-MA3-5,15044,16385,18461
SN0903,departement,SN-MT-RF,103225,112428,126673
SN0903_HOUDALAYE,commune,SN-MT-RF2-3,35206,38345,43203
SN0903_LOUGUERETHIOLY,commune,SN-MT-RF2-1,11070,12057,13585
SN0903_RANEROU,commune,SN-MT-RF1-1,4648,5062,5704
SN0903_VELINGARA,commune,SN-MT-RF2-2,52301,56964,64181
SN1001,departement,SN-SL-DA,329063,352975,388569
SN1001_BOKHOL,commune,SN-SL-DA3-2,22651,24297,26747
SN1001_DAGANA,commune,SN-SL-DA1-1,26568,28499,31372
SN1001_DIAMA,commune,SN-SL-DA4-1,48498,52022,57268
SN1001_GAE,commune,SN-SL-DA3-3,12296,13190,14520
SN1001_MBANE,commune,SN-SL-DA3-1,40754,43715,48124
SN1001_NDOMBO,commune,SN-SL-DA3-4,6180,6629,7298
SN1001_NGNITH,commune,SN-SL-DA4-2,32709,35086,38624
SN1001_RICHARDTOLL,commune,SN-SL-DA2-1,73147,78462,86375
SN1001_RONKH,commune,SN-SL-DA4-3,27736,29751,32752
SN1001_ROSSBETHIO,commune,SN-SL-DA4-4,16225,17404,19159
SN1001_ROSSOSENEGAL,commune,SN-SL-DA4-5,22299,23919,26331
SN1002,departement,SN-SL-PO,486007,521323,573895
SN1002_AERELAO,commune,SN-SL-PO3-4,14384,15429,16985
SN1002_BODELAO,commune,SN-SL-PO6-4,3760,4033,4440
SN1002_BOKEDIALLOUBE,commune,SN-SL-PO4-1,39506,42377,46650
SN1002_DEMETTE,commune,SN-SL-PO6-5,3414,3662,4031
SN1002_DODEL,commune,SN-SL-PO6-1,46316,49682,54692
SN1002_DOUMGALAO,commune,SN-SL-PO3-2,43611,46780,51497
SN1002_FANAYE,commune,SN-SL-PO5-1,48174,51675,56886
SN1002_GALOYATOUCOULEUR,commune,SN-SL-PO4-3,6501,6973,7677
SN1002_GAMADJISARRE,commune,SN-SL-PO6-2,29971,32149,35391
SN1002_GOLLERE,commune,SN-SL-PO3-5,7124,7642,8412
SN1002_GUEDECHANTIERS,commune,SN-SL-PO6-6,7002,7511,8268
SN1002_GUEDEVILLAGE,commune,SN-SL-PO6-3,52678,56506,62204
SN1002_MBOLOBIRANE,commune,SN-SL-PO4-2,31102,33362,36726
SN1002_MBOUMBA,commune,SN-SL-PO3-6,5457,5854,6444
SN1002_MEDINANDIATHBE,commune,SN-SL-PO3-1,41491,44506,48994
SN1002_MERY,commune,SN-SL-PO3-3,22731,24383,26842
SN1002_NDIAYENEPENDAO,commune,SN-SL-PO5-2,34012,36484,40163
SN1002_NDIOUM,commune,SN-SL-PO2-1,20270,21743,23936
SN1002_NIANDANE,commune,SN-SL-PO5-3,6769,7261,7993
SN1002_PETE,commune,SN-SL-PO4-4,4835,5186,5709
SN1002_PODOR,commune,SN-SL-PO1-1,12512,13421,14775
SN1002_WALALDE,commune,SN-SL-PO3-7,4387,4706,5180
SN1003,departement,SN-SL-SD,387368,415517,457418
SN1003_FASSNGOM,commune,SN-SL-SD2-2,23154,24837,27341
SN1003_GANDON,commune,SN-SL-SD2-1,71080,76245,83934
SN1003_MPAL,commune,SN-SL-SD2-4,11025,11826,13019
SN1003_NDIEBENEGANDIOLE,commune,SN-SL-SD2-3,27938,29968,32990
SN1003_SAINTLOUIS,commune,SN-SL-SD1-1,254171,272641,300134
SN1101,departement,SN-SE-BO,207872,227236,257379
SN1101_BOGHAL,commune,SN-SE-BO2-1,19561,21383,24220
SN1101_BONA,commune,SN-SE-BO3-1,8880,9707,10995
SN1101_BOUNKILING,commune,SN-SE-BO1-1,9969,10898,12343
SN1101_DIACOUNDA,commune,SN-SE-BO3-2,8458,9246,10472
SN1101_DIAMBATY,commune,SN-SE-BO4-2,14520,15873,17978
SN1101_DIAROUME,commune,SN-SE-BO4-1,23718,25927,29367
SN1101_DJINANI,commune,SN-SE-BO2-3,4808,5256,5953
SN1101_FAOUNE,commune,SN-SE-BO4-3,18594,20326,23022
SN1101_INOR,commune,SN-SE-BO3-3,12255,13397,15174
SN1101_KANDIONMANGANA,commune,SN-SE-BO3-4,2381,2603,2948
SN1101_MEDINAWANDIFA,commune,SN-SE-BO4-4,18531,20257,22944
SN1101_NDIAMACOUTA,commune,SN-SE-BO2-5,11543,12618,14292
SN1101_NDIAMALATHIEL,commune,SN-SE-BO2-4,20305,22196,25141
SN1101_TANKON,commune,SN-SE-BO2-2,34349,37549,42530
SN1102,departement,SN-SE-GO,188097,205619,232894
SN1102_BAGHERE,commune,SN-SE-GO4-3,13492,14749,16705
SN1102_DIATTACOUNDA,commune,SN-SE-GO2-6,4949,5410,6128
SN1102_DIOUBOUDOU,commune,SN-SE-GO4-4,6959,7607,8616
SN1102_DJIBANAR,commune,SN-SE-GO2-1,12165,13298,15062
SN1102_GOUDOMP,commune,SN-SE-GO1-1,15993,17483,19802
SN1102_KAOUR,commune,SN-SE-GO2-2,5701,6232,7059
SN1102_KARANTABA,commune,SN-SE-GO3-1,18915,20677,23420
SN1102_KOLIBANTANG,commune,SN-SE-GO3-2,12870,14069,15935
SN1102_MANGAROUNGOUSANTO,commune,SN-SE-GO2-3,13689,14964,16949
SN1102_NIAGHA,commune,SN-SE-GO4-1,14730,16102,18238
SN1102_SAMINEESCALE,commune,SN-SE-GO2-7,6532,7140,8088
SN1102_SIMBANDIBALANTE,commune,SN-SE-GO2-4,23237,25402,28771
SN1102_SIMBANDIBRASSOU,commune,SN-SE-GO4-2,16302,17821,20184
SN1102_TANAFF,commune,SN-SE-GO4-5,6683,7306,8275
SN1102_YARANGBALANTE,commune,SN-SE-GO2-5,15880,17359,19662
SN1103,departement,SN-SE-SD,193295,211301,239330
SN1103_BAMBALI,commune,SN-SE-SD5-1,20424,22327,25288
SN1103_BEMETBIDJINI,commune,SN-SE-SD4-1,13816,15103,17106
SN1103_DIANNAHBA,commune,SN-SE-SD3-3,9245,10106,11447
SN1103_DIANNAHMALARY,commune,SN-SE-SD3-7,3272,3577,4051
SN1103_DIENDE,commune,SN-SE-SD3-1,16703,18259,20681
SN1103_DJIBABOUYA,commune,SN-SE-SD4-3,6845,7483,8475
SN1103_DJIREDJI,commune,SN-SE-SD5-2,22946,25084,28411
SN1103_KOUSSY,commune,SN-SE-SD3-4,12759,13948,15798
SN1103_MARSASSOUM,commune,SN-SE-SD2-1,9815,10729,12153
SN1103_OUDOUCAR,commune,SN-SE-SD3-5,11972,13087,14823
SN1103_SAKAR,commune,SN-SE-SD3-2,11535,12610,14282
SN1103_SAMEKANTAPEULH,commune,SN-SE-SD3-6,4357,4763,5395
SN1103_SANSAMBA,commune,SN-SE-SD4-2,18095,19781,22405
SN1103_SEDHIOU,commune,SN-SE-SD1-1,31511,34446,39016
SN1201,departement,SN-TC-BA,189937,207884,235791
SN1201_BAKEL,commune,SN-TC-BA1-1,18939,22221,25204
SN1201_BALLOU,commune,SN-TC-BA4-1,23958,25444,28860
SN1201_BELE,commune,SN-TC-BA3-1,25861,28460,32281
SN1201_DIAWARA,commune,SN-TC-BA4-4,12147,12626,14321
SN1201_GABOU,commune,SN-TC-BA4-2,28612,30964,35121
SN1201_GATHIARY,commune,SN-TC-BA2-1,3973,4414,5007
SN1201_KIDIRA,commune,SN-TC-BA3-3,13551,15250,17297
SN1201_MADINAFOULBE,commune,SN-TC-BA2-2,3803,4547,5158
SN1201_MOUDERY,commune,SN-TC-BA4-3,23906,24388,27661
SN1201_SADATOU,commune,SN-TC-BA2-3,17259,20575,23337
SN1201_SINTHIOUFISSA,commune,SN-TC-BA3-2,12900,13719,15561
SN1201_TOUMBOURA,commune,SN-TC-BA2-4,5028,5275,5983
SN1202,departement,SN-TC-GO,170601,183898,208585
SN1202_BALA,commune,SN-TC-GO2-1,9799,10980,12454
SN1202_BANIISRAEL,commune,SN-TC-GO4-1,8681,9054,10269
SN1202_BOYNGUELBAMBA,commune,SN-TC-GO3-2,21666,23162,26271
SN1202_DIANKEMAKHA,commune,SN-TC-GO4-3,10949,11793,13377
SN1202_DOUGUE,commune,SN-TC-GO3-1,9275,9702,11005
SN1202_GOUDIRY,commune,SN-TC-GO1-1,10540,11531,13079
SN1202_GOUMBAYEL,commune,SN-TC-GO2-2,9125,9792,11107
SN1202_KOAR,commune,SN-TC-GO2-3,12165,12979,14721
SN1202_KOMOTI,commune,SN-TC-GO4-4,12179,13097,14855
SN1202_KOTHIARY,commune,SN-TC-GO5-3,6157,6679,7576
SN1202_KOULOR,commune,SN-TC-GO5-1,15027,16424,18629
SN1202_KOUSSAN,commune,SN-TC-GO3-3,16616,17917,20322
SN1202_SINTHIOUBOCARALI,commune,SN-TC-GO5-2,8946,10288,11669
SN1202_SINTHIOUMAMADOUBOUBOU,commune,SN-TC-GO3-4,11022,11396,12926
SN1203,departement,SN-TC-KO,199197,222524,252397
SN1203_BAMBANDIAYENEBAMBATHIALENE,commune,SN-TC-KO2-1,21543,23774,26965
SN1203_KAHENE,commune,SN-TC-KO2-2,22566,24931,28278
SN1203_KOUMPENTOUM,commune,SN-TC-KO1-1,15723,16873,19138
SN1203_KOUTHIABAOUOLOF,commune,SN-TC-KO3-2,29785,34249,38846
SN1203_KOUTHIAGAYDI,commune,SN-TC-KO3-1,17471,19817,22477
SN1203_MALEMENIANI,commune,SN-TC-KO3-5,4455,4923,5584
SN1203_MERETO,commune,SN-TC-KO2-3,17546,19896,22567
SN1203_NDAME,commune,SN-TC-KO2-4,14295,15782,17901
SN1203_NIANITOUCOULEUR,commune,SN-TC-TD3-3,18069,20141,22845
SN1203_PASSKOTO,commune,SN-TC-KO3-3,19112,21148,23987
SN1203_PAYAR,commune,SN-TC-KO3-4,36701,41132,46654
SN1204,departement,SN-TC-TD,427419,467953,530772
SN1204_BOUTOUCOUFARA,commune,SN-TC-GO4-2,8454,9103,10325
SN1204_DIALACOTO,commune,SN-TC-TD4-1,24519,28063,31831
SN1204_KOUSSANAR,commune,SN-TC-TD2-1,41104,44518,50494
SN1204_MAKACOULIBANTANG,commune,SN-TC-TD3-1,52984,58581,66445
SN1204_MISSIRAH,commune,SN-TC-TD4-2,57580,62114,70453
SN1204_NDOGABABACAR,commune,SN-TC-TD3-2,28568,30996,35157
SN1204_NETTEBOULOU,commune,SN-TC-TD4-3,25992,28050,31816
SN1204_SINTHIOUMALEME,commune,SN-TC-TD2-2,29532,32888,37302
SN1204_TAMBACOUNDA,commune,SN-TC-TD1-1,149071,162602,184430
SN1301,departement,SN-TH-MB,935304,1015214,1120512
SN1301_DIASS,commune,SN-TH-MB5-2,41433,44763,49406
SN1301_FISSEL,commune,SN-TH-MB3-1,60654,64845,71570
SN1301_JOALFADIOUTH,commune,SN-TH-MB1-1,61582,68650,75771
SN1301_MALICOUNDA,commune,SN-TH-MB5-1,117590,128867,142233
SN1301_MBOUR,commune,SN-TH-MB2-1,284189,308385,340370
SN1301_NDIAGANIAO,commune,SN-TH-MB3-2,60654,64845,71570
SN1301_NGAPAROU,commune,SN-TH-MB5-5,13744,14886,16430
SN1301_NGUEKHOKH,commune,SN-TH-MB5-4,47964,52364,57795
SN1301_NGUENIENE,commune,SN-TH-MB4-1,48977,53068,58572
SN1301_POPENGUINE,commune,SN-TH-MB5-6,12743,13709,15131
SN1301_SALYPORTUDAL,commune,SN-TH-MB5-7,41811,45238,49930
SN1301_SANDIARA,commune,SN-TH-MB4-2,38333,41962,46314
SN1301_SESSENE,commune,SN-TH-MB4-3,31317,33782,37286
SN1301_SINDIA,commune,SN-TH-MB5-3,57056,63381,69955
SN1301_SOMONE,commune,SN-TH-MB5-8,8762,9334,10302
SN1301_THIADIAYE,commune,SN-TH-MB4-4,20168,20950,23123
SN1302,departement,SN-TH-TD,879186,932912,1029674
SN1302_DIENDERGUEDJI,commune,SN-TH-TD7-1,44358,47862,52826
SN1302_FANDENE,commune,SN-TH-TD7-2,47139,50788,56056
SN1302_KAYAR,commune,SN-TH-TD7-4,33273,35566,39255
SN1302_KEURMOUSSEUKEURMOUSSA,commune,SN-TH-TD7-3,61707,66294,73170
SN1302_KHOMBOLE,commune,SN-TH-TD3-1,20321,20400,22516
SN1302_NDIEYENESIRAKH,commune,SN-TH-TD6-1,37295,39024,43071
SN1302_NGOUDIANE,commune,SN-TH-TD6-2,33350,35767,39477
SN1302_NOTTO,commune,SN-TH-TD5-1,55967,60824,67133
SN1302_POUT,commune,SN-TH-TD4-1,29874,32242,35586
SN1302_TASSETTE,commune,SN-TH-TD5-2,26894,29789,32879
SN1302_THIENABA,commune,SN-TH-TD6-3,33918,36773,40587
SN1302_THIESEST,commune,SN-TH-TD2-1,166256,174738,192862
SN1302_THIESNORD,commune,SN-TH-TD1-1,136138,144251,159212
SN1302_THIESOUEST,commune,SN-TH-TD2-2,88859,92522,102119
SN1302_TOUBATOUL,commune,SN-TH-TD6-4,63837,66072,72925
SN1303,departement,SN-TH-TI,649189,703328,776277
SN1303_CHERIFLO,commune,SN-TH-TI6-1,28759,31295,34541
SN1303_DAROUKHOUDOSS,commune,SN-TH-TI3-3,104346,115474,127451
SN1303_KOUL,commune,SN-TH-TI4-1,32003,33634,37123
SN1303_MBAYENE,commune,SN-TH-TI5-1,10447,11735,12952
SN1303_MBORO,commune,SN-TH-TI3-4,40811,44194,48778
SN1303_MEKHE,commune,SN-TH-TI1-1,27566,28660,31633
SN1303_MEOUANE,commune,SN-TH-TI3-1,46289,49326,54442
SN1303_MERINADAKHAR,commune,SN-TH-TI4-2,39103,40846,45083
SN1303_MONTROLLAND,commune,SN-TH-TI6-2,17439,18375,20281
SN1303_NGANDIOUF,commune,SN-TH-TI5-2,33255,36366,40138
SN1303_NIAKHENE,commune,SN-TH-TI5-3,11295,12941,14283
SN1303_NOTTOGOUYEDIAMA,commune,SN-TH-TI6-3,34036,36908,40736
SN1303_PAMBAL,commune,SN-TH-TI6-5,10853,11640,12847
SN1303_PEKESSE,commune,SN-TH-TI4-3,26294,28726,31705
SN1303_PIREGOUREYE,commune,SN-TH-TI6-4,32685,35362,39030
SN1303_TAIBANDIAYE,commune,SN-TH-TI3-2,36721,39513,43611
SN1303_THILMAKHA,commune,SN-TH-TI5-4,14629,15717,17347
SN1303_TIVAOUANE,commune,SN-TH-TI2-1,102658,112616,124297
SN1401,departement,SN-ZG-BI,287500,303864,328499
SN1401_BALINGORE,commune,SN-ZG-BI4-1,5513,5827,6299
SN1401_BIGNONA,commune,SN-ZG-BI1-1,28642,30272,32726
SN1401_COUBALAN,commune,SN-ZG-BI5-1,12156,12848,13890
SN1401_DIEGOUNE,commune,SN-ZG-BI4-2,7534,7963,8608
SN1401_DIOULOULOU,commune,SN-ZG-BI6-4,8109,8571,9265
SN1401_DJIBIDIONE,commune,SN-ZG-BI3-1,8859,9363,10122
SN1401_DJINAKY,commune,SN-ZG-BI6-1,19580,20694,22372
SN1401_KAFOUNTINE,commune,SN-ZG-BI6-2,41590,43957,47521
SN1401_KARTHIACK,commune,SN-ZG-BI4-3,7962,8415,9097
SN1401_KATABAI,commune,SN-ZG-BI6-3,31996,33817,36559
SN1401_MANGAGOULACK,commune,SN-ZG-BI4-4,8503,8987,9716
SN1401_MLOMP,commune,SN-ZG-BI4-5,3128,3306,3574
SN1401_NIAMONE,commune,SN-ZG-BI5-2,8785,9285,10038
SN1401_OULAMPANE,commune,SN-ZG-BI3-2,14909,15758,17035
SN1401_OUONCK,commune,SN-ZG-BI5-3,10914,11535,12470
SN1401_SINDIAN,commune,SN-ZG-BI3-3,11676,12341,13341
SN1401_SUELLE,commune,SN-ZG-BI3-4,9174,9696,10482
SN1401_TENGHORY,commune,SN-ZG-BI5-4,39509,41758,45143
SN1401_THIONKESSYL,commune,SN-ZG-BI2-1,8961,9471,10239
SN1402,departement,SN-ZG-OU,54567,57673,62349
SN1402_DIEMBERING,commune,SN-ZG-OU2-1,25902,27376,29596
SN1402_MLOMP,commune,SN-ZG-OU3-1,11426,12076,13055
SN1402_OUKOUT,commune,SN-ZG-OU3-2,8493,8976,9704
SN1402_OUSSOUYE,commune,SN-ZG-OU1-1,5705,6030,6519
SN1402_SANTHIABAMANJACQUE,commune,SN-ZG-OU2-2,3041,3214,3475
SN1403,departement,SN-ZG-ZD,275501,291182,314789
SN1403_ADEANE,commune,SN-ZG-ZD2-1,19728,20851,22541
SN1403_BOUTOUPACAMARACOUNDA,commune,SN-ZG-ZD2-2,8682,9176,9920
SN1403_ENAMPORE,commune,SN-ZG-ZD3-1,4877,5155,5572
SN1403_NIAGUIS,commune,SN-ZG-ZD2-3,21671,22904,24761
SN1403_NYASSIA,commune,SN-ZG-ZD3-2,5669,5992,6477
SN1403_ZIGUINCHOR,commune,SN-ZG-ZD1-1,214874,227104,245516
