phase,domaine,n_eof,k_significatifs,silhouette_max,p_holm_min,k_retenu
Phase_1_debut,tropical,5,[],0.25,1.0,
Phase_1_debut,tropical,10,[],0.183,1.0,
Phase_1_debut,tropical,20,[],0.138,1.0,
Phase_1_debut,global,5,[],0.243,1.0,
Phase_1_debut,global,10,[],0.171,1.0,
Phase_1_debut,global,20,[],0.109,1.0,
Phase_2_pleine,tropical,5,[2],0.368,0.035,2.0
Phase_2_pleine,tropical,10,[2],0.318,0.035,2.0
Phase_2_pleine,tropical,20,[2],0.27,0.035,2.0
Phase_2_pleine,global,5,[],0.242,0.4879,
Phase_2_pleine,global,10,[],0.146,1.0,
Phase_2_pleine,global,20,[],0.1,1.0,
Phase_3_fin,tropical,5,[],0.326,0.2786,
Phase_3_fin,tropical,10,[],0.251,0.5572,
Phase_3_fin,tropical,20,[],0.194,0.6615,
Phase_3_fin,global,5,[],0.292,0.2093,
Phase_3_fin,global,10,[],0.202,0.5222,
Phase_3_fin,global,20,[],0.145,1.0,
Toutes_phases,tropical,5,"[5, 6, 7, 8]",0.266,0.035,5.0
Toutes_phases,tropical,10,"[4, 6]",0.205,0.035,4.0
Toutes_phases,tropical,20,"[3, 4, 5, 6]",0.168,0.035,3.0
Toutes_phases,global,5,[5],0.231,0.035,5.0
Toutes_phases,global,10,[5],0.17,0.035,5.0
Toutes_phases,global,20,[],0.13,0.07,
